Question,Answer,File
“When was the Consumer Protection Act 2019 enacted? Is the Consumer Protection Act 1986 still valid?”,"“The Consumer Protection Act 2019 was notified on August 9, 2019. However, it came into effect on July 20, 2020. This Act replaced the Consumer Protection Act 1986 to address the contemporary issues faced by consumers and to streamline the consumer grievance redressal process in India. 

The Consumer Protection Act 1986 was the first significant legislation in India aimed at protecting consumer interests. It provided for the establishment of consumer councils and other authorities for the settlement of consumers' disputes and for matters connected therewith. It has now been repealed by the Consumer Protection Act 2019. Under Section 107(2) of the Consumer Protection Act 2019, all disputes arising out of the previous act shall now be governed by the new act.”

—",General
“What are the main features of the Consumer Protection Act 2019?”,"“The Consumer Protection Act 2019 retains several provisions from the older legislation but introduces numerous new measures to strengthen consumer rights and provide a comprehensive framework for consumer protection. Here are the main features of the Act:
Inclusion of E-commerce and Direct Selling Transactions: The Act now covers transactions conducted through e-commerce platforms and direct selling. This ensures that consumers engaging in online and direct sales are protected under the law.
Establishment of Central Consumer Protection Authority (CCPA): A key feature of the new Act is the establishment of the Central Consumer Protection Authority (CCPA). The CCPA has been empowered to regulate matters relating to the violation of consumer rights, unfair trade practices, and misleading advertisements. It can take suo-moto actions, recall products, and initiate class actions.
Strict Norms for Misleading Advertisements: The Act imposes strict regulations on misleading advertisements. It holds manufacturers, service providers, and endorsers accountable for false claims and deceptive marketing practices, thus protecting consumers from being misled.
Product Liability: The new Act introduces stringent norms for product liability, making manufacturers, sellers, and service providers responsible for any harm caused by defective products or deficient services. This ensures that consumers can seek compensation for any damage or injury.
Enhancement in Pecuniary Jurisdiction: The Act has increased the pecuniary jurisdiction of consumer courts. This means that the monetary limit for cases that can be handled by District Consumer Disputes Redressal Commission (DCDRC), State, and National Consumer Disputes Redressal Commission (NCDRC) has been raised, allowing more significant claims to be addressed at each level.
Greater Ease in Dispute Resolution: The Act aims to simplify and expedite the dispute resolution process. It promotes the resolution of consumer disputes through mediation, offering an alternative to the traditional court process. This makes it easier and faster for consumers to settle their grievances.
Addition of Unfair Trade Practice Clauses: The Act has expanded the definition of unfair trade practices to include unfair contracts. This ensures that any terms in a contract that are biased against the consumer or are excessively one-sided can be challenged and declared null and void.
E-filing of Complaints: Consumers can now file complaints electronically, making the process more accessible and convenient. This is particularly beneficial for those who may not be able to physically visit consumer courts.
Mediation as an Alternate Dispute Resolution: The introduction of mediation as an alternate dispute resolution mechanism provides a more amicable and less adversarial way of resolving consumer disputes. This helps in reducing the burden on consumer courts and provides quicker resolutions.”
—",General
“Who is a Consumer?”,"“Under the Consumer Protection Act 2019, a consumer is defined comprehensively to include individuals engaging in various types of transactions. Here's an expanded explanation:
Definition of a Consumer:
General Definition:
A person who buys any goods: This includes anyone who purchases goods for consideration (payment), whether the payment is made upfront, promised, partly paid, or deferred. The definition also extends to users who use the goods with the buyer's approval and beneficiaries of services.
Hires or avails any services: Similar to the purchase of goods, this includes individuals who hire or use services for consideration, whether the payment is made, promised, partly paid, or deferred.
Inclusion of Various Transaction Modes:
The Consumer Protection Act 2019 explicitly includes both offline and online transactions. This encompasses purchases made through electronic means such as websites and mobile apps, as well as teleshopping, direct selling, and multi-level marketing.
Personal Use Criterion:
To qualify as a consumer under the Act, the goods or services must be bought for personal use and not for commercial purposes like manufacturing or resale. This distinction ensures that the Act primarily protects individuals who are end-users of products and services, rather than businesses engaged in commercial activities.
Examples of a Consumer:
Individual Purchaser: Someone who buys a refrigerator for use in their home.
Service User: A person who subscribes to an internet service for personal use.
Online Shopper: An individual who purchases clothing from an e-commerce website.
Teleshopping Buyer: Someone who orders a fitness equipment via a teleshopping channel.
Direct Selling: A person who buys skincare products directly from a company representative.
Multi-Level Marketing: An individual purchasing wellness products through a multi-level marketing scheme for personal use.”
—",General
“Who is not a consumer?”,"“A consumer is defined as someone who buys goods or avails services for personal use and not for commercial purposes. However, certain categories of people are explicitly excluded from this definition. Here are the main exclusions:
A person who obtains goods free of charge: If an individual receives goods without any payment, they are not considered a consumer under the Act. This means they cannot seek remedies under consumer protection laws for issues related to those goods.
A person who avails services free of charge: If someone uses services without paying for them, they do not fall under the definition of a consumer. Consequently, they cannot file complaints or seek redressal for any grievances related to those services. However, if services are provided for free along with a product, you can argue that since you paid for the product, those services should be included in a product liability claim.
A person who avails services for any commercial purposes: Those who use services for commercial purposes, such as in their business operations, are also excluded from the definition of a consumer. The protection offered by the Act is intended for personal, not business, use.
A person who avails services under a contract of service: Individuals who receive services as part of a contract of service, such as employees receiving services from their employers, are not considered consumers. These situations are typically governed by employment laws rather than consumer protection laws.
Clarification on commercial purposes: It is important to note that the Act specifies an exception to the exclusion for commercial purposes. If a person buys and uses goods exclusively for the purpose of earning their livelihood through self-employment, they are still considered a consumer. This means that small business owners, artisans, or individuals using goods for personal business activities to sustain their livelihood are protected under the Act.”
—",General
“Are individuals who purchase goods and resell them classified as consumers?”,"“ Individuals or entities who purchase goods to resell them or use them for commercial purposes are not classified as consumers. Consumer specifically refers to end-users who purchase goods or services for personal consumption or use, not for commercial gain through resale or business operations.”

—",General
“What are goods?”,"“Goods refer to every kind of movable property. This definition encompasses all items that can be physically moved, regardless of their nature or purpose. Additionally, ""goods"" explicitly include ""food"" as defined in clause (j) of sub-section (1) of section 3 of the Food Safety and Standards Act, 2006. This means that all consumable items classified as food under this Act are also considered goods. However, immovable items such as property are not covered under goods”
_",General
"“What is deficiency under the Consumer Protection Act, 2019?”","“Deficiency"" under the Consumer Protection Act refers to any fault, imperfection, shortcoming, or inadequacy in the quality, nature, and manner of performance that a person is required to maintain by law or has undertaken to perform in relation to any service. This includes:
Negligence or Omission: Any act of negligence, omission, or commission by the service provider that causes loss or injury to the consumer.
Withholding Information: Deliberate withholding of relevant information by the service provider to the consumer.
Explanation: Whenever there is a deficiency in services, the customer is taken advantage of, leading to financial loss. Any form of negligence, omission, or wrongful act can result in harm to consumers.
Section 2(11) of the Consumer Protection Act, 2019: This section defines ""deficiency in service"" in a similar manner. It states that any fault, imperfection, shortcoming, or inadequacy in the quality, nature, and manner of performance that is required to be maintained by law or as per a contract is considered a deficiency. This includes any act of negligence, omission, commission, or deliberate withholding of relevant information by the service provider to the consumer.
Applicable Sectors: Deficiency of service can occur in any buyer-seller relationship and spans across various sectors including legal aid, banks, railways, construction, transportation, education, electricity, entertainment, restaurants, and hospitality.
In summary, a deficiency in service involves any failure to meet the required standards or contractual obligations, causing harm or loss to the consumer.”
—",General
“What is an unfair contract?”,"“An unfair contract refers to a contract between a manufacturer, trader, or service provider and a consumer that contains terms causing a significant change in the consumer's rights. These terms include:
a. Excessive Security Deposits: Requiring consumers to provide manifestly excessive security deposits for the performance of contractual obligations.
b. Disproportionate Penalties: Imposing penalties on consumers for breach of contract that are wholly disproportionate to the loss incurred by the other party.
c. Refusal of Early Repayment: Refusing to accept early repayment of debts even when the consumer is willing to pay the applicable penalty.
d. Unilateral Termination: Entitling one party to terminate the contract unilaterally without a reasonable cause.
e. Detrimental Assignment: Permitting one party to assign the contract to the detriment of the consumer without the consumer's consent.
f. Unreasonable Charges or Conditions: Imposing any unreasonable charge, obligation, or condition on the consumer that puts them at a disadvantage.
In summary, an unfair contract contains terms that significantly disadvantage the consumer, either through excessive demands, disproportionate penalties, or unbalanced rights and obligations.”
_",General
"“What are the unfair trade practices under the Consumer Protection Act, 2019?”","“The Consumer Protection Act, 2019, prohibits various unfair trade practices, including:
False or Misleading Advertisements: Advertising goods or services with false or misleading claims.
Selling Defective or Unfit Goods: Selling goods that are defective or unfit for their intended purpose.
Excessive Pricing: Charging excessively high prices for goods or services.
Refusal to Refund or Replace: Refusing to refund money or replace defective goods as per the terms of sale or service.
Coercion: Using coercion, undue influence, or pressure to compel consumers to purchase goods or services.
Unfair Contract Terms: Including unfair terms and conditions in contracts with consumers.
These practices are deemed unfair as they exploit consumers and violate their rights, as outlined in the Consumer Protection Act, 2019.”
—",General
“What is a misleading advertisement ?”,"“A misleading advertisement, concerning any product or service, is one that:
Falsely describes the product or service,
Provides false guarantees or is likely to mislead consumers regarding its nature, substance, quantity, or quality,
Conveys explicit or implicit representations that, if made by the manufacturer, seller, or service provider, would be considered unfair trade practices, or
Intentionally hides significant information.” 
—",General
“What is e-commerce?”,"“E-commerce, as defined under the Consumer Protection Act 2019, refers to the buying or selling of goods or services, including digital products, over a digital or electronic network. This includes transactions conducted through online platforms, websites, mobile apps, or other electronic means where goods or services are exchanged electronically.”
_",General
“What is an e-commerce entity”,"“An ""e-commerce entity"" refers to any individual who owns, operates, or manages a digital or electronic platform for electronic commerce. However, this term does not encompass a seller who offers goods or services for sale on a marketplace operated by an e-commerce entity.” 
—",General
“What is product liability?”,"“Product liability refers to the responsibility of a product manufacturer or seller to compensate a consumer for any harm caused by a defective product or deficiency in services related to the product. This means that if a product is faulty or does not meet the expected standards, and this results in harm to a consumer, the manufacturer or seller is liable to provide compensation. Product liability ensures that consumers are protected from unsafe or substandard products and have recourse if they suffer harm as a result of using them.”
—",General
“ What is product liability action?”,"“A ""product liability action"" refers to a complaint lodged by an individual before a District Consumer Disputes Redressal Commission (DCDRC), State Commission, or National Consumer Disputes Redressal Commission (NCDRC), seeking compensation for harm suffered. To initiate such action, the consumer must demonstrate that the harm resulted from a ""defective product or service"" purchased by them.” 
—",General
"“What is harm under the Consumer Protection Act, 2019?”","""Harm in the context of product liability includes:
Damage to Property: This refers to any damage caused to property other than the product itself. For example, if a faulty electronic device causes a fire that damages a house, this would be considered harm.
Personal Injury, Illness, or Death: Harm also includes any personal injury, illness, or death caused by a defective product. For instance, if a toy contains hazardous materials that harm a child, this would be considered harm.
Mental Agony or Emotional Distress: This refers to the mental anguish or emotional distress experienced as a result of personal injury, illness, or damage to property caused by a defective product.
Loss of Consortium or Services: Harm also includes any loss of consortium (companionship or support) or services resulting from the harm caused by a defective product.
Exclusions: Harm does not include harm caused to the product itself or damage to property due to breach of warranty conditions. It also does not include any commercial or economic loss, including direct, incidental, or consequential loss relating to the harm.”
_",General
“Who is a product seller ?”,"“A product seller is a person engaged in the business of importing, selling, distributing, leasing, installing, preparing, packaging, labelling, marketing, repairing, maintaining, or otherwise commercially placing a product. This includes:
- Manufacturers who also sell products,
- Service providers, excluding:
 Sellers of immovable property, except those engaged in selling constructed houses or constructing homes or flats,
Providers of professional services where the sale or use of a product is incidental, with the essence of the transaction being the provision of opinion, skill, or services,
Persons who:
Solely act in a financial capacity regarding the product sale,
Are not manufacturers, wholesalers, distributors, retailers, direct sellers, or electronic service providers,
Lease a product without having a reasonable opportunity to inspect for defects, under a lease arrangement where selection, possession, maintenance, and operation are controlled by someone other than the lessor.” 
—",General
“What are the Consumer Dispute Redressal Agencies?”,"“ Consumer Disputes Redressal Agencies, established under the Consumer Protection Act, are quasi-judicial bodies offering prompt and affordable resolution to consumer grievances. They operate at three levels: District Consumer Disputes Redressal Commission (DCDRC), State, and National Consumer Disputes Redressal Commission (NCDRC), known respectively as District Consumer Disputes Redressal Commission (DCDRC), State Consumer Disputes Redressal Commission (SCDRC), and National Consumer Disputes Redressal Commission (NCDRC).” 
_",General
“What is CCPA?”,"“CCPA stands for the Central Consumer Protection Authority. It is an institution established by the Central Government under the provisions of the Consumer Protection Act to regulate various aspects related to consumer rights and protection. The CCPA has been granted powers to:
Regulate Matters: The CCPA regulates matters pertaining to the violation of consumer rights, unfair trade practices, and false or misleading advertisements that are detrimental to the interests of the public and consumers.
Protect Consumer Rights: The primary objective of the CCPA is to promote, protect, and enforce the rights of consumers as a collective class. This includes safeguarding consumers against deceptive practices, ensuring fair treatment, and upholding their rights in commercial transactions.A complaint about violations of consumer rights, unfair trade practices, or misleading advertisements can be made to the District Collector, Commissioner of a regional office, or the Central Authority. Grievances Against Misleading Advertisements (GAMA) - You can register a complaint along with a copy / video / audio of such advertisement through the web portal of the GOI at http://gama.gov.in to bring it to the notice of the Government” 
Consumers with individual grievances cannot approach the CCPA for addressing consumer grievances as it is only a regulatory authority. 
—",General
“Can a person buying goods or services for a business purpose make a complaint ?”,"“ Under the Consumer Protection Act of 2019, individuals purchasing goods or services for business purposes cannot file complaints unless they are buying goods or using services solely for the purpose of self-employment for their livelihood. 
Any goods purchased in the course of business on behalf of their employer or company in which they have an interest, would not be covered under consumer protection. Similarly, any goods or services purchased in pursuit of a principal client relationship on behalf of a business would also not be covered by consumer protection. For example, if a person buys 10 laptops from a manufacturer on behalf of his company or place of work, that would be buying goods for a business purpose. Any issue arising out of this purchase will not be covered under the Consumer Protection Act, 2019.
However, if the goods or services are purchased in the course of self-employment for pursuit of livelihood, consumer protection law will apply to the goods and/or services purchased. For example, a self-employed carpenter purchasing a drill for his work would be able to make use of consumer protection law with respect to his purchase of the drill.”
—",General
“Can someone availing of public services make a complaint against the government under Consumer Protection Act?”,"When the government provides services as a public authority, such as delivering public services to all citizens, no claims can be made under consumer protection law. This is because the government is not considered a seller or service provider in these cases. For example, a person cannot use consumer protection laws to address issues like delayed Income Tax refunds or dissatisfaction with the work of a municipal authority.
However, if services or goods are provided by a government-owned entity and a fee is paid for these services or goods, then consumer protection laws can apply. In such cases, the government-owned entity acts as a seller or service provider. For example, if someone has paid for services like railway tickets or purchased goods from a government-run shop, they can file a complaint under consumer protection law for any deficiencies or issues with the service or goods provided.
—",General
“Can I claim compensation if the product itself is damaged?”,"“ No, compensation cannot be claimed solely for damage to the product itself under product liability.” 
—",General
"“Who can be liable in a product liability action?”
You can file a product liability claim against various parties involved in the supply chain, including:
Manufacturer: The entity responsible for producing the product.
Product Service Provider: Any entity that provides a service related to the product, such as installation or maintenance.
Product Seller: The entity that sells the product to consumers.
Depending on the circumstances of the case, you may choose to hold one or more of these parties responsible for any harm caused by the product.”
—
Question: “What grounds can I claim compensation for the product manufacturer?","“You can claim compensation from a product manufacturer if, in a product liability action under Section 84 of the Consumer Protection Act, 2019:

1. The product has:
   a. A manufacturing defect,
   b. A design defect,
   c. Deviation from manufacturing specifications,
   d. Failed to conform to the express warranty, or
   e. Lacked adequate instructions or warnings regarding proper usage to prevent harm or misuse.

2. The manufacturer can still be held liable in a product liability action even if they prove they were not negligent or fraudulent in providing an express warranty for the product.”
—",General
“ What grounds can I claim compensation for a product service provider?”,"“A product service provider can be held liable in a product liability action if:
a. Faulty, Imperfect, or Deficient Service: The service provided was faulty, imperfect, deficient, or inadequate in quality, nature, or manner of performance as required by law, contract, or otherwise.
b. Act of Omission, Commission, or Negligence: The service provider committed an act of omission, commission, negligence, or consciously withheld information that caused harm.
c. Failure to Provide Adequate Instructions or Warnings: The service provider did not issue adequate instructions or warnings to prevent harm.
d. Non-Conformity to Express Warranty or Contract Terms: The service did not conform to express warranty or the terms and conditions of the contract.
In these situations, the product service provider can be held liable for any harm caused to the consumer.”
—",General
“ When can I claim compensation from the seller?”,"“ You can claim compensation from a seller who is not the manufacturer in a product liability action if:
The seller exercised substantial control over the designing, testing, manufacturing, packaging, or labeling of the product that caused harm.
The seller altered or modified the product, and such alteration or modification was a substantial factor in causing harm.
 The seller provided an express warranty for the product independent of any warranty made by the manufacturer, and the product failed to meet the seller's warranty, resulting in harm.
The product was sold by the seller, but the identity of the manufacturer is unknown, or if known, legal processes cannot be served against them.
The seller is not subject to Indian law, or any orders passed cannot be enforced against them.
The seller failed to exercise reasonable care in assembling, inspecting, or maintaining the product, or failed to provide warnings or instructions from the manufacturer regarding product dangers or proper usage, and this failure directly caused harm.” 
—",General
“What are the defences available to a defendant in a product liability action?”,"“In a product liability action, the following defences may be available to the defendant:
Non-Consumer Status: The complainant is not considered a 'consumer' under the Consumer Protection Act 2019, meaning they obtained the goods for resale or commercial purposes, or received the product free of charge.
Misuse, Alteration, or Modification: The product was misused, altered, or modified by the consumer, which contributed to the harm.
Obvious or Commonly Known Danger: The danger posed by the product is obvious or commonly known to the user or consumer, or should have been known considering the characteristics of the product.
Warnings or Instructions: The product manufacturer provided warnings or instructions to the employer of the consumer, and the harm resulted from the employer's use of the product.
Component of End Product: The product was sold as a component of an end product, and necessary warnings or instructions were provided by the manufacturer, but the harm was caused by the end product's use.
Expert Supervision: The product was legally meant to be used or dispensed only by or under the supervision of an expert, and the manufacturer provided reasonable warnings or instructions to such expert or class of experts.
Consumer's State While Using the Product: The consumer was under the influence of alcohol or a prescription drug not prescribed by a medical practitioner while using the product.
Lack of Harm: Even if the product was defective, it did not cause any harm to the consumer who used it.”",General
“ Under what conditions is a “marketplace” responsible for product liability?”,"“ A ""marketplace"" is generally not responsible for product liability issues if it merely offers a platform for buying and selling products. However, according to the CPA 2019, a marketplace may be liable in a product liability claim if it provides extra services or functions as a product manufacturer or service provider. Examples include situations where the marketplace:
a) Offers its own separate warranty for a product,
b) Provides additional services, such as installation, for a product.”
—",General
“Who is responsible if several parties are involved in the manufacturing of a product?”,"“ In cases involving multiple manufacturers, liability is determined by the commission on a case-by-case basis. Factors considered include which component caused the defect and whether proper instructions or warnings were provided. This is especially relevant for products like home appliances and automobiles with parts from different manufacturers. Courts have attempted to identify the responsible party in past cases with multiple parties involved. If assigning liability to a single party is not possible, all involved parties may be held jointly and severally liable.”
—",General
“Who can be held liable for a misleading advertisement?”,"“Any of the following parties can be held liable for a misleading advertisement:
Manufacturers: The producers of the product being advertised.
Traders: Individuals or businesses involved in the sale and distribution of the product.
Advertising Agencies: Agencies responsible for creating and promoting the advertisement.
Celebrity Endorsers: Celebrities or public figures who endorse and promote the product.
Publishers: Media outlets and platforms that disseminate the advertisement to the public.
These parties can be held accountable for any false claims, deceptive practices, or misleading information presented in advertisements.”
—",General
“What is the penalty for someone found guilty of the offence of misleading advertisement?”,"“For the offence of misleading advertisement, if found detrimental to consumer interests, the Central Authority can levy a penalty of up to Rs. 10,00,000 (Rupees Ten Lakhs) on the manufacturer, escalating to Rs. 50,00,000 (Rupees Fifty Lakhs) for subsequent violations. Moreover, under the Consumer Protection Act 2019, manufacturing or service providers engaging in false advertising can face imprisonment for up to 2 years, extending to 5 years for repeat offences.
Similarly, the Central Authority can impose a penalty of up to Rs. 10,00,000 (Rupees Ten Lakhs) on the endorser if the misleading advertisement harms consumer interests. Additionally, the endorser may be barred from endorsing the specific product or service for up to one year, which could extend to three years for subsequent violations. However, endorsers exercising due diligence to verify the advertisement's claims regarding the endorsed product or service are not liable to penalties.
— 
——",General
"“Before resorting to litigation, is there any process that can be pursued in order to claim compensation?”","“Yes, before resorting to litigation, an aggrieved individual can take the following steps to claim compensation:
Send a Notice: The individual can send a formal notice to the service provider or seller. This notice should detail:
The defects in the goods or services or the deficiencies in the service
The individual's intention to pursue legal action if the service provider fails to offer compensation
This step allows the service provider an opportunity to rectify the issue or offer compensation, potentially resolving the dispute without the need for litigation.”
_",General
“How do I get my consumer grievances addressed?”,"“To address your consumer grievance, you have a few options. You can:

Directly send a notice to the product seller or service provider.
Call the National Consumer Helpline at 1800-11-4000 or 1915, available all days except national holidays, from 8:00 AM to 8:00 PM.
Send an SMS to 8800001915, and they will get back to you.
Other helpline numbers are - 011 - 2430 - 5702, 011 - 2430 - 5703, 011 - 2430 - 5728, 011 - 2430 - 5752, 011 - 2430 - 5766
Register your grievance online at https://consumerhelpline.gov.in/user/signup.php.
Register your grievance through the NCH APP or UMANG APP on your mobile phone.
Register your grievance via WhatsApp at https://api.whatsapp.com/send/?phone=918800001915&text&type=phone_number&app_absent=0.
The new platform is e-Jagriti, where users can file complaints online.The link is https://e-jagriti.gov.in/ 

—",General
“How can I contact a state consumer helpline?”,"“The state helpline numbers for any consumer grievance related assistance is below:
Andhra Pradesh - 0866 2551431

Arunachal Pradesh - 1800-345-3601

Assam - 1800-345-3611

Bihar - 1800-345-6188

Chhattisgarh - 1800-233-3663

Delhi - 011-23379266

Goa - 0832-2222466

Gujarat - 1800-233-0222

Haryana - 1800-180-2087

Himachal Pradesh - 0177-2620797

Karnataka -  080-22355065

Kerala - 0471-2725157

Madhya Pradesh - 0755-2553722, 2763673

Maharashtra - 1800-22-2262

Meghalaya - 1967 or 1800-345-36870

Mizoram -  1800-354-3891

Odisha - 1800-345-6724 / 6760

Rajasthan - 1800-180-6030

Sikkim - 1800-345-3209/203-951

Tamil Nadu - 044-2859-2828

Telangana - 040-23394399

Uttarakhand - 0135-3510041
West Bengal - 1800-345-2802”
—",General
“What is the address or contact information of state consumer commissions in India?”,"“The different state consumer commissions address is as below:
Andhra Pradesh -1 st Floor, Sai Towers, Beside SIRIS Company, Ashok Nagar, Kanuru, Vijayawada – 520 007
Arunachal Pradesh -State Consumer Disputes Redressal Commission, Near Pawan Hans Office, (Old Secretariat Complex), Naharlagun, ITANAGAR
Assam -Housefed Complex, Central Block, 5th Floor,Guwahati – 781 006
Bihar- State Consumer Disputes Redressal Commission, R – Block, Road No.2, Daroga Prasad Rai Path,PATNA – 800 001
Chhattisgarh- State Consumer Disputes Redressal Commission,Behind Bus Stand (Old Bus Depot No.1 Complex)Pandri,RAIPUR - 492 004
Delhi- State Consumer Disputes Redressal Commission A-Block, First Floor, Vikas Bhavan, I.P. Estate, New Delhi-110002
Goa- Goa State Consumer Disputes Redressal Commission, 1st lift, 4th floor, Junta House, Panaji Goa- 403001
Gujarat- Consumer Disputes Redressal Commission, 'Grahak Bhavan' Nr. Gota Cross Road, S.G. Highway, Ahmedabad -380 060
Haryana- Bays No. 3 - 6, Sector – 4, Panchkula – 134 109 (Haryana)
Himachal Pradesh- S. D. A. Complex, Block No. 33, Shimla -171009
Jammu & Kashmir- 3, Manda Hill, Rehari, Jammu Tawi, Jammu & Kashmir
Jharkhand- State Consumer Disputes Redressal Commission, Near High Court, Doranda Bazar, Doranda, RANCHI – 834 002.
Karnataka- Basava Bhavana, High Grounds,Bengaluru-560001
Kerala - State Consumer Disputes Redressal Commission Kerala, isuvihar Lane, Vazhuthacaud, Thiruvananthapuram-695010.
Madhya Pradesh- M.P.State Consumer Disputes Redressal Commission Plot no.76, Arera Hills, Bhopal PIN-462011
Maharashtra- Head Office - Old Secretariat Building, Ground Floor,   Near Jahagir Art Gallery M. G. Road, Behind Elphiston College, Mumbai – 400 032
Manipur- Old Assembly Complex, Imphal, West District, Manipur - 795 001
Meghalaya- Commission Meghalaya, Horse Shoe Building, Lower Luchumiere, Shillong. District: East Khasi Hills - 793001
Mizoram-  room no. 228, second floor, building no. 2. Mizoram secretariat, New capital complex (MINECO) khatla, Aizawl, Mizoram
Nagaland- Nagaland State Consumer Disputes Redressal Commission,Directorate of Legal Metrology & Consumer Protection
Odisha- Cuttack, C.D.A sector, 1, near sati Choura chowk, bidanasi, Cuttack-753014
Punjab- Plot No. 1037, Sector – 37A,Chandigarh – 160 036
Rajasthan- handloom haveli, Ashok marg, c- scheme , jaipur -302001
Sikkim- ATTI Building,Kazi Road,Gangtok,East Sikkim
Tamil Nadu- Chennai , TNPSC road, park town Chennai -600 003
Telangana- Eruvaka Building, Khairatabad, Hyderabad – 500 004.
Tripura- P. N. Complex, Gurkhabasti, Agartala West Tripura, - 799006
Uttar Pradesh- C – 1, Vikrant Block – 1, Near Shaheed Path, Gomati Nagar, - 226 010
Uttarakhand- 23/16, Circular Road,Dalanwala, Dehradun- 248 001
West Bengal- Ground Floor,11A, Mirza Ghalib Street,Kolkata - 700087”

—",General
“What are the other remedies available for consumers for harm caused to them?”,"“In addition to filing a complaint before the Consumer Commission, consumers have the option to seek remedies through sectoral regulators. Depending on the sector, consumers can approach the following bodies:
Airlines: Director General of Civil Aviation’s Air Sewa Portal (https://airsewa.gov.in/grievance/grievance-redressal)
Banking: RBI Banking Ombudsman (https://rbi.org.in/Scripts/Complaints.aspx)
Broadband & Internet: Telecom Consumer Complaints Monitoring System (TCCMS) (https://tccms.trai.gov.in/Queries.aspx?cid=1)
Bureau of Indian Standards (BIS): For complaints related to standards of products.
Drugs and Cosmetics: Drug Controller General of India (https://cdsco.gov.in/opencms/opencms/en/About-us/who/)
DTH & Cable Services: Email to ibf@ibfindia.com for general issues and ibf@ibfindia.com for content issues.
Electricity Services: Each state has its regulatory authority. For a list of these, visit https://jercjkl.nic.in/otherjercandserc.html
Financial Services: RBI Banking Ombudsman (https://rbi.org.in/Scripts/Complaints.aspx)
Food and PDS Schemes: https://www.fssai.gov.in/cms/grievance.php
Grievances Against Misleading Advertisements (GAMA): Register a complaint along with a copy/video/audio of the advertisement through the web portal of the Government of India at http://gama.gov.in
Insurance: Use the Bima Bharosa system on the IRDAI Portal (https://bimabharosa.irdai.gov.in/) for registering and monitoring complaints. Email complaints can be sent to complaints@irdai.gov.in. Toll-Free No.: 155255 or 1800 4254 732.
Legal Metrology: Lodge a complaint with the District Legal Metrology Officer or the Commissioner of the respective states. For more information, visit http://consumeraffairs.nic.in/forms/contentpage.aspx?lid=639
Non-Banking Financial Companies (NBFCs): RBI Banking Ombudsman (https://rbi.org.in/Scripts/Complaints.aspx)
Pension Funds: Central Pension Accounting Office (https://cpao.nic.in/grievance_sql/Grievance_form_all.php)
Telecom: Telecom Consumer Complaints Monitoring System (TCCMS) (https://tccms.trai.gov.in/Queries.aspx?cid=1)
Consumers can explore these avenues to seek redressal for grievances related to specific sectors.”
—",General
“Can I file a consumer complaint using my phone?”,"“Yes, you can file a consumer complaint online using your phone. One way to do this is by using the UMANG App, which is the National Consumer Helpline’s (NCH) application. Here's how you can file a complaint using the UMANG App:
Download UMANG App: Visit the Google Play Store or the Apple App Store and download the UMANG App.
Log In or Sign Up: Log in if you already have an account, or sign up for a new one.
Search for National Consumer Helpline: In the All Services section of the app, search for the National Consumer Helpline.
Register Grievance: Press the Register Grievance button.
Provide Details: Provide information such as the state and city where the product was purchased, the industry, the firm name, and a description of the grievance.
Submit Complaint: Submit your complaint through the app.
Please note that the process may vary slightly based on the specific features and interface of the UMANG App.”
—",General
“What is the pecuniary Jurisdiction of the Consumer commissions in India ?”,"“The pecuniary jurisdiction of each level of the Consumer Commissions in India varies according to the total value of good or services along with the value of the claimed compensation:
District Consumer Disputes Redressal Commission (DCDRC): Handles cases where the total value claimed (i.e. total value of goods or services + value of compensation claimed) does not exceed fifty lakh rupees (₹50,00,000).
State Consumer Disputes Redressal Commission (SCDRC): Handles cases where the total value claimed exceeds fifty lakh rupees (₹50,00,000), but does not exceed two crore rupees (₹2,00,00,000).
National Consumer Disputes Redressal Commission (NCDRC): Handles cases where the value of the goods or services along with the compensation claimed exceeds two crore rupees (₹2,00,00,000).
These jurisdictional thresholds ensure that consumer grievances are addressed efficiently at the appropriate level.” 
—",General
“ Where can a consumer case be filed ?”,"“ A complaint must be filed in the District Consumer Disputes Redressal Commission (DCDRC) within whose local limits of jurisdiction one of the following applies:
The place of business or residence of the opposite party
The place of business or residence of the complainant
Where the cause of action, wholly or partially, arises”
—",General
“ ​​Who can make a complaint?”,"“A complaint can be made by various parties under the Consumer Protection Act. These include:
A Consumer: Any individual who has purchased goods or services for personal use.
Registered Voluntary Consumer Associations: Any consumer association registered under existing laws.
Central or State Government: Both levels of government can file complaints on behalf of consumers.
The Central Authority: The Central Consumer Protection Authority can initiate complaints to protect consumer rights.
Multiple Consumers (Class Action): Groups of consumers with the same interest can file a complaint collectively, with the permission of the consumer commission.
Legal Heirs or Representatives: In case of a consumer's death, their legal heir or representative can file a complaint.
Parents or Legal Guardians: For a minor consumer, their parent or legal guardian can file a complaint.
These provisions ensure that consumer grievances can be addressed effectively by allowing various representatives to seek redressal.”
—",General
“What is the procedure to file a complaint before the consumer commission?”,"“To file a complaint before the Consumer Commission, follow these steps:
Writing the Complaint:
The complaint should be in writing and contain all relevant details.
Specify the aggrieved consumer's details, the service provider or manufacturer's details, and the facts of the matter.
Clearly state the remedy sought.
Filing the Complaint:
Complaints can be filed in person or through an agent.
They can also be sent by registered post along with the required court fee.
Complaints can be filed online at the eJagriti portal: https://ejagriti.gov.in/.
Submission of Copies:
Normally, three copies of the complaint are required.
One copy is retained for official purposes, one is forwarded to the opposite party, and one is for the complainant.
If there are multiple opposite parties, more copies may be required.
Contents of the Complaint:
The complaint must contain all necessary details of the aggrieved consumer, the service provider, or manufacturer.
Include contact details, place of business, relevant facts of the matter, and the remedy sought.
Attach an affidavit signed and verified by the complainant.
Attach all other relevant documents, such as bill details, mode of payment, and guarantee or warranty cards.”
—",General
“What is the procedure to file a complaint in the eJagriti platform?”,"“ Following these steps will ensure that your complaint is filed correctly on the eJagriti platform.

Create an Account: If you don't have an account, register on the eJagriti portal at https://e-jagriti.gov.in/register.
Provide your Phone Number, Name, and a password for your eJagriti account. Confirm your password by entering it in the corresponding box, and then click ‘Role. Select ‘Consumer/Authorised Representative’. If you do not possess an Indian address and phone number, click on the ‘NRI’ check box at the top of the form.
Verify Phone Number/Email: Verify your phone number/email address by copying the six digit code sent to your registered email or phone number.
Verify Address: If you are not NRI, the portal will ask you for an address and ask you to upload an address proof. Please write down your address, select and upload a scanned copy of any government authorised address proof. 
Login: Use your credentials to log in to the portal.
Start New Case: Click on 'File a New Case' from the Filing dropdown menu and select 'Consumer Complaint'. Then click on the ‘NEXT’ button.
Enter Case Details in the respective boxes:
Paid as Consideration: the amount you have paid for a product or service
Claim Consideration: the amount you wish to claim as relief
Date of Cause of Action: enter the date where the issue first occurred or when it was first noticed
State of Cause of Action: enter the state where you wish to file the complaint
District of Cause of Action: enter the District where you wish to file the complaint
Case category: select the most appropriate category for your complaint
Click on the ‘NEXT’ button at the bottom
Enter Complainant and Opposite Party details in the respective boxes
Complainant details: enter the complainant name, and if you are not the complainant enter your relation to them and your name as the ‘Relative Name’
Enter the complainant mobile number and email address. Select if you/they fall under Senior citizen, widow, differently abled, or serious ailment categories
Enter address of the complainant
Enter the details of any advocate or legal representative whose services you are using, in case you have an advocate for this complaint
Enter the details of the Opposite part, similar to details of the complainant, including Address and Name of the business
Select the accurate State, and District for the address of the Opposite Party, and you may add any additional addresses as well
Select ‘NEXT’ option at the bottom of the form
Add details of any additional complainant parties in the “ADD ADDITIONAL COMPLAINANT” option. Clicking this option will drop down a fresh set of boxes for you to fill information. You may add as many additional complainants as necessary. If your complaint involves a ‘pro-forma’ complainant you may add their details here, under the “ADD PROFORMA COMPLAINANT DETAILS” option. Click ‘NEXT’ button at the bottom of the page once completed.
Add details of any additional Opposite Parties parties in the “ADD ADDITIONAL OPPOSITE PARTY” option. Clicking this option will drop down a fresh set of boxes for you to fill information. You may add as many additional complainants as necessary. If your complaint involves a ‘pro-forma’ complainant you may add their details here, under the “ADD PROFORMA OPPOSITE PARTY DETAILS” option. Click ‘NEXT’ button at the bottom of the page once completed.
Upload the required documents for filing your complaint. This includes the following documents:
Index: this is an index of all submitted documents
Proforma for filing consumer complaint: this is a copy of your filled our consumer complaint
Synopsis with List of Dates and Events: a summary of the facts of your complaint with a list of key dates relevant to the events of the complaint
Memo of Parties: a formatted document listing the parties involved in the complaint.
Consumer Complaint with Notarised Affidavit: a copy of your complaint, along with an affidavit attached, provided the affidavit has been authorised by a notary
Upload any other documents under the ‘ADD ANNEXURES / DOCUMENTS’ option
IA Documents: if you have any documents relating to an interim application (IA) you can upload them here.
Vakalatnama: upload a copy of the Vakalatnama hin this box. The Vakalatnama is a document where you have authorised your lawyer or legal representative to appear on your behalf for the matter
Select ‘NEXT’ option at the bottom of the screen
‘Your Case will be filed in District Commission’: select which District Commission you would like your complaint to be filed.
Before you do this, you may go back to the previous screens by clicking ‘PREVIOUS’ button on the bottom left of the page, and you may re-check all your documents to check that they are as required to you and for the Consumer Commission. If you do re-check the documents, you may once again reach this page as described in previous steps.
Click the box which says ‘I hereby declare that the information provided is true and correct’. Select ‘PREVIEW’ option at the bottom right of the page.
The page will show you the details and information included in your complaint. Check whether the details are all accurate and included as required. Once you are satisfied, you may click the ‘FINAL SUBMIT’ button at the bottom of the page.
You may now access the status of whether your complaint has been accepted by the Consumer Dispute Redressal Commission. You may do this by clicking on the ‘Pending’ button on the eJagriti dashboard page (https://e-jagriti.gov.in/consumer/dashboard)

—",General
“Can a consumer complaint be resolved through mediation?”,"“Yes, a consumer complaint can be resolved through mediation. The relevant consumer commission, either at the first hearing after admission or later stages, may refer the complaint to mediation with the written consent of the parties if they believe there is potential for settlement. Parties can also opt for mediation at any stage of the complaint. If the dispute remains unresolved through mediation, the consumer commission will proceed to hear the case. Successful mediation results in a written agreement of the terms, while partial settlements are recorded, and the remaining issues are heard by the Commission. If mediation is unsuccessful, the Commission will pass an appropriate order within seven days of receiving the settlement report. There is no fee required for mediation. No appeal is permissible after the settlement of a dispute through mediation.”",General
“ What are the contents of a consumer complaint particulars should be furnished in the complaint?”,"“ Contents of a consumer complaint:
Cause-title
Name, description, and address of the complainant
Name, description, and address of the opposite party or parties
Facts relating to the complaint and where and when it arose
Copies of written complaints and notices sent to the service provider
Explanation of how the opposite parties are liable and why they are answerable or accountable
Documents supporting allegations, with a list of these documents signed by the complainant
Specification of how the case falls within the jurisdiction of the tribunal
 Relief or remedy claimed by the complainant

Following is a illustrative draft for a consumer complaint, in LaTex format:

“

BEFORE THE DISTRICT CONSUMER DISPUTES REDRESSAL 
COMMISSION AT _________

CONSUMER COMPLAINT NO.     /20	  

IN THE MATTER OF: 

<Title and name of first complainant>,
<Address of first complainant>

<Title and name of second complainant>
<Address of second complainant>

<Title and name of third complainant and so on>
<Address of third complainant>
… COMPLAINANT
AND

<Title and name of first opposite party>,
<Address of first opposite party>

<Title and name of second opposite party>,
<Address of second opposite party>

<Title and name of third opposite party and so on>,
<Address of third opposite party and so on>

… OPPOSITE PARTIES

COMPLAINT UNDER SECTION 35 of THE CONSUMER PROTECTION ACT, 2019 RESPECTFULLY SHOWETH:

The address of the Complainant for the purpose of service of summons, notice etc is as shown in the cause title above and that of his counsel 

The address of the Opponents for the very purpose is the same as shown in the cause title above.

FACTS OF COMPLAINT: <Include facts about the complainant and the reason for the complaint and the other facts provided by the complainant. Include facts about the actions of the opposite party as presented by the complainant. Include the relief prayed for by the complainant. Keep each unique aspect of the complaint in one paragraph. The complaint may take anywhere from 4-12 paragraphs.>

TRANSACTION: <Should describe the transaction complained of i.e. particulars and details of goods/services availed, items of goods / kind and nature of service; date of purchase of goods/availing of service' amount paid as price/ consideration, full or in part towards the goods/service' Photocopies of the bill/cash memo/voucher or receipt should be attached and properly marked as Annexure- A, B, C, and so forth or 1, 2, 3 and so forth.>

CAUSE OF ACTION: The cause of action arose on <inlcude date of incident provided by the complainant/user> when <include incident giving rise to complaint> 
<Should explain the grievance, i.e. whether the loss of damage has been caused by some unfair trade practice or restrictive trade practice adopted by any trader or there is some defect in the goods or there has been deficiency in service or the trader has charged excessive price for the goods. Should elucidate the nature of deficiency or unfair trade practice adopted by the trader, i.e. relating to the quality of goods/services: sponsorship; warranty or guarantee for such period promised.>

RELIEF CLAIMED: <The nature and amount of relief claimed must be specified, and any specific performance from any party should be specified. Can include removal of defects in goods or deficiency in service; replacement with new goods; return of the price or charges or compensation on account of financial loss or injury>

JURISDICTION: <Mention the jurisdiction under which the complaint lies, according to: (i) the value of the claim (upto fifty lakh for DCDRC, upto two crore for SCDRC, rest to NCDRC),  and the geographic location of the cause of action or the opposite party.>

LIMITATION: That the present complaint is being filed within the period of limitation prescribed under section 69 of the Consumer Protection Act, 2019.

COURT FEE: As per Rule 7 of Consumer Protection (Consumer Dispute Redressal Commission) Rules 2020, the requisite court fee has been paid.

EVIDENCE:
<Should give details of documents and/or witnesses relied on to substantiate the case. The documents should be attached as Annexures. Incorporated in a list of evidence. List of witnesses (if any) may be filed similarly>
1. <mention a brief description of the first item of complainant evidence>
2. <mention a brief description of the second item of complainant party evidence>
3. <mention a brief description of the third item of complainant evidence, and so on>

PRAYER:
In the circumstances stated above, the Complainant prays that the Hon'ble Commission may be pleased to:
<mention a numbered list of all reliefs prayed for by the complainant.>


Complainant


PLACE:                                                                                                                         Signature
DATED:


VERIFICATION:
Herein I, <name and title of complainant>, the complainant above named, do hereby state on the solemn affirmation that the contents of the above paragraphs are read over and explained to me in my vernacular. The same are found to be true and correct to the best of my knowledge, belief, and information.

Name & signature of the complainant


”
—",General
“Does a consumer need an advocate to represent their case before a commission?,"“Consumers do not need an advocate to represent their case in the Consumer Commission. These commissions are designed to provide simple and speedy justice, free from the complexities of regular court procedures. The process is informal and does not require the involvement of an advocate or pleader. Consumers can file and represent their complaint themselves or through a representative.”
—",General
“What is the time limit for filing the complaint?”,"“The time limit for filing a complaint is two years from the date the cause of action arises, as per Section 35 of the Act. This period starts from the day the deficiency in service or defect in goods is detected. It's also referred to as the limitation period. However, the law allows consumers to file complaints even after this period if the District Consumer Disputes Redressal Commission (DCDRC) deems the reasons for the delay genuine and valid.” 
_",General
“How to make the payment of the Court fee?”,"“The court fee for every complaint filed before the District Consumer Disputes Redressal Commission (DCDRC), State Consumer Disputes Redressal Commission (SCDRC), or National Consumer Disputes Redressal Commission (NCDRC) must be accompanied by a fee specified. This fee should be in the form of a crossed Demand Draft drawn on a nationalized bank or through a crossed Indian Postal Order drawn in favor of the Registrar of the respective Commission. The payment should be payable at the place where the Commission is situated. The concerned District Consumer Disputes Redressal Commission (DCDRC) shall deposit the received amount.”
_",General
“ What reliefs or remedies are provided by the consumer commission?”,"“Consumer commissions can provide the following reliefs and remedies under the Consumer Protection Act, 2019:
Compensation: Grant compensation to consumers for harm caused by product liability issues.
Directive to Manufacturers, Service Providers, and Sellers: Issue directives to:
Remove defects from goods.
Replace goods.
Refund the price paid along with any interest.
Remove defects or deficiencies in services.
Award compensation for loss or injury.
Discontinue and not repeat unfair trade practices or restrictive trade practices.
Withdraw hazardous goods from being offered for sale.
Cease manufacture of hazardous goods and desist from offering hazardous services.
Pay a sum determined by the Commission for loss or injury suffered by a large number of consumers.
Issue corrective advertisement to neutralize the effect of misleading advertisement.
Provide adequate costs to parties.
These reliefs and remedies are aimed at protecting and compensating consumers for any harm caused by products or services.”
—",General
“What are the details of fees to be paid while filing a complaint with the consumer commissions?”,"“Yes, there is a fee for filing a complaint with the Consumer Commissions. The fee must be paid in the form of a crossed Demand Draft drawn on a nationalised bank or through a crossed Indian Postal Order drawn in favour of the Registrar of the relevant Commission and payable at the respective location where the Commission is situated. The payment may otherwise be through electronic mode as arranged by the specific Commission concerned.

The fee amount varies based on the value of goods or services paid as consideration, as specified in the table below:
District Consumer Disputes Redressal Commission (DCDRC):
Up to ₹5 Lakh: No Fee
Above ₹5 Lakh – Up to ₹10 Lakh: ₹200
Above ₹10 lakh – Up to ₹20 Lakh: ₹400
Above ₹20 Lakh – Up to ₹50 Lakh: ₹1000
State Consumer Disputes Redressal Commission (SCDRC): 
Above ₹50 Lakh – Up to ₹1 Crore: ₹2000
Above ₹1 Crore – Up to ₹2 Crore: ₹2500 
National Consumer Disputes Redressal Commission (NCDRC): 
Above ₹2 Crore – Up to ₹4 Crore: ₹3000 
Above ₹4 Crore – Up to ₹6 Crore: ₹4000 
Above ₹6 Crore – Up to ₹8 Crore: ₹5000 
Above ₹8 Crore – Up to ₹10 Crore: ₹6000
Above ₹10 Crore: ₹7500
The fee should be payable at the respective place where the District Consumer Disputes Redressal Commission (DCDRC), State Consumer Disputes Redressal Commission (SCDRC), or the National Consumer Disputes Redressal Commission (NCDRC) is situated, or through electronic mode as per the arrangement made by the concerned Commission.”
—",General
“What if the consumer is not satisfied with the order of the Consumer commission?”,"“If a consumer is dissatisfied with the order of a Consumer Commission:
They can prefer an appeal within 30 days from the date of the order.
The appeal against the order of the District Consumer Disputes Redressal Commission (DCDRC) can be made before the State Consumer Disputes Redressal Commission (SCDRC).
The appeal against the order of the State Consumer Disputes Redressal Commission (SCDRC) can be made before the National Consumer Disputes Redressal Commission (NCDRC).
The appeal against the order of the National Consumer Disputes Redressal Commission (NCDRC) can be made before the Supreme Court.” 
—",General
“ Is there any change in the amount to be deposited for filing an appeal?”,"For appeals before the State Consumer Disputes Redressal Commission (SCDRC) and National Consumer Disputes Redressal Commission (NCDRC), 50% of the total award amount passed by the lower commission needs to be deposited.” 
—",General
“What documents are required while filing a complaint in a consumer commission?”,"“Index: A list of all the documents attached, paginated and indexed.
List of Dates: A chronological list of events relevant to the complaint.
Memorandum of the Parties: Details of the complainant and the opposite party, including complete address and contact details.
Complaint with Notarized Affidavit: The complaint along with a notarized attested affidavit.
Requisite Fee: Payment proof of the fee required for filing the complaint.
Supporting Documents and Evidences: Receipts, vouchers, or any other evidence supporting the complaint. These documents should be attested as a True Copy on the last page with name and signature.
Application for Condonation of Delay: If there is a delay of more than 2 years from the cause of action, an application for the condonation of delay with a notarized and attested affidavit should be filed.
Ensure that all documents are uploaded in the specified format and meet the requirements of the eJagriti portal for smooth processing of the complaint.”
_",General
“ How long does it take for a consumer case to be heard by a judge in a consumer commission?”,"“ The timeline for a consumer case to be heard by a judge in consumer commission varies. While the Consumer Protection Act, 2019 aims for resolution within three months, the actual duration can range from three months to over a year due to case complexities.” 
—",General
“ What is the procedure for filing an appeal before the State Consumer Disputes Redressal Commission (SCDRC)?,"The Appellant or his authorized agent is required to file a Memorandum that is to be sent through registered post for acknowledgment to the State Consumer Disputes Redressal Commission (SCDRC). This memorandum must be typed in a legible manner with distinct heads, grounds of appeal without any argument or narrative. Such memorandums are to be accompanied by certified copy of the District Consumer Disputes Redressal Commission (DCDRC) order and the documents of a supportive nature to the appeal. Along with it, the appellant is required to submit four copies of the memorandum to the State Consumer Disputes Redressal Commission (SCDRC).

The appellant can only be heard or urged to be heard in support of the appeals that are made to the State Consumer Disputes Redressal Commission (SCDRC). However, the State Consumer Disputes Redressal Commission (SCDRC) is not required to confine itself within the appeal that is made. 
—",General
"“What Rights are guaranteed under Consumer Protection Act, 2019 for consumers?”","“The Consumer Protection Act of 2019 ensures several fundamental rights for consumers. These rights are crucial pillars in safeguarding consumer interests and ensuring fair treatment in the marketplace. Here are the six rights guaranteed under the Act:

1. Right to Safety: Consumers have the right to expect that the products and services they purchase are safe for use or consumption. This right ensures protection from hazardous or substandard goods.

2. **Right to be Informed**: Consumers have the right to receive accurate and transparent information about the products and services they intend to purchase. This includes details regarding quality, quantity, price, ingredients, and any associated risks.

3. **Right to Choose**: Consumers have the freedom to select from a range of products and services offered by various providers. This right promotes competition in the market and empowers consumers to make informed decisions based on their preferences.

4. **Right to be Heard**: Consumers have the right to express their grievances and concerns regarding unsatisfactory products or services. This includes the opportunity to voice complaints, provide feedback, and seek resolution through accessible channels.

5. **Right to Seek Redressal**: Consumers have the right to seek appropriate remedies and compensation for any harm or inconvenience caused by defective products or deficient services. This right ensures access to fair and efficient dispute resolution mechanisms.

6. **Right to Consumer Awareness**: Consumers have the right to access information and resources that enhance their understanding of their rights and responsibilities in the marketplace. This includes education on consumer protection laws, awareness campaigns, and access to relevant support services.

These rights collectively empower consumers to make informed choices, demand accountability from businesses, and seek recourse in cases of unfair treatment or exploitation. By upholding these rights, the Consumer Protection Act aims to foster trust and confidence in the marketplace while promoting a fair and competitive economic environment.” 

—",General
“Can I be asked to waive the claim under the Act?”,"“ Waiving a claim under the Consumer Protection Act, 2019 (CPA 2019), may be deemed unfair as per the broad definition of unfair contracts outlined in the Act. Additionally, agreements that restrict legal proceedings, such as those preventing parties from enforcing their rights or limiting the time to do so, are void under the Indian Contract Act, 1872, and thus unenforceable. While the issue of waiving claims has not been tested in court, contractual language regarding such waivers should be carefully examined to avoid potential unenforceability under both the CPA 2019 and Indian contract law.” 

—",General
What is the time period within which the State Consumer Disputes Redressal Commission (SCDRC) needs to provide a decision for the appeal ?,"“The State Consumer Disputes Redressal Commission (SCDRC) must provide a decision for the appeal within 90 days from the date of admission. If the State Consumer Disputes Redressal Commission (SCDRC) decides to dispose of the case, adequate reasons for the decision must be provided in writing.”",General
“What Is Postal And Courier Service?”,"“Postal and courier services involve the transportation and delivery of letters, parcels, and packages from one location to another. These services cater to both individuals and businesses, ensuring communication and goods reach their intended recipients efficiently.
A government-operated system (like India Post) that provides a range of mail-related services, including letter delivery, registered post, speed post, and money orders. It often focuses on affordability and extensive reach, even in remote areas.
A privately-operated service that typically offers faster, more reliable delivery options for parcels and documents. Courier companies (like DTDC, Blue Dart, etc.) often include tracking facilities, same-day or next-day delivery, and tailored services for businesses.
Both services play a vital role in communication, e-commerce, and logistics in India.”",Postal_and_Courier_Service
“What are the grounds for complaint available?”,"“ Some grounds for complaints in postal services are
• Late Delivery
• Parcel is often not delivered at the correct address
• Delay or non-receipt of money order
• Delay or misplace of registered letter
• Delay or non-receipt of speed post letter -Non-receipt or abnormal delay in receipt of
money order. Even in some cases Speed post Money order take much time to get delivered.
• Non delivery or delay in receiving Speed Post letter
• Non receipt or delay in delivery of Parcels.
Delayed delivery of parcels or letters.
Non-delivery or loss of items.
Damage to goods during transit.
Misdelivery to the wrong address or recipient.
Overcharging or incorrect billing.
Issues with tracking or inaccurate tracking updates.
Poor customer service or lack of support.
Failure to meet promised delivery timelines or features.
Breach of confidentiality or misuse of information.
Denial or delay in refunds or compensation.”",Postal_and_Courier_Service
“What are the modes or methods of complaint available?”,"“Complaint Redressal System For The Postal Services:
(i) Approaching the Concerned Post Office:
The first step towards redressal of consumer complaints is to approach the concerned post office. If the complaint is either not redressed or the consumer is dissatisfied with the redressal, they can approach the Customer Care Center of the Circle or Zonal area. The consumer can use the following link for registering a complaint:
Complaint registration (indiapost.gov.in)
(ii) Approaching Higher Authorities:
If the complaint is not resolved even after pursuing the Customer Care Center of the circle. The, consumer can resort to higher authorities by reaching out to the Chief Post Master General of the concerned state. The contact details of India Post’s Chief Post Master General of various states can be found on the following link:
https://www.indiapost.gov.in/VAS/Pages/rtimanual9.aspx?Category=Heads+of+Circles
If the consumer complaint is not resolved even after approaching the above officers, the consumer can take the matter to the national level by reaching out to the DDG in the Central Office, DAK Bhavan. The following link can be used for the contact details of the various officers:
https://www.indiapost.gov.in/VAS/Pages/DirectoryOfEmployees.aspx?Category=Deputy+Directors+General
Moreover, the following link by India Post provides the various available mechanisms to the consumers in a step-by-step manner:
https://www.indiapost.gov.in/VAS/Pages/CustomerSupport/Guidelines-on-Complaints.aspx
(iii) Approaching any other appropriate judicial or quasi-judicial body:
The complainant is free to take the service provider to a court or any other suitable venue (judicial or quasi-judicial). The proceedings in consumer commissions are not mired by the niceties of procedure, allowing the complainant to file a complaint for himself. As a consumer, the aggrieved party can take the service provider to the appropriate consumer commission, based on the pecuniary and territorial jurisdiction. The jurisdictions of the various consumer commissions are as follows-
a) District Commission: The aggrieved consumer can reach out to the District Commission under section 34 of the CPA, 2019, which provides that the district commission shall entertain matters where the value of the goods or services paid as consideration does not exceed more than fifty lakh rupees.
b) State Commission: In cases where the value of the goods or services paid as consideration is more than fifty lakh, but less than 2 crores, the consumer can approach the State Commission. Moreover, in cases of unfair contracts, the State Commission has original jurisdiction and the consumer can be directly approached. An appeal against the order of the District Commission can also be made under section 47 of the CPA, 2019.
c) National Commission: The National Commission can entertain matters where the value of goods or services paid as consideration exceeds 2 crores. Section 58 also provides that complaints against unfair contracts can be entertained by NCDRC when the amount of value paid exceeds 10 crores. The NCDRC also has appellate jurisdiction against the orders of any State Commission and Central Authority.
Moreover, it must also be kept in mind that section 100 of the CPA, 2019 provides that the remedy under CPA is in addition and not in derogation of other available remedies.
Another remedy available to consumers is mediation. Chapter 5 of the Consumer Protection Act provides for establishing mediation cells and resolving consumer complaints using mediation.
The following link could be used to file complaints online:
https://consumerhelpline.gov.in/
(",Postal_and_Courier_Service
“Where should the grievance redressal or complaint be filed?”,"“For online lodging of complaints and status, consumers can visit on these links: https://www.indiapost.gov.in/VAS/Pages/complaintregistration.aspx
Complaint can be registered at the Post Office where the transaction has taken place and take an acknowledgement from the Post Office for the same.
If the complaint is still not settled, the complainant may approach the Chief Postmaster General of the respective Circle of the State; https://www.indiapost.gov.in/VAS/Pages/CustomerSupport/Guidelines-on-Complaints.aspx#B
Otherwise, redressal under CPA can be sought through the mechanism mentioned above. ”",Postal_and_Courier_Service
“What are the different reasons for which a consumer may have to interact with postal services?”,"“ The reasons are
Sending Letters or Documents - Posting personal or official letters, applications, or other important documents.
Sending or Receiving Parcels - Shipping goods, gifts, or packages to friends, family, or businesses.
Speed Post or Express Services - Utilising faster delivery services for urgent documents or parcels.
Money Order - Sending money securely to a recipient through the postal system.
Registered Post - Sending valuable or confidential items with proof of delivery and tracking.
Postal Savings and Banking Services - Opening savings accounts, fixed deposits, or accessing other financial services offered by the post office.
Insurance Services - Availing postal insurance for valuables or life insurance schemes provided by India Post.
Complaints or Grievances - Reporting issues like lost mail, delays, or damaged goods.
Post Office Box (P.O. Box) Services - Renting a P.O. Box for secure and private mail delivery.
Postal Certificates - Obtaining proof of postage, delivery certificates, or other official documents.
E-commerce Deliveries - Receiving or returning items ordered online through postal or courier services.
Logistics and Business Solutions - Using bulk mail or customised solutions for businesses or events.”",Postal_and_Courier_Service
“What are the key details about Postal Services and Cash on Delivery (COD) orders?”,"“Postal services might offer various delivery options including regular mail, speed post, and registered post. One of the popular services provided is Cash on Delivery (COD), where the recipient pays for the product at the time of delivery instead of paying in advance. This service is widely used for e-commerce shipments and online shopping. In a COD order, the postman collects the payment (in cash) when delivering the parcel to the recipient's address. Once the payment is collected, the parcel is considered successfully delivered, and the transaction is completed. COD is often preferred by consumers who are hesitant to make upfront payments online and allows them to inspect the goods before paying. However, this service may incur additional handling fees.”",Postal_and_Courier_Service
“What are some private courier services in India?”,"“There are various Courier companies in India that deliver packages, mails and messages. These companies provide special features such as speedy delivery, tracking of parcels, security, among others. Some of the private courier services in India are:
Blue Dart Express Ltd.
DTDC Express Limited
FedEx Express
DHL Express India
Delhivery
Ecom Express
Shree Maruti Courier Services
The Professional Couriers
Safexpress
XpressBees
Trackon Courier
OnDot Couriers and Cargo Ltd.
(i) The Professional Courier:
The carrier is primarily engaged in catering written messages, documents, and cargo. It has a consumer care website through which complaints can be registered online:
https://www.tpcindia.com/customer-care.aspx
(ii) DTDC:
Established in 1990, DTDC is one of the most extensive courier companies in India. Consumers can register their complaints using the details given in the following website:
https://www.dtdc.in/customer-care.asp
Moreover, consumers can raise service queries by using the following link:
https://www.dtdc.in/raise_a_service_query.asp
(iii) BlueDart
Can be contacted through the centralised contact numbers:
https://www.bluedart.com/centralized-customer-service ”",Postal_and_Courier_Service
"“What are the rules, Acts, and Guidelines that govern this sector?”","“a. The Indian Post Office Act, 1898
https://www.indiapost.gov.in/VAS/DOP_RTI/TheIndianPostOfficeAct1898.pdf
b. Indian Post Office Rules, 1933
https://www.indiapost.gov.in/VAS/DOP_RTI/PO_vol1_legislativeEnactments.pdf”",Postal_and_Courier_Service
“What are the landmark judgements in this sector?”,"“1. Postmaster, Manimajra Post Office v. Ripan Kumar
In the present case, the NCDRC held that delivery of medicine packets in a tampered condition amounts to deficiency of service under the Consumer Protection Act.
2. Head Postmaster, Ponnai, Kerala v. V. Ayyapan
In the present case, the National Commission denied the Post Office to take defence of section 9 of theTelegraph Act, 1885, which absolved the government of any liability for defaults of an individual telegraph officer. It held that the Post Office was guilty of deficiency of service, and denied the application of section 9 of telegraph act. ”",Postal_and_Courier_Service
“What is the difference between courier and cargo?”,"“Courier companies usually handle smaller items while cargo companies handle larger ones. Cargo can be liquid, dry, and break bulk items.",Postal_and_Courier_Service
“How long does it take to deliver courier parcels or posts?”,"“The delivery time for courier parcels or posts in India can vary depending on several factors such as the type of service used, the distance between the sender and recipient, and the nature of the item being sent. For standard postal services like India Post, delivery times typically range from 3 to 7 days for domestic letters and parcels, with registered posts and speed posts falling within a similar timeframe. Speed post services, which offer quicker delivery, generally take 1 to 3 days for metro cities and up to 7 days for rural areas. For courier services, domestic deliveries usually take between 2 to 7 days, with express services offering faster delivery, often within 1 to 2 days for major cities. Same-day delivery is available in select metro areas for urgent parcels. International deliveries can take anywhere from 3 to 7 days, depending on the destination, with express services reaching key global locations within 1 to 3 days. However, delivery times can be affected by factors like distance, service type, weather conditions, and customs checks for international shipments. https://www.indiapost.gov.in/VAS/DOP_PDFFiles/CitizenCharter2019.pdf”",Postal_and_Courier_Service
“What should be done if the shipment/post does not arrive?”,"“If the shipment/parcel fails to arrive at the destination, one should immediately contact the respective company customer care with the tracking ID and details of the consignment. The consumer can claim for missing or damaged parcels only if the parcel has been insured by the respective courier or Cargo Company.
In case of lost or delayed posts, the compensation is the speed post charges paid by the consumer and if the post is lost, stolen or totally damaged then the consumer is to be compensated. Please refer to the citizen charter.
Check Tracking Information: Use the tracking number (if available) to check the status of the shipment on the courier or postal service’s website. Sometimes, delays are updated online.
Contact the Courier/Post Service: Reach out to the customer service or helpline of the courier or postal service. Provide them with the tracking number and other relevant details to inquire about the delay or non-delivery.
Verify Delivery Address: Ensure that the correct delivery address was provided and there were no errors in the address or contact details.
Wait for the Expected Delivery Time: If the shipment is not received within the usual timeframe, allow for an additional few days in case of unforeseen delays (e.g., weather, holidays, or traffic).
File a Complaint: If the shipment is still not received, file a formal complaint with the courier or postal service. Use their official grievance channels such as online portals, customer support, or in-person at a local office.
Request an Investigation: For significant delays or loss of goods, request an official investigation into the shipment’s whereabouts. Many courier services will initiate an inquiry if a shipment is lost or misplaced.
Check with Neighbors or Local Post Office: Sometimes, the delivery may have been made to a neighbour or another location. Check with your neighbours or the local post office to see if the item was held or delivered elsewhere.
Claim Compensation: If the item is lost or damaged, inquire about compensation or insurance claims, especially for valuable or insured parcels. Sending a legal notice at this stage might be beneficial.
Legal Action: If the issue is not resolved satisfactorily, and the value of the shipment warrants it, consider escalating the matter to the Consumer Forum or filing a complaint under the Consumer Protection Act, 2019.”",Postal_and_Courier_Service
“What are the charges on courier?”,“Charges differ as per the company’s policy for Domestic as well as International Couriers also depend on the Country’s custom duty and taxes.”,Postal_and_Courier_Service
“Can International Parcel be opened by Customs?”,"“Yes, Custom Authorities are authorised to open an International Parcel.”",Postal_and_Courier_Service
“What are banned articles on Courier Services?”,"“Dangerous articles like packaged Explosive, Toxic gases, compressed air in appliances, Liquids, Semi Liquids, Flammables, Perishables, Poisonous Articles, Radioactive Materials.”",Postal_and_Courier_Service
“What is the responsibility of the Consumer before sending the courier?”,“The consumer must always read and check the terms and conditions of the courier rules of the company while making the payment and must keep the tracking ID as well as payment receipt.”,Postal_and_Courier_Service
“What is the liability of signing for a package?”,"“Signing for a package means accepting responsibility for its receipt in the condition stated, but it doesn't always absolve the courier service of its liability, especially in cases of mishandling, misdelivery, or damages. It’s always a good practice to check the condition of the package at the time of delivery and note any issues before signing.”",Postal_and_Courier_Service
“What is an ePost service?”,"“ePost is an electronic postal service offered by India Post, which allows users to send physical letters and documents via electronic means. The service is designed to bridge the gap between traditional postal services and modern digital communication. Here’s how it works and its key features:
ePost enables users to send an electronic version of a letter or document to a designated post office. The electronic file is then printed out at the nearest post office and physically delivered to the recipient’s address, just like a regular postal mail.
This service can be accessed at any of the designated ePost centers (India Post offices) across the country. It provides an efficient way to send letters, bills, and notices, especially in areas where traditional postal services might face challenges in terms of delivery speed or infrastructure.
Users can send messages or documents without physically visiting the post office. They can email the document to the post office, and the post office will handle the printing, envelope stuffing, and delivery. This is particularly helpful for businesses, government offices, and individuals who need to send documents over long distances.
The sender typically pays for the service via the ePost center at the time of submission. The pricing is similar to traditional postal rates but may vary depending on the weight and size of the document.
ePost is commonly used for sending personal letters, bills, notices, and documents that need to be delivered physically but can be initiated electronically. It offers a quicker, more convenient alternative to traditional postal services for users who prefer digital interfaces.
For more information, visit http://www.epostoffice.gov.in/ ”",Postal_and_Courier_Service
“How can consumers register their grievances for India Post Payment Bank?”,"“Consumers can visit the nearest Branch Office or call on Toll Free No 155299 OR 1800-180-7980 or email at contact@ippbonline.in
For Details please visit - https://www.ippbonline.com/web/ippb/complaints”",Postal_and_Courier_Service
“What is the escalation matrix if a consumer has not received any satisfactory response from the branch of the India Post Payment Bank?”,"“If Consumer has not received a satisfactory response from the branch manager within 7 working days then he may approach the circle nodal officer during office hours on working days. Nodal Officers details are available on:- https://www.ippbonline.com/web/ippb/circle-nodal-officer

If the complaint is not resolved as per satisfaction after escalation to circle nodal officer, within 9 working days Consumer may approach Principal Nodal officer during office hours on working days. Details are available on https://www.ippbonline.com/web/ippb/complaints

After 30 days of lodging the complaint, if it is not resolved or the consumer is not satisfied with the resolution provided by the bank, he may approach the banking ombudsman as per the local branch office . Details are available on https://www.rbi.org.in/Scripts/AboutUsDisplay.aspx?pg=BankingOmbudsmen.htm

Online complaints can be lodged on https://cms.rbi.org.in/cms/IndexPage.aspx?aspxerrorpath=/cms/cms/indexpage.aspx”",Postal_and_Courier_Service
“What types of Policies are available under PLI schemes?”,"“The types of Postal Life Insurance policies are:-
Whole Life Assurance (SURAKSHA)
Convertible Whole Life Assurance (SUVIDHA)
Endowment Assurance (SANTOSH)
Anticipated Endowment Assurance for 15 and 20 Years (SUMANGAL)
Joint Life Endowment Assurance (YUGAL SURAKSHA)
Children Policy (BAL JIWAN BIMA)”",Postal_and_Courier_Service
“What is the minimum and maximum sum assured limit under PLI?”,"“Minimum sum assured is ₹ 20,000 and maximum ₹ 50 lakhs for all plans except children policy. For Children Policy, the maximum sum assured limit is 3 lakhs.”",Postal_and_Courier_Service
“How can grievances be registered for PLI schemes?”,"“ 
In case of grievances, approach the post office which services the policy. You can contact them through telephone or write to them or even visit them. However, you can also use the internet by visiting http://ccc.cept.gov.in/complaintregistration.aspx and by email pli[dot]dte[at]gmail[dot]com where we have a facility to register your complaints. Wherever you are, if the complaint is registered through internet, the same will reach the PLI office immediately.",Postal_and_Courier_Service
“What are agency services?”,"“An agency service makes its facilities available to others for a fee for example:
Boutique/Laundry.
Car/Bike Rental/Resale.
Entertainment which includes Cinema or Concert.
Events like Marriage, Party or Gatherings.
Repair services or Product Installation.
House cleaning or improvement and housekeeping (maid services).
Matrimonial.
Placement, Manpower hiring.
Immigration/Visa services.
”",Others
“What does the word deficiency in service mean in agency services?”,"“As per Consumer Protection Act, 2019: ‘deficiency’ means any fault, imperfection, shortcoming or inadequacy in the quality, nature, and manner of performance which is required to be maintained by or under any law for the time being in force or has been undertaken to be performed by a person in pursuance of a contract or otherwise in relation to any service and includes:
Any act of negligence or omission or commission by such person which causes loss or injury to the consumer; and
Deliberate withholding of relevant information by such person to the consumer.
”",Others
“What should a consumer do before hiring any service?”,"“
Make sure you are aware of service charges, estimated time of completion, and cancellation and refund policies, as well as the further warranty clauses.
If making online payments keep your financial information and passwords safe and always make payment through secured gateways.
Read the fine print (terms and conditions) carefully before hiring an agency.
”",Others
"“If a consumer has paid for a service but the agency did not provide it, can he apply for a refund?”","“
If the consumer applied and paid the amount but the Company is not providing the services properly as promised, in that case, the consumer can demand a refund, as per the company policy.
”",Others
“Is there any time limit to provide the services?”,"“The service provided time of booking can be varied and depend upon its availability with the company. The same is usually declared on the website by the company at the time of providing services.
”",Others
“What is direct selling?”,"“Direct selling is the action of Marketing and Selling products directly to the consumers in a non-retail environment. This system often eliminates several of the middlemen involved in Product Distribution such as, the regional distribution center and wholesaler. Instead, product goes from manufacturer to the direct sales company, then to the distributor or representative, and then to the Consumer.
”",Others
“What is the type of direct selling companies?”,"“There are two types of direct-selling companies.
1)      Single level marketing - A direct seller makes money by buying products from a parent organization and selling them directly to consumers. This type of sales is done one-on-one, such as through door-to-door or by doing in-person presentation with the advent of the Internet and catalogues. It can also be said as a PROMOTIONAL TOOL.
2)      Multi-level Marketing - Multi-Level Marketing / Network Marketing refers to multiple levels of people marketing a Product to Consumers. A Sales Representative gets consumers and Recruits and trains other Sales Person or Representative to get the end Consumer
”",Others
“What are the applicable Rules and Regulations to Direct Selling in India?”,"“
Consumer Protection (Direct Selling) Rules, 2021 - https://consumeraffairs.nic.in/sites/default/files/232214.pdf
Consumer Protection (Direct Selling)        (Amendment) Rules, 2023 - https://consumeraffairs.nic.in/sites/default/files/The%20Consumer%20Protection%20%28Direct%20Selling%29%28Amendment%29%20Rules%2C%202023.pdf
Applicable State-Wise monitoring mechanisms that have been enacted under the 2021 Rules - https://idsa.co.in/direct-selling-legislation",Others
"“To whom do the Consumer Protection (Direct Selling) Rules, 2021 apply?”","“
Broadly, it applies to direct sellers and direct selling entities. Therefore, it also applies to:
(a) all goods and services bought or sold through direct selling; 
(b) all models of direct selling; 
(c) all direct selling entities offering goods and services to consumers in India; 
(d) all forms of unfair trade practices across all models of direct selling
They also apply to a direct selling entity which is not established in India, but offers goods or services to consumers in India.”",Others
“What is a direct seller?”,"“
""direct seller"" means a person authorized by a direct selling entity through a legally enforceable written contract to undertake direct selling business on a principal to principal basis.”",Others
“What is a direct selling entity?”,"“
""direct selling entity"" means the principal entity which sells or offers to sell goods or services through a network of direct sellers, but does not include an entity which is engaged in a Pyramid Scheme or money circulation scheme. A “network of direct sellers” means a network of direct sellers formed by a direct selling entity to sell goods or services for the purpose of receiving consideration solely from such sale.”",Others
“What are the obligations of every direct seller?”,"“
(a) Must have a prior written contract with the direct selling entity for undertaking sale of any goods or services of such entity
(b) Must truthfully and clearly identify himself when making any sale representation, disclose the identity of the direct selling entity, the address of place of business, the nature of goods or services sold and the purpose of such solicitation to the consumer
(c) Must make an offer to the consumer providing accurate and complete information, demonstration of goods and services, prices, credit terms, terms of payment, return, exchange, refund policy, return policy, terms of guarantee and after-sale service; 
(d) Must provide an order form to the consumer at or prior to the time of the initial sale. The order form must contain: identity of the seller and associated entity, address, registration number, identity proof, contact number of seller, complete description of goods or services supplied, country of origin, order date, total amount to be paid by consumer, time and place for inspection of sample and delivery of goods, information about cancellation and refund, and redressal mechanism. 
(e) obtain goods and service tax registration, Permanent Account Number registration, all applicable trade registrations and licenses and comply with the requirements of applicable laws, rules and regulations for sale of a product; 
(f) ensure that actual product delivered to the buyer matches with the description of the product given; 
(g) take appropriate steps to ensure the protection of all sensitive personal information provided by the consumer in accordance with the applicable laws for the time being in force and ensure adequate safeguards to prevent access to, or misuse of, data by unauthorized persons.”",Others
“What are the duties of direct selling entities and direct sellers together?”,"“
They must ensure that -
(a) the terms of the offer are clear, so as to enable the consumer to know the exact nature of offer being made

(b) the presentations and other representations used in direct selling shall not contain any product description, claim, illustration or other element which, directly or by implication, is likely to mislead the consumer 

(c) the explanation and demonstration of the goods or services offered are accurate and complete, particularly with regard to price and, if applicable, to credit conditions, terms of payment, cooling-off periods or right to return, terms of guarantee, after-sales service and delivery 

(d) direct selling is not represented to the consumer as being a form of market research; 

(e) the promotional literature, advertisement or mail contain the name and address or telephone number of the direct selling company, and include the mobile number of the direct seller;

(f) the terms of any guarantee or warranty, including the name and address of the guarantor, shall be easily available to the consumer and limitations on consumer rights or remedies, where permitted by law, shall be clear and conspicuous 

(g) the remedial action open to the consumer shall be clearly set out in the order form or other accompanying literature provided with the goods or service 

(h) when after-sales service is offered, details of the service are included in the guarantee or stated elsewhere in the offer and if the consumer accepts the offer, information shall be given on how the consumer can activate the service and communicate with the service agent; 
(i) products and samples are suitably packaged for delivery to the consumer and for possible return, in compliance with the appropriate health and safety standards;

(j) unless otherwise stipulated in the offer, orders shall be fulfilled within the delivery date proposed to the consumer at the time of purchase and the consumer shall be informed of any undue delay at the earliest reasonable point

(k) in cases of delay, any request for cancellation of the order by the consumer shall be granted, irrespective of whether the consumer has been informed of the delay, and the deposit, if any, shall be refunded as per the cancellation terms proposed to the consumer at the time of purchase
(l) if it is not possible to prevent delivery, the consumer shall be informed of the right to return the product at the direct selling company's or the direct seller's cost as per the procedure for return of the goods proposed to the consumer at the time of purchase; 

(m) right of return offered by that entity shall be in writing; 

(n) they comply with Consumer Protection (eCommerce) Rules, 2020

—",Others
“What are direct selling entities and direct sellers barred from doing?”,"“
In addition to their stipulated duties, direct selling entities and direct sellers are prohibited from:
(a) indulging in fraudulent activities or sales and shall take reasonable steps to ensure compliance
(b) engaging in any conduct that is misleading or likely to mislead with regard to any material particulars relating to its direct selling business, or to the goods or services being sold by itself or by the direct seller; 
(c) using or permitted to be used, any fraudulent, coercive, unconscionable or unlawful means, or cause harassment, for promoting its direct selling business, or for sale of its goods or services; 
(d) refusing to take back spurious goods or deficient services and refund the consideration paid for goods and services provided; 
(e) charging any entry fee or subscription fee
(f) inducing consumers to make a purchase based upon the representation that they can reduce or recover the price by referring prospective customers to the direct sellers for similar purchases
(g) promoting Pyramid Schemes and Money Circulation Schemes.”",Others
“What are Pyramid Schemes? Are they prohibited in India?”,"“
""Pyramid Scheme"" means a multi layered network of subscribers to a scheme formed by subscribers enrolling one or more subscribers in order to receive any benefit, directly or indirectly, as a result of enrolment or action or performance of additional subscribers to the scheme, in which the subscribers enrolling further subscribers occupy a higher position and the enrolled subscribers a lower position, resulting in a multi-layered network of subscribers with successive enrolments.
A pyramid scheme is a system where people earn benefits by recruiting others into the scheme, creating a multi-level structure where earlier members are above and profit from newer recruits.
Yes, Pyramid Schemes are prohibited in India under the Consumer Protection (Direct Selling) Rules, 2021.”",Others
“What are Money Circulation Schemes? Are they prohibited in India?”,"“
“money circulation scheme” means any scheme, by whatever name called, for the making of quick or easy money, or for the receipt of any money or valuable thing as the consideration for a promise to pay money, on any event or contingency relative or applicable to the enrolment of members into the scheme, whether or not such money or thing is derived from the entrance money of the members of such scheme or periodical subscriptions.
A money circulation scheme is any scheme that promises quick or easy money in return for enrolling others, where money or rewards depend on new members joining, regardless of how the money is collected.
Yes, Money Circulation Schemes are prohibited in India under the Consumer Protection (Direct Selling) Rules, 2021.”",Others
“Is it mandatory for the Direct Selling entity to submit the undertaking for conducting direct selling activities with the Department of Consumers Affairs?”,"“
Yes, every direct selling entity is required to make self-declaration to the effect that it has complied with the provisions of the 2021 Direct Selling Rules and is not involved in any Pyramid Scheme or money circulation scheme. This must be published on their website as well.

”",Others
“What records must every direct selling entity maintain?”,"“
As far as applicable, a direct selling entity must maintain the following records at its registered office:

(a) Certificate of Incorporation;
(b) Memorandum of Association and Articles of Association;
(c) Permanent Account Number and Tax Deduction and Collection Account Number;
(d) Goods and Services Tax registration;
(e) Goods and Services Tax Returns;
(f) Income Tax Returns;
(g) Balance Sheet, Audit Report and such other relevant reports;
(h) Register of direct sellers;
(i) Certificate of Importer-Exporter code (in case of imported goods)
(j) License issued under the Food Safety and Standards Authority of India Act, 2006 (34 of 2006) for the purposes of manufacture or sale of food items;
(k) License and Registration Certificate issued under the Drugs and Cosmetics Act, 1940 (23 of 1940) for the purposes of manufacture or sale of drugs, including Ayurvedic, Siddha and Unani drugs and Homoeopathic Medicines;
(l) Certificate of Registration of Trademark.
”",Others
“What must every direct selling entity display on their website?”,"“
The following must be displayed in a clear and accessible manner on the website:
(a) registered name of the direct selling entity; 
(b) registered address of the direct selling entity and of its branches;
(c) contact details, including e-mail address, fax, land line and mobile numbers of its customer care and grievance redressal officers; 
(d) a ticket number for each complaint lodged through which the complainant can track the status of the complaint; 
(e) information relating to return, refund, exchange, warranty and guarantee, delivery and shipment, modes of payment, grievance redressal mechanism and such other information which may be required by the consumers to make informed decisions; 
(f) information on available payment methods, the security of those payment methods, the fees or charges payable by users, the procedure to cancel regular payments under those methods, charge-back options, if any, and the contact information of the relevant payment service provider; 
(g) total price of any goods or service in single figure, along with its break-up price showing all compulsory and voluntary charges, including delivery charges, postage and handling charges, conveyance charges and the applicable tax; 
(h) provide correct and complete information at pre-purchase stage to enable buyers to make informed purchase decisions, and such information shall, in addition to the mandatory declarations to be provided under the Legal Metrology (Packaged Commodities) Rules, 2011, contain the following information, namely:––  
	(i) the name of purchaser and seller; 
	(ii) description of goods or services;  
	(iii) quantity of goods or services; 
	(iv) the estimated delivery date of goods or services; 
	(v) the process of refund; 
	(vi) warranty of the goods;
	(vii) exchange or replacement of goods in case of it being defective;  
	(viii) all contractual information required to be disclosed by or under any law for the time being in force.",Others
“Is there any Nodal Officer appointed under the Direct Selling Guidelines by State / UTs Governments?”,"“
Nodal officers are appointed by State/ UTs Governments under Direct Selling Rules, in order to prevent fraud and protecting the legitimate rights and interests of consumers. Details of the Nodal Officers is available - https://consumeraffairs.nic.in/sites/default/files/file-uploads/direct-selling/Direct-Selling_State_Nodal_Officers.pdf
”",Others
“What types of products can be purchased through the direct sales channel?”,"“
Direct selling suits the sale of almost every category of products that can be found in traditional retail locations and in department stores.
·        Cosmetic and personal care products,
·        Household items and wellness are the strongest sectors in direct selling.
·        Other products categories include food and beverages, nutritional products, jewellery and clothes, books, toys and games, home improvement products, etc.
”",Others
“What are the duties of direct selling entities with regard to Grievance Redressal Mechanisms?”,"“
Every direct selling entity shall -
(1) Establish an adequate grievance redressal mechanism either in person/post/telephone/e-mail/website, and appoint one or more grievance redressal officers for redressal
(2) Display the current and updated name, contact details including telephone number, email address and designation of such officer on its website, and the details of its website shall also be prominently printed on the product information sheet or pamphlet.
(3) Ensure that the grievance redressal officer) acknowledges the receipt of any consumer complaint within forty-eight working hours of receipt of such complaint and redresses the complaint normally within a period of one month from the date of receipt of the complaint and in case of delay of more than a month, reasons for the delay, and the actions taken on the complaint, are informed to the complainant in writing.
(4) Appoint a nodal officer who shall be responsible for ensuring compliance with the provisions of the Consumer Protection Act and the rules made thereunder
(5) Maintain a record of all its direct sellers, including their identity proof, address proof, e-mail and such other contact information.
(6) On the request in writing made by a consumer after the purchase of any goods or services, provide him with the information regarding any direct seller from whom such consumer has made a purchase, and such information shall include the name, address, e-mail, contact number and any other information which is necessary for making communication with such direct seller for effective dispute resolution",Others
“Who should a consumer approach for grievance redressal?”,"“

Written grievance to be sent to the Head office address of the Company
A consumer may find the relevant address and contact of the grievance redressal officials on the official website of the direct selling Company.
Once received, they are mandated to acknowledge the complaint within forty-eight working hours of receipt of such complaint
The complaint must normally be redressed within a period of one month from the date of receipt of the complaint and in case of delay of more than a month, reasons for the delay, and the actions taken on the complaint, must be informed to the complainant in writing
If not satisfied with the response from the company, a consumer can file a case in the appropriate Consumer Commission.”",Others
“What is the education sector?”,"“In recent years, the landscape of the education sector in India has experienced remarkable growth and transformation. The heightened competition among educational institutions, combined with strategic initiatives to attract a larger student base through incentives like scholarships, discounts, and supplementary services, has resulted in a notable upswing in enrollments. India stands out with one of the world's most extensive networks of higher education systems. This expansive framework reflects a promising trajectory for the future of education in the country.
Nevertheless, within this progressive panorama, concerns surrounding consumer rights in the education sector have gained prominence. With a dedicated focus on ensuring the welfare of students and safeguarding their interests, consumer laws assume a pivotal role in addressing potential issues that may arise between educational institutions and students.”",Education_Sector
“What are the grounds for complaint available?”,"“
Retention of Original Certificates: Educational institutions retaining original certificates, violating the rights of students.
Non Issuance of Transfer certificates: Delay on issuance of transfer certificate leading to possible loss of academic year.
Unreasonable Demand of Full Course Fee: Demanding the entire course fee upfront, hindering financial flexibility for students.
Non-Delivery of Promised Services: Failure to provide services promised during the course, leading to dissatisfaction and frustration.
Non-refundable Fee Clause Contradictions: Contradictions in fee receipts, where non-refundable clauses are misused despite the institute's failure to deliver promised services.
Withdrawal and Refund Issues: Complications in the withdrawal process and delays in refunding the balance amount after withdrawing from the course.
Misleading Advertisements: Educational institutions providing misleading advertisements, enticing students with false promises.
Breach of Data Privacy: Instances of unauthorised access or breach of students' confidential information by the educational institution.
Sudden course discontinuation or unavailability of faculty
”",Education_Sector
“When would complaints not be accepted?”,"“Specifically within the education sector, certain activities are not considered services under the Consumer Protection Act, and these include conducting exams, issuing roll numbers, determining examination centres, evaluating papers, cancelling candidature, allotting subjects, and declaring results (indicative list). These activities are statutory functions and do not fall within the definition of ‘services’ as rendered free of charge as laid down under the Consumer Protection Act. It does not make a difference whether the service provider is a Government body or a Private body. Thus even if a statutory corporation provides a deficient service, it can be made liable under the Act. The test is - whether the person against whom the complaint is made performs a service for consideration which is sought by a potential user. While statutory duties (like examination evaluation) are not covered under the Consumer Protection Act, 2019, pre-admission misrepresentation and fee-related issues are.

”
—",Education_Sector
“What needs to be done to get redressal of complaint/grievance?”,"“
Stage 1: College/Institute Level
Lodge the grievance with the College/Institute and await resolution within 15 working days.

Stage 2: University or Competent Authority (UGC/AICTE/DEB)
If the issue remains unresolved or the resolution provided by the College/Institute is unsatisfactory, submit a written complaint to the respective University or Competent Authority (UGC/AICTE/DEB) for Higher Education.

Approaching any other appropriate judicial or quasi-judicial body:
The complainant is free to take the service provider to a court or any other suitable venue (judicial or quasi-judicial). The proceedings in consumer commissions are not mired by the niceties of procedure, allowing the complainant to file a complaint for himself. As a consumer, the aggrieved party can take the service provider to the appropriate consumer commission, based on the pecuniary and territorial jurisdiction. The jurisdictions of the various consumer commissions are as follows-
a) District Commission: The aggrieved consumer can reach out to the District Commission under section 34 of the CPA, 2019, which provides that the district commission shall entertain matters where the value of the goods or services paid as consideration does not exceed more than fifty lakh rupees.
b) State Commission: In cases where the value of the goods or services paid as consideration is more than fifty lakh, but less than 2 crores, the consumer can approach the State Commission. Moreover, in cases of unfair contracts, the State Commission has original jurisdiction and the consumer can be directly approached. An appeal against the order of the District Commission can also be made under section 47 of the CPA, 2019.
c) National Commission: The National Commission can entertain matters where the value of goods or services paid as consideration exceeds 2 crores. Section 58 also provides that complaints against unfair contracts can be entertained by NCDRC when the amount of value paid exceeds 10 crores. The NCDRC also has appellate jurisdiction against the orders of any State Commission and Central Authority.
Moreover, it must also be kept in mind that section 100 of the CPA, 2019 provides that the remedy under CPA is in addition and not in derogation of other available remedies.
”
—",Education_Sector
“What are the regulatory bodies in this sector?”,"“
1. University Grant Commission (UGC)- Promoting and coordinating university education; Determining and maintaining standard of teaching, education and research in universities; Framing regulations on minimum standards of education
2. All India Council for Technical Education (AICTE)- The AICTE grants approval for starting new technical institutions, for introduction of new courses and for variation in intake capacity in technical institutions. The technical institutions under the AICTE include post-graduate, under-graduate and diploma in the whole spectrum of technical education covering engineering/technology, pharmacy, architecture, hotel management and catering technology, management studies, computer applications and applied arts and crafts.
3. Distance Education Bureau (DEB)- Regulating the processes and activities carried out in distance education programs for higher education in the country.
4. Indian Council for Agriculture Research (ICAR)- The Council is the apex body for coordinating, guiding and managing research and education in agriculture including horticulture, fisheries and animal sciences in the entire country.
5. Bar Council of India (BCI)- Sets standards for legal education and grants recognition to Universities whose degree in law will serve as qualification for enrolment as an advocate.
6. National Council for Teacher Education (NCTE)- Achieve planned and coordinated development of teacher education throughout the country and to govern the regulation and proper maintenance of norms and standards for teacher education.
7. Rehabilitation Council of India (RCI)- The mandate given to RCI is to regulate and monitor services given to persons with disabilities, to standardise syllabi and to maintain a Central Rehabilitation Register of all qualified professionals and personnel working in the field of Rehabilitation and Special Education. The Act also prescribes punitive action against unqualified persons delivering services to persons with disabilities.
8. National Medical Council- improve access to quality and affordable medical education; objectively assess medical institutions  periodically in a transparent manner
9. Pharmacy Council of India (PCI)- The Pharmacy education and profession in India up to graduate level is regulated by the PCI, a statutory body governed by the provisions of the Pharmacy Act, 1948 passed by the Parliament.
10. Indian Nursing Council (INC)- Establishes a uniform standard for training of nurses
11. Dentist Council of India (DCI)- To regulate dental education throughout India
12. Central Council of Homeopathy (CCH)- Regulating homoeopathy education.
13. Central Council of Indian Medicine (CCIM)- To establish, guide, develop and sustain through resource allocation, good governance and management, dedicated to the maintenance of standards and quality of academic study programmes and practice of Indian System of Medicine to national as well as global needs.
14. Central Board of Secondary Education (CBSE)- The Board is committed to provide quality education to promote intellectual, social and cultural vivacity among its learners. It works towards evolving a learning process and environment, which empowers the future citizens to become global leaders in the emerging knowledge society.
15. National Institute of Open Schooling (NIOS)- Vested with the authority to register, examine and certify students registered with it up to pre-degree level courses.
”
—",Education_Sector
"“What are the rules, Acts, and Guidelines that govern this sector?”","“
The Central Educational Institutions (Reservation in Admission) Act, 2006-  provide for the reservation in admission of the students belonging to the Scheduled Castes, the Scheduled Tribes and the Other Backward Classes of citizens, to certain Central Educational Institutions established, maintained or aided by the Central Government
The University Grants Commission Act, 1956- make provision for the co-ordination and determination of standards in Universities and also establish the UGC as a regulatory body
The National Commission for Minority Educational Institutions Act, 2004- constitute a National Commission for Minority Educational Institutions and gives right to establish minority educational institutions
The Central Universities Act, 2009- establish universities for teaching and research in various states
The School of Planning and Architecture Act 2014- establish and declare Schools of Planning and Architecture as Institutions of national importance in order to promote education and research in architectural studies including planning of human settlements.
The All India Council for Technical Education Act, 1987- establishment and development of AICTE for proper planning and coordinated development of technical education system
The Institutes of Technology Act, 1961- declare certain institutions of technology as institutions of national importance
National Institutes of Technology Act, 2007- declare certain institutions of technology as institutions of national importance and to provide instructions and research in engineering, technology, management, education, science and arts.
The National Institutes of Technology (Amendment) Act,2012
The National Institutes of Technology, Science Education and Research (Amendment) Act,2014
The Institutes of Technology (Amendment) Act, 2012
The Architects Act, 1972- to provide for registration of architects
The Apprentices Act, 1961- regulation and control of training for apprentices
Indian Institutes of Information Technology Act, 2014 and amendments in 2017 & 2020
The Indian Institutes of Management Bill, 2017- declare certain Institutes of management to be institutions of national importance
The Indira Gandhi National Open University Act, 1985-  establish and incorporate an Open University at the national level for the introduction and promotion of open university and distance education systems in the educational pattern of the country and for the co-ordination and determination of standards in such systems
All Acts and Regulations can be accessed here.
Ministry of Education website- https://www.education.gov.in/.
”",Education_Sector
“What is the Right to Education Act?”,"“The Right of Children to Free and Compulsory Education Act or Right to Education Act (RTE), is an Act of the Parliament of India enacted on 4 August 2009, which describes the modalities of the importance of free and compulsory education for children between 6 and 14 in India under Article 21A of the Indian Constitution.”",Education_Sector
“What happens if there are more applications than places available for admissions in a school?”,"“Admission authorities must admit children up to the number of school places available (admission number). If there are more applications than the admission number then the admission authority will offer places to children according to the list of rules for admitting children to school. They may include things such as how close you live to the school, or if you have a brother or sister already in the school; the admission authority information for parents should have the full list either in a booklet or on their website. Sometimes a place will become available in early September, because children expected at schools have gone to another school for some reason. Sometimes no places become available.”",Education_Sector
“My child has special educational needs. How do I apply for a school place?”,"“If your child has special educational needs (SEN) you will need to apply along with everyone else in mainstream schools. Education authorities have to ensure that 3% reservation for persons with disabilities is done in all institutions receiving funds from the Government (Under The Persons with Disabilities Act, 1995, Section 39).”",Education_Sector
“What is Higher Education?”,"“Higher Education is the study done after 10+2 - i.e. 10 years of primary and secondary education followed by two years of senior secondary education.

2. Main Organisations in the higher education system in India are:-
· University Grant Commission (UGC)
· All India Council for Technical Education (AICTE)
· Distance Education Bureau (DEB)
· Indian Council for Agriculture Research (ICAR)
· Bar Council of India (BCI)
· National Council for Teacher Education (NCTE)
· Rehabilitation Council of India (RCI)
· National Medical Council (Previously known as Medical Council of India (MCI))
· Pharmacy Council of India (PCI)
· Indian Nursing Council (INC)
· Dentist Council of India (DCI)
· Central Council of Homeopathy (CCH)
· Central Council of Indian Medicine (CCIM)",Education_Sector
“Which is the main governing body of Higher Education in India?”,"“The main governing body is the University Grants Commission, the mandates are:-
· Promoting and coordinating university education.
· Maintaining standards of teaching, examination and research in universities.
· Framing regulations on minimum standards of education.
· Advising the Central and State governments on the measures necessary for improvement of university education”",Education_Sector
“What is a Central University?”,“All Central Universities in India are established by an Act of Parliament and are under the purview of the Department of Higher Education (MHRD) and funded by Government of India.”,Education_Sector
“What is a state University?”,“State Universities are run by the state government and are established by Legislative Assembly Act.”,Education_Sector
“What is Deemed University?”,"“Deemed university is autonomous and the status is granted by the Department of Higher education on the advice of UGC, under section 3 of UGC Act, 1956 and are funded by the Central government.”",Education_Sector
“What is a Private University?”,"“Private universities are approved by the UGC. They can grant degrees but they are not allowed to have off-campus affiliated colleges, and their funding comes from tuition fees, investments, and private donors.”",Education_Sector
“What is the Grievance Redressal Mechanism of UGC?”,"“The Online Students Grievance Redressal System facilitates students / complainants to lodge his or her grievance, send reminders and view status on action taken with regard to their grievance(s). The basic aim of the portal is to ensure transparency in admissions, prevent unfair practices in higher educational institutions and provide a mechanism for redress of their grievances. The system also facilitates the universities to search and browse grievances lodged against their university and post action taken against the complaints on the portal as well as contact the complainant directly through email, phone or by post.

For more information, please login to https://samadhaan.ugc.ac.in/
”",Education_Sector
“What is the Grievance Redressal Mechanism of AICTE?”,"“· Every institution must maintain a registry in which a student can record a complaint.
· AICTE has directed all universities and colleges to appoint a grievance redressal committee and an ombudsman, and when a complaint is received, the ombudsman must seek an explanation from the institution concerned within seven days and conduct proceedings and dispose of the case within a month.
· The committee and ombudsman have powers assigned to investigate complaints. Students can also register complaints against their own institute/university.
”",Education_Sector
“Can the institutes demand fees for the entire course from the Students?”,"“The educational institute cannot demand a fee for the entire course from the student at the very onset of the course. Also, the universities are free to devise their own fee structure, but it should be reasonable, that is there can be no charging of capitation fee for profiteering, as held in PA Inamdar v. State of Maharashtra, CA/5041/2005/2005, SC.”",Education_Sector
"“Can the Universities and colleges be questioned for non-grant of admission, number of seats or conducting of exams?”","“A University, while conducting exams or giving admission to students  in particular subjects or streams or while deciding fee structures, number of seats available, cannot be questioned before the Consumer commission as these are statutory functions and do not fall within the definition of 'services' as laid down under the Consumer Protection Act.”",Education_Sector
“Can a student seek refund of fees which have been paid if the facilities promised are not given?”,"“If a student wants to leave an institute mid-way and is seeking a refund of the fees paid in advance for the full course, he or she is eligible for the same. Processing or administrative charges may be deducted by the institute.”",Education_Sector
“Can I seek refund even if the fee receipt says that fee once paid is not refundable?”,"“The fee receipts may say that the fees once paid are non-refundable, but if certain services have been paid for and the institute fails to deliver the same as promised, they can withdraw from the course and demand a refund of the balance amount of the fees that has been paid.  One can refer to Fiitjee Ltd. v. Ms. Nisha Aggarwal, Appeal/103/2021/2022/SCDRC Chandigarh, wherein it was held, ‘A student or a trainee may leave midstream if he finds the service deficient, substandard and non-yielding, and to tell him that fees once paid are not refundable was an unfair trade practice, as no service provider can take or charge the consideration of the service which it has either not given or has not been availed.’”",Education_Sector
“When is education not a service under the Consumer Protection Act?”,"“· Conducting Exams.
· Issue of Roll No.
· Deciding Examination Center.
· Evaluating papers.
· Cancelling Candidature.
· Allotting Subjects.
· Declaring Results.”",Education_Sector
“What is Aadhaar?”,"“Aadhaar is a project from the government of India under which the residents of this country will be given a unique identification number (UID). The Aadhaar number is a 12-digit unique number for every single individual whose uniqueness is determined through biometric (fingerprints, iris scan, photograph) and demographic (residential address) details of the individuals.”",Technology_Services_Sector
“What are mobile wallets?”,"“These are mobile-based virtual wallets wherein you can store your money after registering with a service provider, to make online and offline payments to merchants associated with the said service provider. Mobile Wallets are also called mWallet, eWallet or digital wallet.”",Technology_Services_Sector
“Which are the major mobile wallets in India?”,"“Several online wallet services have emerged in the young emerging mobile wallet market of India. The more famous ones are Paytm, MobiKwik, Freecharge, PayU and Oxigen.
Currently, Paytm has a chunk of market share in the number of registered users and volume of transactions via the service provider.”",Technology_Services_Sector
“What is the real estate sector?”,"“Real estate is the umbrella word for any land-based property that includes a building or structures. It entails the acquisition, resale,development of land,  as well as residential and nonresidential structures, rental and property management issues. Customers know virtually little about this industry. This is the reason why they are taken advantage of and defrauded in this industry.”",Real_Estate_Sector
“What are the available grounds for complaints?”,"“
False assurances about the provision of various amenities
Delays in handing over possession even after making full and final payments.
Clandestine sale of disputed properties which do not have a clear title.
Wrong measurements and usage of sub-standard materials.
Charging more money than agreed.
Construction not completed within the promised duration.
Not providing the promised booked plot or flat.
Refusal to return security deposit
Excessive deductions from the security deposit without adequate reason
Increasing rent without adequate notice
Not providing necessary documentation for possession
Failure to deliver possession on the agreed date specified in agreement
Not refunding booking amount when failing to give timely possession
Lack of clear title causing possession delays
Failure to obtain necessary permits causing possession delays
”",Real_Estate_Sector
“What are the modes or methods of complaint available?”,"“The consumer can register his complaint through various available mechanisms. These are provided below in a step-by-step manner.
(i) Giving a Notice to the Builder:
The consumer shall issue a formal notice to the builder regarding the adverse practices being followed. If the builder does not respond within a reasonable period of time, the consumer can move further with the issue. At this point, the consumer can proceed under the RERA Act of 2016, and under the consumer protection act, 2019.
(ii) Under RERA, 2016:
The main goal of the RERA Authority is to provide purchasers with relief by swiftly settling disputes. RERA is applicable to projects that did not have the completion certificate as of the date of the enactment. Therefore, the consumer can file complaints against projects that are registered with RERA. In doing so, the consumer shall go to the state website of consumer redressal in RERA cases and register their complaints. A step-by-step guide to the same could be found in the link given below:
https://rera.karnataka.gov.in/resources/staticpage/complaint%20usermanual.pdf
Upon filling of the form, the consumer has to pay a small fee.
(iii) Approaching Confederation of Real Estate Developers’ Association of India (“CREDAI”):
Established in 1999, CREDAI is the apex body of private real estate developers in India, which has adopted a voluntary standard code of conduct aspiring towards ethical business practices. A complaint on their portal could be registered using the following link:  https://credai.org/register-your-complaint
(iv) Approaching any other appropriate judicial or quasi-judicial body:
The complainant is free to take the service provider to a court or any other suitable venue (judicial or quasi-judicial). The proceedings in consumer commissions are not mired by the niceties of procedure, allowing the complainant to file a complaint for himself. As a consumer, the aggrieved party can take the service provider to the appropriate consumer commission, based on the pecuniary and territorial jurisdiction. The jurisdictions of the various consumer commissions are as follows-
a) District Commission: The aggrieved consumer can reach out to the District Commission under section 34 of the CPA, 2019, which provides that the district commission shall entertain matters where the value of the goods or services paid as consideration does not exceed more than fifty lakhs rupees.
b) State Commission: In cases where the value of the goods or services paid as consideration is more than fifty lakhs, but less than 2 crores, the consumer can approach the State Commission. Moreover, in cases of unfair contracts, the State Commission has original jurisdiction and the consumer can be directly approached. An appeal against the order of the District Commission can also be made under section 47 of the CPA, 2019.
c) National Commission: The National Commission can entertain matters where the value of goods or services paid as consideration exceeds 2 crores. Section 58 also provides that complaints against unfair contracts can be entertained by NCDRC when the amount of value paid exceeds 10 crores. The NCDRC also has appellate jurisdiction against the orders of any State Commission and Central Authority.Moreover, it must also be kept in mind, that section 100 of the CPA, 2019 provides that the remedy under CPA is in addition and not in derogation of other available remedies.Another remedy available to consumers is mediation. Chapter 5 of the Consumer Protection Act provides for establishing mediation cells and resolving consumer complaints using mediation. The following link could be used to file complaints online:
https://consumerhelpline.gov.in/”",Real_Estate_Sector
“What are the regulatory bodies in this sector?”,"“A completion certificate is a document issued by the local development or municipal authority after the construction of a building is finished. It confirms that the building has been constructed as per the approved building plan, local laws, and safety norms. For a homebuyer, this certificate is important because it proves that the construction is legally complete and compliant. It is also required before applying for an occupancy certificate or getting services like water, electricity, and property registration. Without a completion certificate, the building may be considered unauthorized.”",Real_Estate_Sector
"“What is the difference between Built-up Area, Super Built-up Area and Carpet Area?”","“Carpet Area is the area of the apartment that does not include the area of the walls i.e. the area of the apartment that a carpet can cover. Built-Up Area is the area of the apartment that includes the area covered by the walls. Super Built-Up Area includes the built-up areas such as the lobby, lifts, stairs etc. This term is therefore only applicable for multi-dwelling units, such as flat complexes.”",Real_Estate_Sector
"“What is the difference between the Lease, Leave, and the License agreement?”","“A Lease, defined under Section 105 of The Transfer of Property Act, 1882, is a transfer of the right to enjoy the concerned property for a pre-defined time period or in perpetuity. The lesser (owner of the property) gives the lessee (the one leasing the property) such consideration periodically, usually at the beginning or end of a lease agreement. License is defined in Section 52 of the Indian Easements Act, 1882. License does not allow any interest in the premises on the licensee's part. It merely gives the licensee the right to use and occupy the premises for a limited duration. A lease deed needs to be stamped and registered. The amount payable towards the lease deed's stamp duty is more than that payable towards the Leave and License's. For a period exceeding three years, the stamp duty is same for both agreements.”",Real_Estate_Sector
“What are the implications of entering into a lease agreement?”,"“A freehold property flat is one where there is a whole and sole owner/s, ownership is full and unconditional and there is no lessor. A freehold property flat is one where there is a whole and sole owner/s, ownership is full and unconditional and there is no lessor / lessee involved. On the other hand, a leasehold property means you have the right to use the property for a fixed number of years, commonly 30, 60, or 99 years but the land itself is owned by a government authority or landlord. While you can sell or transfer the leasehold interest, you may need approval from the landowner, and renewing the lease or converting it to freehold might involve extra costs or conditions.”",Real_Estate_Sector
“What is power of attorney in real sector sector?”,"“In real estate, a Power of Attorney (PoA) is a legal document that allows one person (the principal) to authorize another person (the agent or attorney-in-fact) to act on their behalf in property-related matters. This can include buying or selling property, executing sale or lease agreements, managing or renting property and representing the principal before authorities or registrars
There are two main types: general PoA that has broad powers over multiple transactions and special PoA which is limited to a specific act or transaction. While commonly used when the principal is unavailable (e.g., living abroad), it's important to note that PoA is not a substitute for a sale deed. In most cases, property transfer must be done through a registered sale deed, not just a PoA.”",Real_Estate_Sector
“Who is liable to pay Stamp Duty-the buyer or the seller?”,“The buyer is liable to pay the stamp duty.”,Real_Estate_Sector
“What is meant by the market value of the property and is Stamp Duty payable on the market value of the property or on consideration as stated in the agreement?”,"“Market value of property is the price at which there is a willing buyer and a seller agreeing to the transfer the property at an arms length transaction. Stamp duty is levied on the ready reckoner rate or the agreement price, whichever is higher.”",Real_Estate_Sector
“Who is the appropriate authority for knowing the market value of the property?”,“It is ideal to get the valuation done by a certified valuer for the house as per the ongoing rates. The property valuation reports can be obtained from the architects or a certified valuation expert.”,Real_Estate_Sector
“What action can I take against a builder who is delaying possession?”,“The first course of action should always be to issue a letter in writing to the builder stating your grievance. Ensure that all assurances by the builder of giving you possession on such and such date are given to you in writing on the letterhead and under the seal of the builder. If it appears that the builder will not be giving you possession in an acceptable time period then you may approach CREDAI for mediation.”,Real_Estate_Sector
“What is CREDAI?”,"“The Confederation of Real Estate Developers' Association of India (CREDAI) is an association formed by developers and builders in India for self-regulating the business of real estate development. CREDAI has more than 8500 member developers and builders through 112 member associations with representation in all the major cities and states of the country. CREDAI has its office at #703, Ansal Bhawan, Street 16, Kasturba Gandhi Marg, New Delhi, Delhi 110001.”",Real_Estate_Sector
“What is your recourse in case of a delayed project?”,"“First and foremost, buyers should scrutinize the project and the background of the developer. If possible, they must hire a real estate consultancy firm who has market expertise and is known for unbiased consulting. In addition, an investor has the right to ask for the copies of approvals of the project, if not buying during a soft launch stage. You must ask for detailed construction schedules and negotiate for penalty clause in case of delay of project. Refunds can be claimed if a project is delayed beyond the period stipulated in the Builder Buyer Agreement by filing a case in the consumer court.”",Real_Estate_Sector
“What is banking?”,"“A bank is a financial institution licensed to receive deposits and make loans. Banks may also provide financial services such as wealth management, currency exchange, and safe deposit boxes. There are several kinds of banks - retail banks, commercial or corporate banks, investment banks, payment banks etc.
According to official records and data, there are 94,384 rural cooperative banks in India, along with 27 public sector banks, 21 private sector banks, 49 foreign banks, 56 regional rural banks, and 1562 urban cooperative banks.",Banking_Sector
“What are the grounds for complaint?”,"“The Banking Ombudsman can receive and consider any complaint relating to the following deficiency in banking services (including internet banking):
non-payment or inordinate delay in the payment or collection of cheques, drafts, bills etc.;
non-acceptance, without sufficient cause, of small denomination notes tendered for any purpose, and for charging of commission in respect thereof;
non-acceptance, without sufficient cause, of coins tendered and for charging of commission in respect thereof;
non-payment or delay in payment of inward remittances ;
failure to issue or delay in issue of drafts, pay orders or bankers’ cheques;
non-adherence to prescribed working hours ;
failure to provide or delay in providing a banking facility (other than loans and advances) promised in writing by a bank or its direct selling agents;
delays, non-credit of proceeds to parties accounts, non-payment of deposit or non-observance of the Reserve Bank directives, if any, applicable to rate of interest on deposits in any savings, current or other account maintained with a bank ;
complaints from Non-Resident Indians having accounts in India in relation to their remittances from abroad, deposits and other bank-related matters;
refusal to open deposit accounts without any valid reason for refusal;
levying of charges without adequate prior notice to the customer;
non-adherence by the bank or its subsidiaries to the instructions of Reserve Bank on ATM/Debit card operations or credit card operations;
non-disbursement or delay in disbursement of pension (to the extent the grievance can be attributed to the action on the part of the bank concerned, but not with regard to its employees);
refusal to accept or delay in accepting payment towards taxes, as required by Reserve Bank/Government;
refusal to issue or delay in issuing, or failure to service or delay in servicing or redemption of Government securities;
forced closure of deposit accounts without due notice or without sufficient reason;
refusal to close or delay in closing the accounts;
non-adherence to the fair practices code as adopted by the bank or non-adherence to the provisions of the Code of Bank Commitments to Customers issued by Banking Codes and Standards Board of India and as adopted by the bank ;
non-observance of Reserve Bank guidelines on engagement of recovery agents by banks; and
any other matter relating to the violation of the directives issued by the Reserve Bank in relation to banking or other services.

A customer can also lodge a complaint on the following grounds of deficiency in service with respect to loans and advances
non-observance of Reserve Bank Directives on interest rates;
delays in sanction, disbursement or non-observance of prescribed time schedule for disposal of loan applications;
non-acceptance of application for loans without furnishing valid reasons to the applicant; and
non-adherence to the provisions of the fair practices code for lenders as adopted by the bank or Code of Bank’s Commitment to Customers, as the case may be;
non-observance of any other direction or instruction of the Reserve Bank as may be specified by the Reserve Bank for this purpose from time to time.
a customer would also be able to lodge a complaint against the bank for its non-adherence to the provisions of the fair practices code for lenders or the Code of Bank’s Commitment to Customers issued by the Banking Codes and Standards Board of India (BCSBI).
Judgements illustrating grounds of complaint
Metco Export International v. Federal Bank Limited and others. - The National Commission reiterated the fact that commercial purpose shall depend on the facts and circumstances of each case. It was held that for ‘commercial purpose,’ generation of profit from the goods purchased or services availed would be the main criterion. Since dispatch of papers by the Bank per se was not going to generate any profit to the complainant as the actual profit would come from the dispatch and sale of the exported goods, the Commission held that the complainant was a consumer.

CITI Bank N. A., Home Loan Department and another v. Ramesh Kalyan Durg and another - If the Complainants suffer the loss due to loss of the said documents the bank will be liable to compensate the Complainant.

HDFC Bank Ltd. v. Balwinder Singh - Practices involving forced repossession by the bank are strongly deprecated.

Prakash Chimanlal Sheth v. HDFC Bank limited, Maharashtra - Bank officials declining to encash the cheque is a deficiency of service.

Neelam Pansari & Another v. C.G.M State Bank of India & Another - NCDRC held SBI liable for deficiency in service for unnecessary increase in the rate of interest.”

Pradeep Kumar v. Postmaster General - The petitioner, a consumer, was denied compensation by the NCDRC after their Kisan Vikas Patra (KVP) savings were fraudulently encashed by a government agent. The agent misused her position to illegally withdraw the funds, which were meant for the petitioner. The court found that the post office failed to follow proper procedures and allowed the fraud to happen due to negligence by its staff. The court held the post office vicariously liable for the actions of its employees, stating that the consumer should not suffer for internal lapses and ordered full compensation with interest. It emphasized that payments should follow proper rules and that savings like KVPs must not be encashed in cash.

Arun Bhatiya v. HDFC Bank - The case involved a consumer whose fixed deposit (FD), held jointly, was prematurely withdrawn by the bank on the instruction of only one joint holder—his father—without the required consent from both account holders. The consumer claimed this was a clear deficiency in service by the bank. Initially, the consumer forums (State and National Commissions) rejected his complaint, saying it was a family dispute and better suited for a civil court. However, the Supreme Court disagreed, stating that banking services fall under the Consumer Protection Act, 1986, and that the complaint was valid under consumer law. The Court emphasized that any person who uses banking services is a consumer and has the right to seek remedies for unfair or deficient services. Since the bank violated the FD terms requiring signatures from all joint holders for early withdrawal, the matter was sent back for fresh review by the consumer commission.
State Bank of India vs. Pallabh Bhowmik and Others - Banks are fully liable if money is fraudulently withdrawn from a customer’s account. Financial institutions have a duty to safeguard customer funds and cannot evade responsibility for unauthorized transactions. In this case, it was also noted that unauthorized electronic transactions result in zero consumer liability if it is reported within 3-working days (as per an RBI circular), and there has not been any negligence from the consumer (such as disclosing sensitive information to third parties). Holding consumers liable requires negligence to be established. Since it was not there in this case, the bank was held liable.”",Banking_Sector
“What are the regulatory bodies?”,"“Reserve Bank of India (RBI) is the central bank of India and manages credit supply, regulates operations of banks, and helps maintain a healthy financial system.
Securities and Exchange Board of India (SEBI) protects the interests of the participants and enforces a set of rules to ensure that the market functions effectively
Insurance Regulatory and Development Authority of India (IRDAI) promotes orderly growth and proper functioning of the insurance industry in India.
The Ministry of Corporate Affairs is one of the financial regulators in India that regulates the functioning industrial and services sectors.
Pension Funds Regulatory and Development Authority (PFRDA) regulates pensions”",Banking_Sector
“What are the landmark judgements in banking?”,"“State Bank of India vs. Amiti Gupta - The Supreme Court reinforced that financial institutions are obligated to address consumer complaints promptly and effectively. Failure to do so constitutes a violation of consumer rights, highlighting the importance of responsive customer service in the banking sector.”
Indian Bank vs. M/S Satyam Fibres (India) Pvt. Ltd. – In this case, the issue was whether the letter submitted by the respondent was a forged letter, and whether the opposite party bank had the duty to ensure co-acceptance by the foreign bank? It was held that the opposite party bank failed to notice that the letter annexed was not the same as the letter of the same date given by the complainant to the bank. Based on evidence, it was established that the letter was forged and the respondent’s case was dismissed. The SC noted that banks need to act in accordance with the uniform rules of collection made by the International Chamber of Commerce.
Mardia Chemicals vs. UOI - In this case, the Supreme Court struck down certain provisions of the SARFAESI Act that were deemed unfair to borrowers, especially those that restricted the borrower’s right to approach the Debt Recovery Tribunal (DRT) without first depositing 75% of the amount claimed by the bank. This judgment was a significant victory for borrowers, ensuring that they had the right to contest recovery proceedings without facing undue financial hardship.
ICICI Bank vs. Shanti Devi Sharma - the Supreme Court reinforced that the powers given to banks under the SARFAESI Act must be exercised with due regard for fairness and justice. The court ruled that borrowers should be given a fair opportunity to settle disputes before harsh recovery actions like repossession of property are initiated.
Hongkong And Shanghai Banking Corp. Ltd vs. Awaz & Ors. – the Supreme Court held that setting interest rate ceilings for credit cards falls under the exclusive jurisdiction of the Reserve Bank of India (RBI). Earlier, the NCDRC held that charging interest rates beyond 30% constitutes an unfair trade practice. However, the SC upheld the exclusivity of the RBI in banking regulation and noted that the attempt on the part of NCDRC to try and impose ceilings on interest rates and ordering the RBI to issue specific regulations was an overreach and encroachment upon its statutory mandate.
Jaiprakash Kulkarni and Ors. vs. Banking Ombudsman and Ors. – this case is on cyber fraud. Unauthorized beneficiaries were added to the petitioner’s bank account without any OTP notification. There was a debit of Rs. 76,90,017/- through multiple transactions the following day. The petitioner, within the next two days, notified the bank and filed an FIR as well. The Court highlighted the importance of complying with the 2 Factor Authentication, and held the bank responsible for this lapse. Further, since the petitioner reported the matter swiftly and there was no negligence on his part, he was not held liable for losses. The bank was required to compensate the customer here.
HDFC Bank Ltd. vs Satish Baishya – The complainant/respondent had an account in the petitioner bank. When he went to the bank for withdrawing money, it came to his knowledge that Rs. 35,000 had been withdrawn by someone from his account. Notably, he was not informed of the transactions through SMS or otherwise. When he visited the bank, the bank ignored the matter and kept it aside. The NCDRC held HDFC Bank liable for failure to resolve the Complainant's grievances pertaining to multiple unauthorized transactions. Further, it failed to ensure SMS alert service for amount deduction.
Melwin D'Mello vs Bank of Baroda – The Complainant opened an NRI account with the Bank of Baroda, subsequently initiating an FC in 1996. This deposit was renewed regularly until 2019. On April 26, 2018, the FD was renewed again with maturity set for April 26, 2019. However, upon seeking renewal, the Complainant's sister was informed that the deposit was prematurely closed, despite the Complainant possessing the original deposit receipt. The Complainant alleged that despite assurances from the bank to investigate, no satisfactory resolution was provided. Before the commission, the Bank of Baroda was held liable for deficiency in service for prematurely closing the fixed deposit of an NRI customer and erroneously adjusting it against another customer's loan account.
K. Venkatasubbaiah vs Manager, State Bank of India – The complainant had a savings bank and FD account with the SBI. An amount of Rs. 64,000 was fraudulently transacted by an unknown person from his account by answering a phone call from SBI. He firstly filed a cyber complaint and then approached the bank branch with the same, but the bank refused to give any kind of relief. Consequently, SBI was held liable for deficiency in services due to its failure to safeguard the FD account of a customer which resulted in unauthorized transactions.
IDBI Bank Ltd. vs. R Sivakumar - Compensation, if any, has to be commensurate with the loss and injury suffered by the complainant. In the present case, while granting relief to the consumer from whose account money was debited although the transaction was not successful, the commission observed that no cause of action would arise if the issuer bank has reversed the amount within the stipulated period, and the transaction did not go through due to issues on the side of the acquirer bank.
Anil Milkhiram Goyel and Ors. vs. Hongkong and Shanghai Banking Corporation Limited - Freezing of joint SB A/c of the complainants on the ground of KYC non-compliance when the same was duly complied with, and/or non-deposit of the outstanding amount in a loan account when the impugned account was closed much earlier, which resulted in declining of ATM transaction not justified if proper evidence to this effect is not produced by the opposite party, and has been negligent in checking whether the formalities have been complied with or not.
State Bank of India Vs. Sansar Chand Kapoor and Ors. - The National Commission held that failure to provide CCTV footage of the ATM to a Complainant in cases alleging fraudulent withdrawal of money from their account amounts to deficiency of service on the part of the bank. The Commission also held that when the Complainant states that he did not withdraw the money, withdrawal of money could only have been possible by someone who had stolen the Complainant’s credit card and the Complainant had either disclosed the PIN number to the fraudsters or had been careless and inadvertently provided the PIN.
Indian Medical Association vs. V.P. Shantha and Ors. - In this case where for a bid certain earnest money or security deposit was taken, and the terms of the bank guarantee stated that withdrawal within 120 days would lead to forfeiture of the security money, the court held holding the HC in err that, “Forfeiture of security money does not in any way affect rights under the Contract Act. A person may have the right to withdraw the offer on the condition that certain earnest money will be forfeited and when he withdraws, he cannot also claim refund of the security deposit or earnest money.”
Vishnu Bansal v ICICI Bank Ltd. – The complainant took a home loan from the OP ICICI Bank @ 7.25% interest rate which was payable in 240 monthly EMIs. Later, the bank increased the interest rate to 8.75% and then to 12.25%, and also the number of EMIs to 331, without informing the complainant. The complainant approached the banking ombudsman, but no progress was made. He alleged deficiency of service and unfair trade practice on the part of the OP. The commission held that though the interest rate here was ‘floating rate of interest’ and the OP had a right to change the rate charged on the loan, it does not mean that it can increase or decrease of interest without apprising the borrower/Complainant about the change in interest charged or the number of EMIs. In simple terms, an opportunity must be afforded to the Borrower before changing the floating rate of interest. It accordingly held that the increase in the interest rates by the OP without taking the consent from the borrower/complainant amounted to Unfair Trade Practice.
HDFC Bank Ltd. v Balwinder Singh - The complaint was of the bank, or its loan recovery agent, employing musclemen to take forcible repossession of the hypothecated vehicle and thus causing physical harassment and mental trauma to the complainant. The District Forum allowed the complaint and directed the bank to pay compensation of Rs. 4 lakh for repossessing the vehicle in this manner and reselling it to a third party. The State Commission confirmed the order in appeal. Dealing with the bank's revision petition, the National Commission expressed shock that the bank had hired musclemen directly or through its recovery agents to recover the loan/repossess the vehicle. The Commission also referred to the State Commission's order, which had observed that the alleged letter produced by the bank purporting to the complainant voluntarily handing over possession of the vehicle was unreliable and that no notice was given to the complainant at the stages of repossession and sale of vehicle. In dismissing the petition, the Commission relied upon its judgment in Citicorp Maruti Finance Limited v S. Vijayalaxmi where it had strongly deprecated such practices. The Commission dismissed the petition and awarded Rs. 25,000/- as exemplary costs in this case.
Citicorp Maruti Finance Ltd. v S. Vijayalaxmi – the complainant borrowed money from the bank to purchase a vehicle through a hire purchase agreement. The complainant made regular payments to the bank, but failed to pay some installments in time due to some unforeseen circumstances. She requested the bank for a one-time settlement, which required her to pay a specific amount by a certain date. However, the bank appointed musclemen to repossess the vehicle, and sold it to a third party. The NCDRC held that a bank/moneylender/financier does not have the power to take possession of a vehicle purchased through a hire purchase agreement by use of force. Even though a hire purchase agreement may give the right to take possession, banks/moneylenders/financiers can only do so by using lawful means, i.e., statutory remedy and intervention of the court.
Punjab National Bank v K.B. Shetty - The complainant, K.B. Shetty, held a fixed deposit with Punjab National Bank. Despite instructions to renew the deposit automatically upon maturity, the bank failed to do so, resulting in financial loss to the depositor due to decreased interest rates. The Supreme Court held that: (1) banking services fall within the definition of ‘service’ under the Consumer Protection Act, (2) a bank’s failure to follow depositor instructions constitutes deficiency in service, and (3) the customer was entitled to compensation for the financial loss suffered.
M.P. Minerals Ltd. v Bank of India and Ors. - A complaint was filed alleging deficiency in service in not paying the amount of bank guarantee on demand. The defense plea was that the demand was not in accordance with terms of guarantee. It was held that where bank guarantee provided conditions for its invocation, then the Bank would not be deficient in service in not making payment under the bank guarantee if conditions were found not fulfilled.
N. Raveendran v Branch Manager, State Bank of India - Due to the wrongful dishonour of the demand draft the complainant was stranded at a very far off place from his home and it resulted in loss, mental agony and hardship to him. The commission noted that the primary duty of a Bank is to safeguard and protect the interest of their customer. It was held that if there has been a lapse or an omission committed by the officials of the Bank and if some inconvenience were caused to a customer due to the omission, negligence or default of the Bank, it amounts to a defective service according to the Consumer Protection Act.
P.P. Devassy v SBI and Ors. - The complainant's employer had sent some amount to him towards his traveling expenses, but the same was not received in his account with Catholic Syrian Bank, Ernakulam. The employer's banker in Middle East had sent telex payment order to the first opposite party (SBI Overseas Branch, Bombay) in favour of the complainant's aforesaid account who in turn vide telegraphic transfer remitted the funds to second opposite party (SBT, Ayiroor Branch) for credit to complainant's account. However, the said telegraphic transfer was not received by the second opposite party. It was held that not only the persons who hires any service but also the persons who are the beneficiaries of such service other than actual hirers would come within the clutches of the term 'consumer'. However, in the present case, the complainant's employer had not hired the services of the opposite parties but had hired the services of their bank in Middle East for sending the money. Therefore, it was held that the complainant was not a beneficiary of the service rendered by the opposite parties and hence not a consumer as defined under the Act. Thus, the complaint was dismissed.
Manohar Singh Chouhan & Ors. v Central Bank of India - The complainants had purchased a tractor after taking loan from the respondent bank. The respondent bank did not remit the premium amount to the insurance company with which the complainants have insured their tractor as a result of which the loss suffered when the tractor met with an accident could not be recovered from the Insurance company. The issue for consideration is whether non-payment of premium amount by the bank amounted to deficiency in service. It was held that when hire purchase agreement between the bank and buyer of the vehicle with the help of bank loan did not contain a condition creating obligation on the part of the bank to remit premium for insurance policy, complainant buyer of vehicle could not hold bank guilty of deficiency in service.
Branch Manager, State Bank of India v  S. K. Lekhi - The issue for consideration is whether there is deficiency in service by the bank in levying increased ledger folio charges and increase in minimum balance limit and deducting the same from the respondent without giving him notice. It was held that the increase in minimum balance amount in current account and increase in ledger folio charges brought in operation by bank pursuant to the Reserve Bank of India directions and general policy could not be held deficiency in service on the ground that individual notice was not given to the consumer.",Banking_Sector
“What are the Acts and Guidelines that govern banking?”,"“
Banking Regulation Act, 1949 https://rbidocs.rbi.org.in/rdocs/Publications/PDFs/BANKI15122014.pdf
Banking Regulation (Amendment) Act, 2020.

Reserve Bank of India Act 1934 https://rbidocs.rbi.org.in/rdocs/Publications/PDFs/RBIAM_230609.pdf
Negotiable Instruments Act, 1881 https://legislative.gov.in/sites/default/files/A1881-26.pdf
The Payment and Settlement Systems Act, 2007 https://rbidocs.rbi.org.in/rdocs/Publications/PDFs/86706.pdf
The Special Court (Trial of Offences Relating to Transactions in Securities) Act, 1992  https://legislative.gov.in/sites/default/files/A1992-27.pdf
The Special Court (Trial of Offences Relating to Transactions in Securities) Rules, 1992. https://financialservices.gov.in/sites/default/files/The%20Special%20Court%20%28TORTS%29%20Rules%2C1992.pdf ”
RBI Master Circular on Customer Service in Banks (dated 1 July, 2015) This master circular consolidates the important instructions issued by the RBI in the area of customer service up to June 30, 2015. Important from a consumer experience point of view for its focus on resolving complaints, improving customer relations, customer service committees etc.
https://rbidocs.rbi.org.in/rdocs/notification/PDFs/59FM04072F58B1DD44DFADD486B9B0A59E9D.PDF
RBI’s Charter of Customer Rights  (dated 3 December 2014)
It enshrines broad principles for protection of bank customers and lays down the ‘five’ basic rights of bank customers. These are: (i) Right to Fair Treatment; (ii) Right to Transparency; Fair and Honest Dealing; (iii) Right to Suitability; (iv) Right to Privacy; and (v) Right to Grievance Redress and Compensation.https://rbidocs.rbi.org.in/rdocs/content/pdfs/CCSR03122014_1.pdf

RBI Circulars",Banking_Sector
“What are the important links and resources?”,"“For more information on grievance redressal https://rbi.org.in/Scripts/Complaints.aspx
The below mentioned link directs the user to the contact information of the banking ombudsman.
https://www.rbi.org.in/Scripts/AboutUsDisplay.aspx?pg=BankingOmbudsmen.htm
FAQs - https://rbi.org.in/scripts/FAQDisplay.aspx
Banking Sector FAQs - https://consumerhelpline.gov.in/faq-details.php?fid=Banking ”",Banking_Sector
“What should I do if there are unauthorized charges on my account?”,"“You should contact your bank and raise a dispute as this is an option for all the consumers. This dispute can be raised by visiting the bank personally, via telephonic conversation or in writing an email to bank support.”",Banking_Sector
“Are customers charged for transactions at ATMs?”,“RBI has mandated a minimum number of free transactions at ATMs. Banks may offer more number of free transactions or put charges for more transactions at ATMs. Please refer to the website of the Bank where your account is for more information.”,Banking_Sector
“What are various types of cards issued by Banks?”,"“Cards can be classified on the basis of their issuance, usage and payment by the card holder. There are four types of cards (a) debit, (b) credit, (c) prepaid, and (d) electronic.”",Banking_Sector
"“What steps should a customer take in case of failed ATM Transaction, when his/ her account is debited?”",“The customer should lodge a complaint with the card-issuing bank at the earliest. This process is applicable even if the transaction was carried out at another bank's ATM.”,Banking_Sector
“Within how many days of a failed transaction the amount has to be re-credited?”,"“Yes, the card issuing bank has to re-credit the customer’s amount within five calendar days from the date of the failed ATM transaction.”",Banking_Sector
“Where can I complain if I have a problem with my Bank?”,"“1     . Integrated Grievance Redressal Mechanism - On 24th June 2019 RBI launched a software application called Complaint Management System (""CMS"") through NCH’s Integrated Grievance Redressal Mechanism (INGRAM). You can raise your grievance on the Digital Complaint Management System (CMS) Portal: https://cms.rbi.org.in This is the unified portal for Banking, NBFC as well as Digital Transactions related grievances. Citizens can access the CMS portal at RBI’s website to lodge their grievances against any of the entities regulated by RBI. The 2006 Scheme has been replaced by the 2021 Integrated Ombudsman Scheme. Though the previous portal continues to operate as earlier, the information here can be updated based on the 2021 Scheme - https://www.rbi.org.in/commonman/English/Scripts/PressReleases.aspx?Id=3340#:~:text=Complaints%20can%20continue%20to%20be%20filed%20online%20on,Sector%2017%2C%20Chandigarh%20-%20160017%20in%20the%20format

2. Integrated Ombudsman Scheme, 2021-  The Banking Ombudsman appointed has jurisdiction over all commercial banks, regional banks and scheduled primary cooperatives in India.
https://www.rbi.org.in/commonman/English/Scripts/PressReleases.aspx?Id=3340

3. Public Grievances Redressal Mechanism- Grievances received in the Department of Financial Services online or by post / manually in the Department of are processed and forwarded through CPGRAMS (Centralized Public Grievance Redress and Monitoring System) to the concerned organizations for resolution/disposal and are monitored and periodically reviewed.
https://pgportal.gov.in/

4. Approaching any other appropriate judicial or quasi-judicial body:
The complainant is free to take the service provider to a court or any other suitable venue (judicial or quasi-judicial). The proceedings in consumer commissions are not mired by the niceties of procedure, allowing the complainant to file a complaint for himself. As a consumer, the aggrieved party can take the service provider to the appropriate consumer commission, based on the pecuniary and territorial jurisdiction. The jurisdictions of the various consumer commissions are as follows-
a) District Commission: The aggrieved consumer can reach out to the District Commission under section 34 of the CPA, 2019, which provides that the district commission shall entertain matters where the value of the goods or services paid as consideration does not exceed more than fifty lakh rupees.
b) State Commission: In cases where the value of the goods or services paid as consideration is more than fifty lakh, but less than 2 crores, the consumer can approach the State Commission. Moreover, in cases of unfair contracts, the State Commission has original jurisdiction and the consumer can be directly approached. An appeal against the order of the District Commission can also be made under section 47 of the CPA, 2019.
c) National Commission: The National Commission can entertain matters where the value of goods or services paid as consideration exceeds 2 crores. Section 58 also provides that complaints against unfair contracts can be entertained by NCDRC when the amount of value paid exceeds 10 crores. The NCDRC also has appellate jurisdiction against the orders of any State Commission and Central Authority.
Moreover, it must also be kept in mind that section 100 of the CPA, 2019 provides that the remedy under CPA is in addition and not in derogation of other available remedies.
Another remedy available to consumers is mediation. Chapter 5 of the Consumer Protection Act provides for establishing mediation cells and resolving consumer complaints using mediation.

5. Special Courts for securities
These courts dispense of offenses concerning securities operations and the subjects related therewith. The Special Court (Trial of Offenses Relating to Transactions in Securities) Act, 1992 empowers the Central Government to appoint Custodian, who shall publish a notification in the Official Gazette regarding the list of persons involved in the offense connected with transaction of securities. The Act provides that if a person aggrieved by the notification or revocation ordered by the Custodian shall file a petition before the Special Court within thirty days of such order.”",Banking_Sector
“Who is an Internal Ombudsman?”,“Internal ombudsman is an independent apex level authority within the bank appointed to enable and ensure speedy resolution of complaints at the bank level,Banking_Sector
“Who is a Banking Ombudsman?”,“The Banking Ombudsman is a senior official appointed by the Reserve Bank of India to redress customer complaints against deficiency in certain banking services covered under the grounds of complaint specified.”,Banking_Sector
“Which banks are covered under the Banking Ombudsman Scheme?”,"“All Scheduled Commercial Banks, Regional Rural Banks and Scheduled Primary Co-operative Banks are covered under the Scheme.”",Banking_Sector
“When can one file a complaint?”,"“One can file a complaint before the Banking Ombudsman if a reply is not received from the bank for a period of 30 days or the bank rejects the complaint, or if the complainant is not satisfied with the reply given by the bank.”",Banking_Sector
“Is there any cost involved in filing complaints with Banking Ombudsman?”,"“No. The Banking Ombudsman does not charge any fee for filing and resolving customers’ complaints.
For more information please visit https://cms.rbi.org.in/cms/indexpage.html#eng”",Banking_Sector
“What is a debit card?”,"“A debit card works like an electronic check. Because the payment is deducted directly from a checking or savings account. If you use a debit card at a retail store, you or the cashier can run your card through a scanner that enables your financial institution to verify electronically that the funds are available and approve the transaction. Most debit cards also can be used to withdraw cash at ATMs (automated teller machines).”",Banking_Sector
“What are Prepaid Payment Instruments ( PPI’s) ?”,"“Prepaid payment Instruments can be used to buy goods and services as well as transfer and send money to a friend, family, etc. The loading /reloading of such PPI is only from a bank account and to be used for making only digital payments such as bill payments, merchant payments, etc.  Such PPIs can be issued on the basis of essential minimum details sourced from the customer. All PPI’s are issued on the prescribed KYC norms.",Banking_Sector
“What is the framework for “Limiting Liability of Customers for Unauthorized Electronic Payment Transactions?”,"“Consumer using pre-paid payment instruments (PPIs) issued by banks were protected by limiting their liability towards unauthorized electronic transactions. With effect from March 01, 2019, this facility was extended to customers using non-bank issued PPIs as well. The purpose of prescribing a framework for “Limiting Liability of Customers for Unauthorised Electronic Payment Transactions in Prepaid Payment Instruments (PPIs) issued by Authorized Non-banks” was to limit the liability of customers against unauthorized electronic payment transactions in PPIs issued by non-bank issuers. Further, an enhanced consumer grievance redressal framework was also implemented, prescribing the limits up to which a customer may bear liability under various scenarios like contributory frauds, negligence or deficiency on part of non-bank PPI issuer, third party breach, where the deficiency lies neither with the issuer nor with the customer, and scenarios in which the loss is due to negligence of the customer.”",Banking_Sector
“What Is a Mobile Wallet or Digital Wallet?”,“A consumer can store his money in a digital or mobile wallet and carry out online as well as offline transactions without using cash to make purchases. A mobile wallet is a PPI and is a virtual wallet that stores payment card information on a mobile device. Mobile wallets are a convenient way for a user to make in-store payments and can be used at merchants listed with the mobile wallet service provider.”,Banking_Sector
“ How does one use a mobile wallet?”,"“To use this wallet, first you have to open your account in that wallet of your choice and for this it is mandatory to have a mobile number. After registering to this service, money can be transferred to the wallet with the help of a debit or credit card and then at the time of purchase you can use money wallet with the help of a smartphone or mobile.”",Banking_Sector
“What is a payment gateway?”,"“The payment gateway works as the middleman between the customer and the merchant, ensuring the transaction is carried out securely and promptly. An online payment gateway can simplify how merchants integrate the necessary software. As the middleman during the payment processing, the gateway manages the customer’s sensitive card details between the acquirer and the merchant.”",Banking_Sector
“How does a Payment Gateway work?”,"“A customer initiates the payment transaction by clicking on ‘buy now’ or its equivalent button on the website.
·  E-commerce platform takes the customer to a payment gateway where the customer has to input the relevant details.
·   Payment gateway redirects the customer to a secure (consumer to check) page for authorizing the transaction.
· Once the transaction is approved by the payment gateway, banks check the  customer’s account to decide whether the transaction is a success
·  Payment gateway sends the message (successful transaction or error in the transaction) to the customer.
·   If the transaction is successful, the bank settles the payment with the payment gateway.
·   The payment gateway then settles the payment with the merchant, notifying the customer that the transaction is successful and the payment process is complete.”",Banking_Sector
“What is AePS (Aadhar Enabled Payment Service)?”,"“AePS is a bank led model which allows online interoperable final inclusion transactions at PoS (Micro ATM) through the business correspondent of any bank using Aadhaar authentication. In the past few months, several use cases like Loan EMI collection, premium collections, payment on delivery etc. have been developed and operationalized on AePS based - BHIM Aadhaar service with an aim to enable wider financial inclusion.  The four Aadhaar-enabled basic types of banking transactions are Balance Enquiry, Cash Withdrawal, Cash Deposit, Aadhaar to Aadhaar Funds Transfer.”",Banking_Sector
“What is the Internal Ombudsman for Non-Bank Prepaid Payment Instruments?”,"“NEFT offers many advantages over the other modes of funds transfer:
-      The remitter need not send the physical cheque or Demand Draft to the beneficiary.
-      The beneficiary need not visit his / her bank for depositing the paper instruments.
-      The beneficiary need not be apprehensive of loss / theft of physical instruments or the likelihood of fraudulent encashment thereof.
-      Cost effective.
-      Credit confirmation of the remittances sent by SMS or email.
-      Remitter can initiate the remittances from his home / place of work using the internet banking also.
-      Near real time transfer of the funds to the beneficiary account in a secure manner.”

Real Time Gross Settlements FAQs",Banking_Sector
“What is the RTGS System?”,"“The acronym 'RTGS' stands for Real Time Gross Settlement, which can be defined as the continuous (real-time) settlement of funds transfers individually on an order by order basis (without netting). 'Real Time' means the processing of instructions at the time they are received rather than at some later time; 'Gross Settlement' means the settlement of funds transfer instructions occurs individually (on an instruction by instruction basis). Considering that the funds settlement takes place in the books of the Reserve Bank of India, the payments are final and irrevocable.”",Banking_Sector
“How is RTGS different from the National Electronics Funds Transfer System (NEFT)?”,"“NEFT is an electronic fund transfer system that operates on a Deferred Net Settlement (DNS) basis which settles transactions in batches. In DNS, the settlement takes place with all transactions received till the particular cut-off time. These transactions are netted (payable and receivables) in NEFT whereas in RTGS the transactions are settled individually. For example, currently, NEFT operates in hourly batches. [There are twelve settlements from 8 am to 7 pm on week days and six settlements from 8 am to 1 pm on Saturdays.] Any transaction initiated after a designated settlement time would have to wait till the next designated settlement time Contrary to this, in the RTGS transactions are processed continuously throughout the RTGS business hours.”",Banking_Sector
“Would the remitting customer get back the money if it is not credited to the beneficiary's account? When?”,"“Yes. Funds, received by a RTGS member for the credit to a beneficiary customer’s account, will be returned to the originating RTGS member within one hour of the receipt of the payment at the PI of the recipient bank or before the end of the RTGS Business day, whichever is earlier, if it is not possible to credit the funds to the beneficiary customer’s account for any reason e.g. account does not exist, account frozen, etc. Once the money is received back by the remitting bank, the original debit entry in the customer's account is reversed.”",Banking_Sector
“What about Processing Charges / Service Charges for RTGS transactions?”,"“With a view to rationalize the service charges levied by banks for offering funds transfer through RTGS system, a broad framework has been mandated by RBI. Please refer to the RBI site for details pertaining to service charges for RTGS Transactions.”",Banking_Sector
“What is the essential information that the remitting customer would have to furnish to a bank for the remittance to be effected?”,"“The remitting customer has to furnish the following information to a bank for initiating a RTGS remittance:
Amount to be remitted
Remitting customer’s account number which is to be debited
Name of the beneficiary bank and branch
The IFSC Number of the receiving branch
Name of the beneficiary customer
Account number of the beneficiary customer
Sender to receiver information, if any.”",Banking_Sector
“How would one know the IFSC number of the receiving branch?”,"“The beneficiary customer can obtain the IFSC code from his bank branch. The IFSC code is also available on the cheque leaf. The list of IFSCs is also available on the RBI website. This code number and bank branch details can be communicated by the beneficiary to the remitting customer.”


Shares and Brokerage FAQs",Banking_Sector
“What are the kinds of Grievances noted in Shares and Brokerage?”,"“The Various Types of Investors? Grievances observed by SEBI in connection of Shares are as follows:
1. Delay in transfer of shares
2. Non-receipt of shares/dividends/rights/bonus shares
3. Delay/ Non-receipts in issue of duplicate shares
4. Delay/ Non-receipt of annual reports
5. Delay/ Non-receipt of redemption amount of debentures
6. Delay/ Non-receipt of interest on debentures
7. Delay/ Non-credit of shares in the account by the broker
8. Delay/ Non-payment of sale proceeds by the broker etc.
9. Manipulation in the accounts statements
10. Unauthorized trades and unauthorized movements of shares and funds from the clients? accounts.
11. Dabba Trading/ churning etc. in clients? accounts
12. Delay/ Non-updating the changed detail of Investors.
The market regulator has initiated a centralized online system for lodging and tracking complaints. Here's how to redress your grievances.”",Banking_Sector
“Where to complaint?”,"“For registering a complaint, access https://scores.sebi.gov.in/scores-home/ and click on the 'complaint registration' tab under 'Investor Corner'.”",Banking_Sector
“What is SCORES?”,“It stands for SEBI Complaints Redress System.”,Banking_Sector
“How is the complaint processed?”,"“The complaint is scrutinized by SEBI to see if the subject falls under its purview. If it does, SEBI forwards it to the concerned entity with advice to send a written reply to the investor and file an action-taken report within 30 days.
Track the status of your complaint: To check your complaint status, click on 'View Complaint Status' under 'Investor Corner' on the home page.
STEP 1: Provide the complaint registration number which was allotted at the time of registration.
STEP 2: Enter your password:
In case of online complaints, your email address is your password.
In case of physical complaints sent to SEBI, enter the password sent to you by SEBI in the acknowledgment letter.
RESULTS: On verifying the correctness of the registration number, password, and security code, the current status of your complaint is displayed.”",Banking_Sector
“When are complaints not taken up by SEBI?”,"“Your complaint may not be taken up if:
It is incomplete or not specific.
The allegation is not supported by documents.
You are simply offering suggestions or seeking guidance/explanation.
You want to seek an explanation for non-trading or illiquidity of shares.
You are not satisfied with the trading price of shares.
It is about non-listing of shares of a private offer.
It concerns disputes arising from a private agreement with companies/intermediaries.
Complaints that are sub-judice (relating to cases which are under consideration by court of law, quasi-judicial proceedings etc.)
Complaints falling under the purview of other regulatory bodies viz. RBI, IRDAI, PFRDA, CCI, etc., or under the purview of other ministries viz., MCA, etc.”",Banking_Sector
“How complaints can be informed to SEBI?”,"“A complaint that has been taken up with the company concerned can be registered on SCORES if the investor is not satisfied with the response.
Unlisted companies and entities not registered with SEBI are not covered by SCORES.
An investor, who is not familiar with SCORES or has no access to the website, can lodge a complaint in the physical form by mail to any SEBI office. Such complaints are scanned and uploaded in SCORES for processing.
You can also call up SEBI's toll-free helpline service number for guidance. Dial 1800 266 7575 or 1800 22 7575 (The service is available in 14 languages). For more information please visit https://scores.sebi.gov.in/scores-home/.”

Bharat QR FAQs",Banking_Sector
"""Whom should I contact if I have issues with accepting payments?""
 Answer: ""Please get in touch with your acquiring bank helpdesk.""
 —",“IMPS is an innovative real time payment service that is available round the clock. This service is offered by National Payments Corporation of India (NPCI) that empowers customers to transfer money instantly through banks and RBI authorized Prepaid Payment Instrument Issuers (PPI) across India.”,Banking_Sector
“What is medical negligence?”,"“Recently, there has been a rise in patient rights awareness in Indian culture. When a patient seeks medical advice, the practitioner owes them certain obligations. Negligence is the result of a failure to perform this responsibility. Negligence means carelessness or a lack of proper care and attention. To constitute negligence three elements must be fulfilled:-
• Firstly there must be a duty to take care on the part of the opposite party towards the complainant.
• There must be a breach of that duty.
• Damage or injury by the complainant as a result of such breach.
Apart from protection from negligence, patients also have certain rights:
• Patients have the right to be told about their illness, and to have their medical records explained.
• Patients should be explained about whatever treatment/medicines are prescribed to them. They should be made aware of the risks and side effects, if any. They have the right to ask questions and clarify their doubts about the treatment.
• Patients have the right to maintain confidentiality regarding their illness and can expect the same from the doctors.
• Patients have the right to a second opinion if they are doubtful about the medicines or treatment suggested.
• Patients have the right to know what a suggested operation/surgery is for, and the possible risks involved. If he/she is unconscious or unable to make the decision due to other reasons, informed consent needs to be taken from their nearest relatives.
The preservation of a patient's rights must not, however, come at the expense of the professional's autonomy and honesty. There is unquestionably a need to strike a careful equilibrium.”",Medical_Negligence
“What are the grounds available for complaints?”,"“
There is breach of duty by the doctor because of which an injury is caused
If the consent of a person/patient before performing acts like surgical operations and in some cases treatment as well, has not been obtained.
Damage to organs due to negligence.
Wrong treatment due to wrong diagnosis.
Money receipt or prescription or discharge summary or test reports when not provided.
When treatment is not chosen as accepted and established in medical norms /as per medical research/available medical literature.
Theory of res ipsa loquitur [a thing speaks of itself] - in case any instrument left in the body, a wrong part removed, allopathic treatment given by a homeopathic doctor etc.
Govt Hospital liable if contribution from the employee’s salary deducted OR Payment made by insurance company.
Hospitals can also be negligent ‘it is a case of non- availability of oxygen cylinder either because the hospital failed to keep available a gas cylinder or because of the gas cylinder being found empty.”",Medical_Negligence
“What are the duties required of medical professionals?”,"“CODE OF MEDICAL ETHICS REGULATION 2002
This regulation states the code of etiquettes and morals to be followed by a registered medical practitioner.
Duties and Responsibilities of a Physician:
• He should maintain medical records.
• Every physician has to display their registration number. Must be qualified and recognized by Medical Council of India and registered with Medical Council of India/State Medical Council (s)
• A physician is to prescribe the name of the drugs with their generic name.
• Every physician has to provide highest quality assurance in patient care.
• Every physician has an obligation to expose unethical conduct.
• A physician should announce his fees before rendering service and not after the operation or treatment is under way.
• The physician shall observe the laws of the country in regulating the practice of medicine
and shall also not assist others to evade such laws.
• The physician has to maintain secrecy regarding the patient’s health. No revelation is to
be made until or unless it is made to protect a healthy person from a communicable
disease.
• The physician should neither exaggerate nor minimize the gravity of a patient’s
condition.
• The physician has to avoid unnecessary consultations.
Physician rendering service on behalf of the state shall refrain from anticipating or accepting any consideration.
The practitioner shall not willfully commit an act of negligence that may deprive his patient or patients from necessary medical care.
In case of telemedicine and teleconsultation, the Ethics and Medical Registration Board have laid down extensive regulations - Refer https://www.nmc.org.in/rules-regulations/national-medical-commission-registered-medical-practitioner-professional-conduct-regulations-2023-reg/

MISCONDUCT BY A PHYSICIAN
Adultery or Improper Conduct:
The misuse of power and position by a physician by committing adultery or improper conduct with a patient would make the physician liable for disciplinary action as provided under the Indian Medical Council Act, 1956 or the concerned State Medical Council Act.
Sex Determination Tests:
Unless there are other absolute indications for termination of pregnancy as specified in the Medical Termination of Pregnancy Act, 1971, no termination of pregnancy is to be made. No sex determination tests are to be taken with an intention to terminate female fetus, and such an act done by a physician would result in criminal proceedings.
Signing Professional Certificates, Reports and Other Documents:
Due care is to be taken while prescribing drugs to a patient. No physician can allow an
unqualified person to perform abortion or surgery. If a procedure involves them becoming
sterile, a consent has to be obtained from the man, woman or guardian in case of minors. If the patient is married and both the consent of husband and wife is to be taken.
Research:
Clinical drug trials and other research involving patients are to be done in accordance with the ICMR guidelines. Violation of the guidelines constitutes misconducts.
Absenteeism:
If a medical practitioner posted in rural area or an institute is found absent on two occasions while an inspection is done, it amounts to misconduct.
Leaking of photographs:
No photographs or case reports are to be published by the medical practitioner without their permission/ consent.
Liability:
If a nursing home is run by a physician the ultimate responsibility lies in the hand of the
physician.
Can’t Claim to be a specialist:
A Physician shall not claim to be specialist unless he has a special qualification in that branch.",Medical_Negligence
“When would complaints not be accepted?”,"“There are various situations which might cause the complaint to be rejected. These include situations where the consumer is unable to file an appeal against an order within a period of three months, where the complaint is based on a frivolous cause of action, where the complainant contributed to the negligence, where the complaint falls outside the jurisdiction of the authority approached, and when the complaint has been filed under wrong sections of the act, and other such situations. This requires careful reading of all acts and regulations.”

A doctor is not guilty of negligence if he has acted in accordance with a practice that is accepted as proper by a responsible body of medical persons skilled in that particular area.

The doctor cannot guarantee complete success of medical treatment as the same would differ in case to case depending on the age and health of the patient, the stage of the ailment and the body response of the patient.”
— Dr. Laxman Balakrishna Joshi v. Dr. Trimbak Babu Godbole
The duties of a medical practitioner were defined; i) he owes a duty of care in deciding whether to undertake the case, ii) he owes a duty of care in deciding what treatment to give and, iii) he owes a duty of care in the administration of that treatment.",Medical_Negligence
“What are the modes or methods of complaint available?”,"“
There are two main modes of complaint redressal. The first is aimed at monetary relief in the form of compensation, while the second is to bring disciplinary action against the concerned physician.

First Mode: Monetary Compensation
Reach out to the Medical Superintendent (M.S) of the concerned Hospital with a copy of the complaint to the Chief Medical Officer (CMO)/ Civil Surgeon of your area. This may lead to a settlement offer from the concerned Hospital. Kindly consult a legal representative for this process.
If the response is unsatisfactory, the complainant is free to take the service provider to the consumer courts, or even police station. It is preferable to approach the consumer courts before. Doctors can be held liable for compensation under the CPA 2019. Patients qualify as a “consumer” under the Act. As a consumer, the aggrieved party can take the service provider to the appropriate consumer commission, based on the pecuniary and territorial jurisdiction. The jurisdictions of the various consumer commissions are as follows-
a) District Commission: The aggrieved consumer can reach out to the District Commission under section 34 of the CPA, 2019, which provides that the district commission shall entertain matters where the value of the goods or services paid as consideration does not exceed more than 50 lakh rupees.
b) State Commission: In cases where the value of the goods or services paid as consideration exceeds 50 lakh rupees but does not exceed 2 crore rupees, the consumer can approach the State Commission. Moreover, in cases of unfair contracts, the State Commission has original jurisdiction and the consumer can be directly approached. An appeal against the order of the District Commission can also be made under section 47 of the CPA, 2019.
c) National Commission: The National Commission can entertain matters where the value of goods or services paid as consideration exceeds 2 crore rupees. Section 58 also provides that complaints against unfair contracts can be entertained by NCDRC when the amount of value paid exceeds 10 crore rupees. The NCDRC also has appellate jurisdiction against the orders of any State Commission and Central Authority.
Moreover, it must also be kept in mind that section 100 of the CPA, 2019 provides that the remedy under CPA is in addition and not in derogation of other available remedies.

Second Mode - Disciplinary Action for Ethics Violation
This mode does not provide for monetary compensation to the complainant. It is meant to attract disciplinary action upon the concerned physician. You may, write a complaint to the State Medical Council(SMC). https://www.nmc.org.in/information-desk/state-medical-councils/list-of-state-medical-councils/
The aggrieved person will file the complaint to the State Medical council through the website portal/offline, within 2 years from the cause of action. (The complaint will be lodged in the SMC where the Registered Medical Practitioner is located at the time of cause of action, both in teleconsultation or in person consultation) The Manner of Inquiry is as follows:
On receipt of the complaint, the SMC shall send one of the copies received to the respondent within 15 working days.
The State Medical Council shall conduct an inquiry into the complaint following the principles of natural justice.
On receipt of the complaint, the State Medical Council shall refer the case for review to the designated committee, with assistance from a panel of experts, if required, specifically formed for this purpose in the stipulated time.
The parties shall not be allowed to bring in any lawyer to represent them in their case at any stage of the proceedings before the state medical council
No new documents or certificates or evidence or witness will be entertained from either of the parties once the proceedings are initiated (meaning -after the parties have been called for a hearing) unless its admission is cleared by the majority of the members. The complaint cannot be withdrawn after it is admitted by the SMC.
The SMC is entitled to take disciplinary action against the accused personnel, suspend license, and can impose monetary penalty on the practitioner/respondent. The proceeds of the monetary penalty shall go to the SMC/EMRB/NMC bank account.
If aggrieved, the medical personnel can prefer appeal to the Ethics and Medical Registration Board. If the personnel’s appeal is dismissed, they can prefer a second appeal against the Ethics Board’s decision with the National Medical Commission. Kindly remember that the original complainant cannot avail of either of these appeals. However, the original complainant can proceed to undertake civil or criminal action in the appropriate courts outlined below.


”",Medical_Negligence
“What are the regulatory bodies in this sector?”,"“Central Drug Standard Control Organization- consumer education on safety and drugs- https://cdsco.gov.in/opencms/opencms/en/consumer/
Indian Council of Medical Research
Ministry of Health and Family Welfare”
National Medical Commission
Ethics and Medical Standards Board
State Medical Councils",Medical_Negligence
"“What are the rules, Acts, and Guidelines that govern this sector?”","National Health Policy, 2017 - https://www.nhp.gov.in/nhpfiles/national_health_policy_2017.pdf
The Clinical Establishments (Registration and Regulation) Act, 2010- prescribes minimum standards for facilities at government and private hospitals- https://www.indiacode.nic.in/bitstream/123456789/7798/1/201023_clinical_establishments_%28registration_and_regulation%29_act%2C_2010.pdf
The Bureau of Indian Standards Act, 2016- it sets out standards for goods and services, which includes healthcare services.- https://www.indiacode.nic.in/bitstream/123456789/2157/3/A2016-11.pdf
The Indian Medical Council (Professional Conduct, Etiquette and Ethics) Regulations, 2002 lays down the code of medical ethics and code of conduct which must be adhered to by every registered medical practitioner in India.- https://wbconsumers.gov.in/writereaddata/ACT%20&%20RULES/Relevant%20Act%20&%20Rules/Code%20of%20Medical%20Ethics%20Regulations.pdf ”
National Medical Commission Act, 2019 - https://www.indiacode.nic.in/handle/123456789/11820?view_type=search&col=123456789/1362
National Medical Commission (Registered Medical Practitioner Professional Conduct) Regulations 2023 - https://www.nmc.org.in/rules-regulations/national-medical-commission-registered-medical-practitioner-professional-conduct-regulations-2023-reg/",Medical_Negligence
“What are the landmark judgements in this sector?”,"“1. Indian Medical Association v. V.P. Shantha & Ors
Medical treatment was to be considered to be a service and accordingly, medical practitioners could be liable for deficiency of service.

2. Kusum Sharma v. Batra Hospital and Medical Research Centre
Duty of care which is required of a doctor is one involving a reasonable degree of skill and knowledge as laid down in the Bolam case and adopted by Indian Courts.

3. Achutrao Haribhau Khodwa v. State of Maharashtra & Ors
A doctor is vicariously liable for the negligence committed by members of his team which was assisting in the treatment.

4. Smt. Savita Garg v. Director, National Heart Institute
The onus shifts on the hospital to explain the exact line of treatment rendered and as to why a particular condition had occurred.

5.  Dr. Laxman Balakrishna Joshi v. Dr. Trimbak Babu Godbole
The duties of a medical practitioner were defined; i) he owes a duty of care in deciding whether to undertake the case, ii) he owes a duty of care in deciding what treatment to give and, iii) he owes a duty of care in the administration of that treatment.

6. Tanveer Jahan v. All India Institute of Medical Science and Ors.
There has to be “a direct nexus” between sufferings of a patient and the medical aid that she has received, to sue the doctor.

7. Bijoy Sinha Roy (d) By Lr. v. Biswanath Das & Ors
The operation should not have been performed at a nursing home which did not have the ICU when it could be reasonably foreseen that without ICU there was post-operative risk to the life of the patient. The Supreme Court through its order awarded compensation  to the victim.

8. Sushmita Roychowdhury and Ors., v. B.M. Birla Heart Research Centre and Ors
NCDRC held that there was deficiency on the part of the hospital in maintaining proper record of the patient as there is no satisfactory explanation for the missing treatment prescriptions and the goof up in the master register of operation theatre.

9. Srimannarayana v. Dasari Santakumari and another
What may be negligence in civil law may not necessarily be negligence in criminal law. For negligence to amount to an offence, the element of mens rea must be shown to exist. For an act to amount to criminal negligence, the degree of negligence should be much higher i.e. gross or of a very high degree. Negligence which is neither gross nor of a higher degree may provide a ground for action in civil law but cannot form the basis for prosecution.

10. Handa Nursing Home And Ors. v. Ram Kal
The treatment administered in this case was as per standard procedure. The expert committee indicated that the tests would have been advisable prior to the operative intervention but nowhere mentioned that without these tests Petitioner committed deficiency in giving treatment.”",Medical_Negligence
"“What are the rules, Acts, and Guidelines that govern this sector?”","“1.INGRAM- https://consumerhelpline.gov.in/faq-details.php?fid=Medical%20Negligence
2. The NHM division of the Ministry of Health and Family Welfare with technical support from NHSRC has come out with guidelines which can help the states in establishing and effectively operationalizing a client friendly, dedicated and transparent system for redressal of grievances-
https://nhm.gov.in/images/pdf/programmes/Grievance_Redressal_System/Guidelines_for_Establishing_Grievance_Redressal_and%20_Health_Helpline.pdf
3. List of State Health departments- https://main.mohfw.gov.in/Organisation/state-health-departments-0  ”",Medical_Negligence
“What are health services?”,"“Health services or health care is the maintenance or improvement of health by prevention, diagnosis, treatment, recovery, or cure of disease, illness, injury, and other physical and mental impairments in people. Health care is delivered by health professionals and allied health fields.”
—Indian Medical Association v. V.P. Shantha & Ors
The present case deals with the question of whether medical practitioners and hospitals/nursing homes can be regarded as rendering a ‘service’ as contemplated in the main part of Section 2(1)(o) of the Act. The Court held that medical practitioners and hospitals/nursing homes are not immune from a claim for damages on the ground of negligence and, therefore, they are not outside the purview of the provisions of the Act. The Court also held that the composition of the Consumer Disputes Redressal Agencies is suitable for adjudicating on issues arising in a complaint regarding deficiency in service rendered by a medical practitioner. The Court further held that free service and paying service both fall within the ambit of Section 2(1)(o) of the Act. The Court remitted the case to the National Commission for consideration in the light of this judgment.",Medical_Negligence
“Is Medical Negligence covered under Consumer Protection Act?”,"“Yes, in 1995, the Supreme Court brought the medical profession under the Consumer Protection Act 1986 and medical treatments were labeled as ""services"".”
— Achutrao Haribhau Khodwa v. State of Maharashtra & Ors
A doctor is vicariously liable for the negligence committed by members of his team which was assisting in the treatment. It is the rule that an employer, though guilty of no fault himself, is liable for the damage done by the fault or negligence of his servant acting in the course of his employment. It was held in this case that medical practitioners were not immune from a claim for damages on the ground of negligence. Once death by negligence in the hospital is established, as in the case here, the State would be liable to pay the damages.
— Tanveer Jahan v. All India Institute of Medical Science and Ors.
There has to be “a direct nexus” between sufferings of a patient and the medical aid that she has received, to sue the doctor. Medical procedures inherently carry risks, and complications do not automatically imply negligence.",Medical_Negligence
“Does someone who is not satisfied with the results of his or her surgery have a viable medical negligence claim?”,"“In general, there are no guarantees of medical results, and unexpected or unsuccessful results do not necessarily mean negligence has occurred. To succeed in a medical negligence case, a consumer has to show an injury or damages that resulted from the doctor's deviation from the standard of care applicable to the procedure.”
—Kusum Sharma v. Batra Hospital and Medical Research Centre
Duty of care which is required of a doctor is one involving a reasonable degree of skill and knowledge as laid down in the Bolam case and adopted by Indian Courts. We must insist on due care for the patient at every point, but we must not condemn negligence that is only a misadventure. The test is the standard of the ordinary skilled man exercising and professing to have that special skill. Negligence cannot be attributed to a doctor so long as he performs his duties with reasonable skill and competence. The medical professionals are entitled to get protection so long as they perform their duties with reasonable skill and competence and in the interest of the patients.
–Smt. Savita Garg v. Director, National Heart Institute
The onus shifts on the hospital to explain the exact line of treatment rendered and as to why a particular condition had occurred. The hospital has a duty to satisfy that there was no lack of care or diligence. The hospitals are institutions, people expect better and efficient service, if the hospital fails to discharge their duties through their doctors, being employed on job basis or employed on contract basis, it is the hospital which has to justify and not impleading a particular doctor will not absolve the hospital of its responsibilities.",Medical_Negligence
“Can a Doctor Guarantee Complete success of the Medical Treatment?”,"“No. The Doctor cannot guarantee the complete success of any medical treatment as the same would differ in case to case, depending on the age and health of the patient, the stage of the Ailment, and the body response of the patient.”",Medical_Negligence
“What is telemedicine?”,"“The delivery of health-care services, where distance is a criticalfactor, by all health-care professionals using information and communicationstechnologies for the exchange of valid information for the diagnosis, treatment, and prevention of disease and injuries, research and evaluation, and the continuing education of health-care workers, with the aim of advancing the health of individuals and communities.”",Medical_Negligence
“Who is eligible to practice telemedicine?”,"“i. A Registered Medical Practitioner (RMP)is eligible to provide telemedicine consultation to patients from any part of India. In case of any complaints of misconduct, the complaint will be lodged in the State Medical Council of the State, where the RMP is located at the time of providing tele-consultation.
ii. RMPs using telemedicine shall uphold the same professional and ethical norms and standards as are applicable in routine in-person consultations within the intrinsic limitations of telemedicine.
iii. All RMPs who wish to practice telemedicine should be made familiar with these Guidelines as well as with the processes and limitations of telemedicine practice.”",Medical_Negligence
“What are the modes of communication to practice telemedicine?”,"“
The applicable modes are Video, Audio and Text-based Mediums.”",Medical_Negligence
“What are the duties of Registered Medical Practitioners in teleconsultations?”,"“
Should exercise professional judgment to ascertain whether a telemedicine consultation would be appropriate in a given situation or would an in-person consultation be a better option keeping the patient’s best interest in mind.
The RMP should uphold the standard of care as s/he does for in-person consultations within the inherent limitations of telemedicine.
Telemedicine consultation should not be anonymous: the patient and the RMP should know and establish each other’s identities
The tele consultation should be carried out by the RMP in a language that the patient is comfortable in comprehending for an effective consultation.
For issuing a prescription, the RMP should explicitly ask the age of the patient, and if there is any doubt, seek proof of age. In cases where the patient is a minor, after confirming the patient’s age, tele consultation should proceed only if the minor is accompanied by an adult (preferably a parent or adult sibling or legally appointed guardian) during the entire duration of the consultation. The identity of the adult should be ascertained and documented for records
Every RMP shall display the registration number accorded to her/him by the State Medical Council or NMC, on all prescriptions, their website, electronic communications (WhatsApp/ email etc.) and receipts etc. given to her/his patients
Obtaining and duly recording the Patient's consent is mandatory for any telemedicine consultation.
If the information desired from a physical examination is critical for the management of the patient, the RMP should not proceed with the consultation till such time that a physical examination can be arranged through an in-person consultation.
The RMP must aim to ensure that patient confidentiality, privacy and data integrity are not compromised. Data obtained during a telemedicine consultation must be secured to prevent unauthorized access and breaches of identifiable patient information using appropriate and up to date security measures in accordance with prevailing legislation.”",Medical_Negligence
“Should consent be taken in teleconsultations?”,"“
Obtaining and duly recording the Patient's consent is mandatory for any telemedicine consultation. The RMP must ascertain whether the patient is competent to give consent for it to be considered valid. Also, the RMPs should ensure that consent is obtained in a language that the patients can comprehend with ease.
Consent may be implied or explicit, depending on who has initiated the telemedicine consultation
If, the patient has initiated or solicited the telemedicine consultation, then the consent is implied
If the RMP, healthcare worker or a caregiver initiates the consultation, then the consent is explicit and hence,mandatory.
Explicit consent must be recorded in any form.
In case of minors (less than 18years), consent has to be obtained from a parent or from an adult sibling or legally appointed guardian”",Medical_Negligence
“Can prescriptions be made in teleconsultations?”,"“

Prescribing medication via telemedicine consultation is solely at the professional discretion of the RMP. It entails the same professional accountability as for in-person consultations
RMPs may prescribe Drugs via telemedicine ONLY when they are satisfied that they possess adequate and relevant information about the patient’s medical condition and that the prescribed Drugs are appropriate for and in patient’s best interest.
The RMPs are expected to prescribe drugs for all conditions that they are able to diagnose with certainty, with the EXCEPTION of Schedule X drugs mentioned in the Drugs and Cosmetics Rules 1945, substance regulated under the under Narcotics Drugs and Psychotropic Substance Act, 1985 and all pharmaceutical drugs that can cause addiction or dependency.
The following information must be present compulsorily in every prescription:
Name, qualifications, registration number, address and contact details of the RMP.
Name, age, sex, identification and contact details of the patient.
Name of the drug/s being prescribed in CAPITAL letters along with a clear mention of the formulation, dose,frequency and duration for which the drug/s is/are to be taken.
Date, time and place of writing the prescription with signature and stamp.”",Medical_Negligence
“What is the petroleum sector?”,"“India is the third largest consumer of petroleum products, after the US and China. The oil and natural gas sector has huge potential and contributes over 15% to India's GDP. Both public sector and private sector supply domestic LPG. The Public sector companies which supply domestic LPG are Indian Oil Corporation Ltd with their subsidiary company IBP (Indo Burma Petroleum), Hindustan Petroleum Corporation Ltd, and Bharat Petroleum Ltd.
The consumers should  be aware of the following grievance redressal systems in case of complaints against these corporations providing LPG and PNG.”",Petroleum_Sector
“What are the grounds available for complaints?”,"“The major complaints from the users of LPG are as follows:
• At the time of new connection, dealers are insisting that the customer must take various
appliances (like gas stove at Dealers’ choice, Rubber hose and other allied equipment). Rude behaviour to customers, overcharging, or other service-related complaints Payment related issues, issues related to booking through IVRS, and subsidy (PAHAL) related issues can also be brought up.
• Delay in supplying gas cylinders is a major problem for all gas suppliers. Dealers are
not entertaining the phone calls and not registering the customer booking. Issues with refill supply can also be raised.
• Gas cylinder is less in weight or not fully filled, other issues with quality of cylinder.
• Tedious formalities in booking a new gas connection.
The complaints against PNG are as follows:
• Abnormal delay in getting new connection
• Billing problem
• No appropriate complaint registering centre (CRC).
• Delay in attending complaints etc.”",Petroleum_Sector
“What are the modes or methods of complaint available?”,"“The consumer may first reach the service provider. Customer care number of some companies
Indian Oil- 1800-2333-555
Bharat Petroleum- 1800-22-4344
Bharat Gas- 7715012345
HPCL - +91-22-22863900

Websites 
IOCL - https://iocl.com/contact-us
BPCL - https://www.bharatpetroleum.in/enquiry1.aspx
HPCL - can contact grievance officers, information for them is available here https://www.hindustanpetroleum.com/pages/public-grievance-redressal

2. Emergency helpline no.- 1906
The multilingual LPG Emergency Helpline was dedicated to the nation on 1.1.2016 by the Hon'ble Minister of PNG. This facility is available 24*7 operations with 2 shifts 12 hours each for attending emergency LPG leakage complaints.

3. MoPNG e-Seva
The website is https://www.mopnge-seva.in/. Alternatively, you can also reach out to the portal @MoPNGeSeva on Facebook or @MoPNG_eSeva on Twitter and response will be sent back at the earliest.

4. Approaching any other appropriate judicial or quasi-judicial body:
The complainant is free to take the service provider to a court or any other suitable venue (judicial or quasi-judicial). The proceedings in consumer commissions are not mired by the niceties of procedure, allowing the complainant to file a complaint for himself. As a consumer, the aggrieved party can take the service provider to the appropriate consumer commission, based on the pecuniary and territorial jurisdiction. The jurisdictions of the various consumer commissions are as follows-
a) District Commission: The aggrieved consumer can reach out to the District Commission under section 34 of the CPA, 2019, which provides that the district commission shall entertain matters where the value of the goods or services paid as consideration does not exceed more than fifty lakh rupees.
b) State Commission: In cases where the value of the goods or services paid as consideration is more than fifty lakh, but less than 2 crores, the consumer can approach the State Commission. Moreover, in cases of unfair contracts, the State Commission has original jurisdiction and the consumer can be directly approached. An appeal against the order of the District Commission can also be made under section 47 of the CPA, 2019.
c) National Commission: The National Commission can entertain matters where the value of goods or services paid as consideration exceeds 2 crores. Section 58 also provides that complaints against unfair contracts can be entertained by NCDRC when the amount of value paid exceeds 10 crores. The NCDRC also has appellate jurisdiction against the orders of any State Commission and Central Authority.
Moreover, it must also be kept in mind that section 100 of the CPA, 2019 provides that the remedy under CPA is in addition and not in derogation of other available remedies.",Petroleum_Sector
“What are the regulatory bodies in this sector?”,"“Ministry of Petroleum & Natural Gas
Petroleum and Natural gas Regulatory Board
Oil India Safety Directorate- Has Standards List for safety for installations in big industries as well as for LPG installations- https://www.oisd.gov.in/oisd-standards-list.”",Petroleum_Sector
"“What are the rules, Acts, and Guidelines that govern this sector?”","“1. The Petroleum and Natural Gas Regulatory Board Act, 2006
http://www.pngrb.gov.in/pdf/Act/pngrbact.doc
2. Liquefied Petroleum Gas (Regulation of Supply and Distribution) Order 2000
http://jklm.nic.in/pdf/LPG_regulation_of_distribution.pdf
3. Petroleum Act, 1934- https://legislative.gov.in/sites/default/files/A1934-30_0.pdf ”",Petroleum_Sector
“What are the landmark judgements in this sector?”,"“1. Auva Gas Agency through Paul Roluahpuia v. Consumer Union, Vairengte South Branch, Mizoram. The district fora had directed the agency to compensate the consumers for over pricing and repair all defective items. The appeal was filed to the state commission but it was dismissed as the reasons for condonation of delay was not accepted. A revision petition was filed in NCDRC. This was dismissed and the NCDRC upheld the decision of the district and state commissions.
2. M/S Jagdev Gas service v. Bansi Lal Taneja NCDRC held that the OP must ensure that gas refills are supplied to Complainant as per the norms at regular intervals. ”",Petroleum_Sector
“What are the important links and resources?”,"“INGRAM- https://consumerhelpline.gov.in/faq-details.php?fid=Liquefied%20Petroleum%20Gas%20(Cylinders)
MoPNG E-SEWA- https://www.mopnge-seva.in/
Click on the three lines on the right hand corner> click on marketing division> programs, schemes and initiatives- https://mopng.gov.in/en#
Petroleum and Natural Gas Regulatory Board- https://pngrb.gov.in/eng-web/index.html
DIRECTORATE OF PUBLIC  GRIEVANCES - dpg.gov.in”",Petroleum_Sector
“What is home service?”,"“The on-demand home services sector in India has experienced significant growth, fuelled by a shift in lifestyle priorities and the convenience offered by technology. Initially driven by the need for chores during the pandemic, the sector has expanded beyond traditional services like maids and tutors to include various domains. With a surge in startups catering to this market, on-demand services have become an integral part of daily life.
The popularity of on-demand services stems from their ability to cater to diverse financial segments, providing financial flexibility for users and employment opportunities for service providers. Working professionals, in particular, benefit from the time-saving aspect of these services, contributing to the industry's steady growth.
Startups with a digital influence have become key players in this sector, ensuring availability, reliability, and quality of on-demand services. They conduct thorough verification processes and background checks on service providers, fostering trust and safety among consumers. The industry's potential for growth is substantial, given the widespread use of smartphones, the preferred access point for these services. As technology continues to evolve, startups are expected to scale up, meeting the increasing demand for on-demand services in the coming years.

Examples of the Home Service Sector include:
The home service sector in India is diverse and includes a wide range of services catering to various household needs. Here are some examples of home service industries in India:
1. Home Cleaning Services - Professional cleaning services for homes, including deep cleaning, regular maintenance, and specialized cleaning tasks.
2. Pest Control Services - Companies providing pest control services to eliminate and prevent infestations in homes.
3. Plumbing Services - Service providers offering plumbing solutions for repair, maintenance, and installation of plumbing systems in households.
4. Electrical Services - Electricians offering services for electrical repairs, installations, and maintenance in residential properties.
5. Appliance Repair Services - Repair and maintenance services for home appliances such as refrigerators, washing machines, air conditioners, etc.
6. Home Renovation and Repair - Companies offering renovation and repair services, including carpentry, painting, flooring, and general home improvement.
7. Interior Design Services - Professionals providing interior design and decor services for residential spaces.
8. Home Security Services - Installation and maintenance of home security systems, including alarms, surveillance cameras, and access control.
9. AC and HVAC Services - Services related to air conditioning and heating systems, including installation, repair, and maintenance.
10. Home Tutoring Services - Educational services offering home tutors for various subjects and academic levels.
11. Home Healthcare Services - Healthcare providers offering medical services, nursing, and home care for individuals in need.
12. Cooking and Catering Services - Services providing home cooks, catering, and meal preparation for households.
13. Laundry and Dry-Cleaning Services - On-demand laundry and dry-cleaning services, offering pickup and delivery options for customers.
14. Home Fitness Services - Personal trainers and fitness instructors offering services at clients' homes for personalized fitness routines.
15. Home Automation Services - Companies providing smart home solutions, including the installation of automated systems for lighting, security, and climate control.
16. Waste Management Services - Waste disposal and recycling services for households, ensuring proper waste management practices.
17. Gardening and Landscaping Services - Professionals offering gardening, landscaping, and lawn maintenance services for homes.
18. Home Baking Services - Bakers offering customized cakes, pastries, and baked goods for home delivery.
19. Grocery Shopping and Delivery Services - Platforms providing online grocery shopping services with home delivery options.
20. Fresh Produce Subscription Services - Services delivering fresh fruits, vegetables, and other produce directly to homes on a subscription basis.”",Home_service_sector_of_India
“What are the grounds for complaint?”,"“Complaints in the home service sector of India can arise from various issues, and customers may have grievances related to:
1. Quality of Service:
- Subpar workmanship or service quality.
- Failure to meet agreed-upon standards.
- Incomplete or unsatisfactory service delivery.

2. Reliability and Punctuality:
- Service providers not arriving on time.
- Failure to adhere to scheduled appointments.
- Unreliable or inconsistent service.

3. Billing and Pricing Disputes:
- Overcharging or billing discrepancies.
- Lack of transparency in pricing.
- Hidden charges not disclosed upfront.

4. Customer Service and Communication:
- Poor communication from service providers.
- Inadequate customer support.
- Lack of responsiveness to queries or complaints.

5. Professional Conduct:
- Unprofessional behaviour of service providers.
- Disregard for customer property or privacy.
- Failure to follow ethical and professional standards.

6. Damage or Loss:
- Damage to property during service.
- Loss or theft of belongings during service provision.
- Failure to compensate for damages incurred.

7. Safety and Security Concerns:
- Lack of safety measures during service.
- Non-compliance with safety regulations.
- Concerns related to the security of customers during service visits.

8. Failure to Honor Agreements:
- Non-compliance with service agreements or contracts.
- Failure to meet guarantees or warranties.
- Breach of agreed-upon terms and conditions.

9. Technology and Platform Issues:
- Technical glitches or issues with online platforms.
- Difficulty in using digital interfaces for service bookings or payments.

10. Misrepresentation of Services:
- False advertising or misrepresentation of services.
- Discrepancies between promised and delivered services.
- Fraudulent practices by service providers.

11. Hygiene and Sanitation:
- Lack of cleanliness and hygiene during service provision.
- Failure to adhere to health and safety standards.

Customers facing such issues are encouraged to raise their complaints through appropriate channels, including customer support, online platforms, or regulatory bodies, to seek resolution and ensure the improvement of service standards in the home service sector.”",Home_service_sector_of_India
“What is the complaint redressal system?”,"“The complaint redressal system related to the home service sector in India typically involves a systematic process for customers to report issues and seek resolutions. While specific procedures may vary among service providers, here is a generalized outline of a complaint redressal system for the home service sector:

Customer Contact - Customers can initiate the complaint redressal process by contacting the service provider through designated channels such as customer service helplines, email, mobile applications, or online complaint forms.

Complaint Registration - Customers need to provide detailed information about their complaint, including specifics such as the service availed, date and time, service provider details, and a clear description of the issue.

Acknowledgment of Complaint - The service provider acknowledges the receipt of the complaint, either through an automated response or direct communication, confirming that the complaint is being investigated.

Investigation and Resolution - The service provider initiates an investigation into the complaint, examining relevant service records, conducting interviews, or even arranging for on-site inspections if necessary. The goal is to identify the root cause and determine an appropriate resolution.

Resolution Communication - Once the investigation is complete, the service provider communicates the resolution to the customer. This communication includes details about the actions taken to address the complaint and any compensation or corrective measures implemented.

Feedback and Follow-Up - Service providers often seek feedback from customers regarding the resolution process to assess customer satisfaction. Follow-up communications ensure that the issue has been fully resolved and that the customer is content with the outcome.

Escalation Mechanism - In cases where the customer is dissatisfied with the resolution or believes that the complaint has not been adequately addressed, there may be an escalation mechanism. This could involve contacting a higher-level customer service representative or a dedicated complaints department.

Consumer Forums and Regulatory Authorities - If the complaint remains unresolved or the customer is not satisfied with the resolution provided by the service provider, regulatory authorities and consumer forums may be contacted. These entities may offer additional avenues for dispute resolution and may have established grievance redressal mechanisms.

Ombudsman Services - Some sectors have established ombudsman services that act as an independent authority to review and resolve complaints if the customer is not satisfied with the resolution provided by the service provider.

Consumer Protection Agencies - If the issue persists after engaging with the retailer, consumers can file a complaint with local consumer protection agencies or consumer affairs departments. These agencies typically have specific procedures for filing complaints and can offer guidance on consumer rights. They act as intermediaries to address disputes between consumers and retailers.

Consumer Disputes Redressal Commission (CDRC) - Established under the Consumer Protection Act of 1986, the CDRC operates at the District, State, and National levels. Consumers can file complaints related to unfair trade practices, defective goods or services, overcharging, hazardous products, and misleading advertising. The CDRC serves as a quasi-judicial body, allowing consumers to seek redressal for their grievances without the complexities of traditional legal procedures. The complainant has the option to take the service provider to a court or another suitable venue based on jurisdiction.

Commissions are as follows-
a) District Commission: The aggrieved consumer can reach out to the District Commission under section 34 of the CPA, 2019, which provides that the district commission shall entertain matters where the value of the goods or services paid as consideration does not exceed more than fifty lakh rupees.
https://ncdrc.nic.in/districtlist.html

b) State Commission: In cases where the value of the goods or services paid as consideration is more than fifty lakh, but less than 2 crores, the consumer can approach the State Commission. Moreover, in cases of unfair contracts, the State Commission has original jurisdiction and the consumer can be directly approached. An appeal against the order of the District Commission can also be made under section 47 of the CPA, 2019.
https://ncdrc.nic.in/statelist.html

c) National Commission: The National Commission can entertain matters where the value of goods or services paid as consideration exceeds 2 crores. Section 58 also provides that complaints against unfair contracts can be entertained by NCDRC when the amount of value paid exceeds 10 crores. The NCDRC also has appellate jurisdiction against the orders of any State Commission and Central Authority.
https://ncdrc.nic.in/”",Home_service_sector_of_India
“What are the regulatory bodies?”,"“In India, several government departments and regulatory bodies oversee aspects related to consumer rights, services, and dispute resolution, including those in the home service sector. Here are some relevant government departments and regulatory bodies:

1. Consumer Affairs Department:
- The Ministry of Consumer Affairs, Food and Public Distribution is responsible for the protection of consumer rights and oversees consumer-related issues.
https://consumeraffairs.nic.in/

2. National Consumer Disputes Redressal Commission (NCDRC):
- NCDRC is a quasi-judicial body that handles consumer complaints and disputes at the national level.
https://ncdrc.nic.in/

3. State Consumer Disputes Redressal Commissions:
- Each state in India has its own State Consumer Disputes Redressal Commission, which addresses consumer complaints at the state level.
https://ncdrc.nic.in/statelist.html

5. Ministry of Housing and Urban Affairs:
- This ministry oversees aspects related to urban housing and development, which may include policies affecting the home service sector.
https://mohua.gov.in/

6. Ministry of Skill Development and Entrepreneurship:
- Responsible for skill development initiatives, this ministry may have relevance in the context of training and certification for service providers in the home service sector.
https://www.msde.gov.in/

7. Ministry of Labour and Employment:
- Deals with labor-related issues, and in the context of the home service sector, may oversee aspects related to labor rights and regulations.
https://labour.gov.in/

8. Department of Industrial Policy and Promotion (DIPP):
- Oversees policies related to industrial development, and in some cases, may influence regulations impacting service industries.
https://dpiit.gov.in/

9. Telecom Regulatory Authority of India (TRAI):
- While not directly related to home services, TRAI regulates the telecommunications sector, which is crucial for online platforms and digital communication in the service sector.
https://www.trai.gov.in/

10. Food Safety and Standards Authority of India (FSSAI):
- Relevant for home services related to food, FSSAI sets standards and regulations for food safety.
https://www.fssai.gov.in/

11. Ministry of Electronics and Information Technology:
- Responsible for policies related to information technology, which can impact online platforms and technology-driven services in the home service sector.
https://www.meity.gov.in/

12. Local Municipal Corporations:
- Municipal bodies at the local level may have regulations and oversight related to specific services offered in the home service sector, such as waste management.
https://igod.gov.in/leg/L008/organizations

14. Department of Electronics and Information Technology (DEITY):
- Overseeing policies related to information technology, which can impact online platforms and technology-driven services in the home service sector.
https://www.meity.gov.in/

15. Ministry of Health and Family Welfare:
- Overseeing health-related regulations, including standards for healthcare services offered at home.
https://www.mohfw.gov.in/

16. Bureau of Indian Standards (BIS):
- Setting standards for products and services, ensuring quality and safety.
https://www.bis.gov.in/

17. Directorate General of Foreign Trade (DGFT):
- Regulating foreign trade policies, which may impact import/export of certain home services or related products.
https://www.dgft.gov.in/CP/

18. Directorate of Estates:
-  Overseeing matters related to government accommodations, which may include regulations for home services in government-owned properties.

19. Directorate General of Employment & Training (DGE&T):
- Overseeing vocational training initiatives, which may be relevant for skill development in the home service sector.
https://www.apprenticeshipindia.gov.in/

20. Electricity Regulatory Commissions:
Overseeing quality of supply of electricity.
Central Electricity Regulatory Commission: https://www.cercind.gov.in/.
State Electricity Regulatory Commissions: https://www.cercind.gov.in/serc.html.
”",Home_service_sector_of_India
“What are the Acts and Guidelines that govern home service?”,"“There might not be specific acts or guidelines that exclusively address the entire home service sector in India. Instead, different services within the home service sector may be governed by a combination of general consumer protection laws, labor laws, and industry-specific regulations. Here are some relevant acts and guidelines that could be applicable to various aspects of the home service sector:

1. Consumer Protection Act, 2019:
- Addresses consumer rights and protection, including the right to be protected against unfair trade practices and defective services.
- Key Features: Establishes Consumer Protection Councils, Consumer Disputes Redressal Commissions, and provides mechanisms for filing complaints.

2. Labor Laws:
- Pertinent for services involving labor, including domestic workers, technicians, and other service providers.
- Key Laws: Employees' Provident Fund and Miscellaneous Provisions Act, Minimum Wages Act, Payment of Wages Act, etc.
-  Four Labour codes- Code on Wages, Industrial Relations Codes, Social Security Code, Occupational Safety, Health and Working Conditions Code- enacted but yet to be operational

3. Information Technology (Intermediary Guidelines and Digital Media Ethics Code) Rules, 2021:
- Applicable to online platforms and digital services, which might include certain home service providers.
- Key Features: Defines guidelines for social media platforms, OTT platforms, and digital news media.

4. Food Safety and Standards Act, 2006:
- Applicable to services related to food preparation and delivery at home.
- Key Features: Regulates food safety standards and practices.

5. Occupational Safety, Health, and Working Conditions Code, 2020:
- Pertinent for ensuring occupational safety and health standards for workers in the service sector.
- Key Features: Consolidates and amends laws related to the working conditions of labor.

7. Payment and Settlement Systems Act, 2007:
- Applicable to payment systems and financial transactions, which may be relevant for online payment platforms used in the home service sector.
- Key Features: Regulates payment and settlement systems in India.

8. Environmental Laws (various):
- Applicable to services that may have environmental implications, such as waste management.
- Key Laws: The Water (Prevention and Control of Pollution) Act, The Air (Prevention and Control of Pollution) Act, etc.

9. Code of Practice for Plumbing in Multi-Storeyed Buildings:
Adopted in 1987 by Bureau of Indian Standards
For laying pipelines or plumbing systems which are to be connected to public water supply. This code is intended to give the necessary guidance on good practices of plumbing.

10. National Building Code:
by BIS
first published in 1970, revised version in 2016
The Code mainly contains administrative regulations, development control rules and general building requirements; fire safety requirements; stipulations regarding materials, structural design and construction (including safety); building and plumbing services; approach to sustainability; and asset and facility management.”",Home_service_sector_of_India
“What are the international guidelines that govern home service?”,"“1. International Labour Organization (ILO) Conventions:
- Various ILO conventions address labor rights, including those relevant to workers in the home service sector. Some examples include:

-ILO Convention No. 189 - Domestic Workers Convention, 2011: Recognizes domestic work as a form of employment, providing domestic workers with labor rights and protections.

-ILO Convention No. 122 - Employment Policy Convention, 1964: Addresses employment policy, which can have implications for workers' rights and conditions.

2. United Nations Universal Declaration of Human Rights (UDHR):
- The UDHR outlines fundamental human rights principles that are applicable to all individuals, regardless of their employment sector. It includes provisions related to fair and just working conditions.

3. International Covenant on Economic, Social, and Cultural Rights (ICESCR):
- This covenant recognizes the right to work, fair wages, and just working conditions, which can be relevant to workers in the home service sector.

4. Convention on the Elimination of All Forms of Discrimination Against Women (CEDAW):
- CEDAW addresses gender-based discrimination and may have implications for female workers in the home service sector.

5. International Convention on the Protection of the Rights of All Migrant Workers and Members of Their Families:

- This convention specifically focuses on the rights of migrant workers and their families, which may be relevant to migrant workers in the home service sector.

6. WHO Housing and Health Guidelines:
The WHO Housing and health guidelines bring together the most recent evidence to provide practical recommendations to reduce the health burden due to unsafe and substandard housing. Based on newly commissioned systematic reviews, the guidelines provide recommendations relevant to inadequate living space (crowding), low and high indoor temperatures, injury hazards in the home, and accessibility of housing for people with functional impairments. In addition, the guidelines identify and summarize existing WHO guidelines and recommendations related to housing, with respect to water quality, air quality, neighbourhood noise, asbestos, lead, tobacco smoke and radon.”",Home_service_sector_of_India
“What are the landmark judgements in this sector?”,"“
Dr. Deepak Parikh v. M/s Home Makers Interior Designers, CC/19/619/2024/SCDRC Maharashtra
A contract was entered into for supplying interior designing services but the respondents used poor quality material, spoke in unparliamentary language and when asked for refund, it was not given. It was held that considering the facts and circumstances of the case, the record, and the proceedings, it was clear that the Opponents committed deficiency in service by not fulfilling their obligation as agreed in the said transaction. Section 2(1)(g) of the Consumer Protection Act, 1986 defines 'deficiency' as any fault, imperfection, shortcoming or inadequacy in the quality, nature, and manner of performance required by or under any law or in pursuance of a contract or otherwise in relation to any service. The Opponents' actions fall squarely within this definition. The complainant's evidence corroborates the breach of contract and failure to provide the agreed-upon services, thus fulfilling the requirements for establishing deficiency in service. The employee of the company was released as the principle of vicarious liability does not hold the employee responsible for acts done on behalf of the employer without direct involvement in the contractual agreement.

M/s Lakaki Dry Cleaners v. Francisco Abel Joao, FA/16/2023/2024/ SCDRC Goa
Where certain garments were given for dry cleaning and it turned out to be damaged, the state commission held no deficiency of service on part of the respondent as the complainant did not provide any proper evidence nor did he refuse to pay the amount at the time of taking the garments. It cannot be said that the respondent forced the complainant to take the garment and it cannot be understood if they were the same garments that were given for dry cleaning services.”",Home_service_sector_of_India
“What is the meaning of packers and movers?”,"“Packers and movers are companies, who offer road, rail, air and ocean shipping services for relocation. They provide door-to-door relocation services and move goods and products for individuals and businesses from one part of the world to another.”",Home_service_sector_of_India
“What items cannot be moved by Packers and Movers?”,"“
·         Hazardous and corrosive Material.
·         Combustible/Flammable Items. Propane tanks.
·         Pets.
·         Plants.
·         Explosives.
·         Perishable Food.
·         Valuables.”",Home_service_sector_of_India
“What is the insurance provided?”,“Moving insurance is offered by relocation companies to cover the risk of damages on a house moving process. There are general two types of moving insurance - Goods  transit insurance and All-inclusive insurance.”,Home_service_sector_of_India
"“How can I check the genuineness, credibility and authenticity of packers and movers?”","“If a consumer wishes to move with a legitimate and reliable company of movers and packers, then the company must be verified thoroughly. There are certain things you can do in order to check the genuineness, credibility and authenticity of packers and movers. It is suggested to first visit their offices personally, it will let you know that they have physical office and what infrastructure they have at their offices. Also to check if office place has a signboard with registered company name or not.”",Home_service_sector_of_India
"“If the Packers and Movers company is not responding and seems to be fraud, then where consumer should approach?”",“If company offices and officials are not traceable then consumer may approach the   Police and lodge an FIR.”,Home_service_sector_of_India
“What are the general insurable items on house moving?”,"“If a consumer opts for insurance from a company of reliable packers and movers then they would give you a list of items that will be covered under the insurance. General insurable items are furniture (sofa, bed, dining table, study table, chests, etc.), large home appliances (refrigerator, air conditioner, air coolers, washing machine, etc.), small kitchen appliances, electrical equipment and garden equipment.”",Home_service_sector_of_India
“What precautions must be taken while insuring the items?”,“Consumers must keep procure list of insured items and policy papers of items insured. Consumers should also check authenticity of Insurance companies especially if it is third party insurance.”,Home_service_sector_of_India
“Are any guidelines or regulator available for Packers and Movers companies?”,"“Yes, under the Carriage by Road Act of 2007, Section 3(1) provides for mandatory registration for common carriers (that is packers and movers), and the same is regulated by a registering authority which could be a State Transport Authority or a Regional Transport Authority constituted under section 68 of the Motor Vehicles Act, 1988.”",Home_service_sector_of_India
“What is the grievance redressal mechanism for Packers and Movers companies?”,"“1. Consumers can approach company by contacting the customer care of the company. If no satisfactory response is received, he must send a written complaint to the head office of the company.

2. If Consumer has not received any response or satisfactory response from company, consumer may approach directly to Consumer Commission following the procedure prescribed by them. For more information he may visit http://www.ncdrc.nic.in/districtlist.html
”",Home_service_sector_of_India
“How is the Railway sector regulated in India?”,"“The Indian Railway is the second-largest rail network in the globe and the largest in Asia. It belongs to the government. Every day, approximately 11,000 trains are operated by Indian Railways, 7,000 of which are passenger trains. A total of 13 million people use trains every day.
Indian Railways is a significant milestone for the Indian economy, so understanding what to expect as a customer of the railway is essential. The idea of consumerism emerged as a result of the railway's repeated failure to provide quality service to its customers despite the fact that it is a significant service provider.”
—",Railways
“What are the grounds for complaint available?”,"“
Loss of Personal luggage of the Passenger
Cleanness and water facilities
an act with negligence such as over-speeding unnecessarily, compartments with squalor, lack of proper maintenance etc.
Extreme delay in Arrival and departure
Malpractices by railway in allotting berths
Failure to display warnings/alert sign-boards at the site of renovation work
Deficiency on service:
Services at platform- enquiry, waiting room, canteen, announcement misinformation board, water and other amenities.
Services in Train- seat, berth, bedsheets at night, safety measures, toilets, presence of TTE and police.
”",Railways
“What are the modes or methods of complaint available?”,"“Complaint Redressal Mechanism:
(i) First the consumer must approach the Divisional Railway Manager (DRM), of the concerned zone (the station where the grievance happened), a written grievance has to be made. Wait for 30 days for the response.
Central railway- https://dir.railnet.gov.in/wiki/cr_dmd
Eastern railway- https://dir.railnet.gov.in/wiki/er_dmd
East central railway- https://dir.railnet.gov.in/wiki/ecr_dmd
East coast railway- https://dir.railnet.gov.in/wiki/ecor_dmd
North central railway- https://dir.railnet.gov.in/wiki/ncr_dmd
Northern Railway- https://dir.railnet.gov.in/wiki/northern_railway_dmd
North eastern railways- https://dir.railnet.gov.in/wiki/ner_dmd
North frontier railway- https://dir.railnet.gov.in/wiki/northeast_frontire_railway_dmd
North western railways- https://dir.railnet.gov.in/wiki/nwr_dmd
Southern railway- https://dir.railnet.gov.in/wiki/sr_dmd
South central railway- https://dir.railnet.gov.in/wiki/south_central-railway_dmd
South eastern railway- https://dir.railnet.gov.in/wiki/south_eastern_railway_dmd
South east central railway- https://dir.railnet.gov.in/wiki/secr_dmd
South western railways- https://dir.railnet.gov.in/wiki/swr_dmd
Western railways- https://dir.railnet.gov.in/wiki/wr_dmd
West central railways- https://dir.railnet.gov.in/wiki/west_central_railway_dmd
List of twitter handles: https://indianrailways.gov.in/List%20of%20twitter%20handles%20of%20GM%20DRM.pdf

(ii) After 30 days, if no response has been received he can register the grievance at- https://railmadad.indianrailways.gov.in
One can also download the RailMadad App to file complaints. Passengers can also send the complaint SMS to 139- type MADAD space type the complaint and can send. Complaints can be registered through the helpline no. 139 and following are the options available for this number:
Press 1 for  security and medical emergency, which connects to a customer care executive.
Press 2 for general railway enquiry, and in the sub-menu, all the information regarding arrival or departure of the train, PNR status, system ticket cancellation, ticket booking, accommodation, ticket price, wake up alarm facility, meal booking, destination alert, wheelchair booking can be obtained.
Press 4 for general complaints.
Press 5 for vigilance related complaints.
Press 6 for Parcel and Goods related queries.
Press 7 for IRCTC operated trains queries.
Press 9 for the status of complaints.
Press * (asterisk)  symbol  for  talking  to a call centre executive.

(iii) The consumer may also approach the Railway Claims Tribunal for any complaint.
Benches established-   https://rct.indianrail.gov.in/
Jurisdiction:
(a) Relating to the responsibility of the railway administrations as carriers under Chapter-VII of the Railways Act in respect of claims for- (i) Compensation for loss, destruction, damage, deterioration or non-delivery of animals or goods entrusted to a railway administration for carriage by railway; (ii) Compensation payable under section 82A of the Railways Act or the rules made thereunder; and
(b) In respect of the claims for refund of fares or part thereof or for refund of any freight paid in respect of animals or goods entrusted to a railway administration to be carried by railway.
(c) The accident claims which have been made against the railway under section 124.
Please read the railways claims tribunals act for detailed understanding of the tribunal.

(iv) Approaching any other appropriate judicial or quasi-judicial body:
The complainant is free to take the service provider to a court or any other suitable venue (judicial or quasi-judicial). The proceedings in consumer commissions are not mired by the niceties of procedure, allowing the complainant to file a complaint for himself. As a consumer, the aggrieved party can take the service provider to the appropriate consumer commission, based on the pecuniary and territorial jurisdiction. The jurisdictions of the various consumer commissions are as follows-
a) District Commission: The aggrieved consumer can reach out to the District Commission under section 34 of the CPA, 2019, which provides that the district commission shall entertain matters where the value of the goods or services paid as consideration does not exceed more than fifty lakh rupees.
b) State Commission: In cases where the value of the goods or services paid as consideration is more than fifty lakh, but less than 2 crores, the consumer can approach the State Commission. Moreover, in cases of unfair contracts, the State Commission has original jurisdiction and the consumer can be directly approached. An appeal against the order of the District Commission can also be made under section 47 of the CPA, 2019.
c) National Commission: The National Commission can entertain matters where the value of goods or services paid as consideration exceeds 2 crores. Section 58 also provides that complaints against unfair contracts can be entertained by NCDRC when the amount of value paid exceeds 10 crores. The NCDRC also has appellate jurisdiction against the orders of any State Commission and Central Authority.
Moreover, it must also be kept in mind that section 100 of the CPA, 2019 provides that the remedy under CPA is in addition and not in derogation of other available remedies.
As per Sections 13 and 15, the Railway Claims Tribunal Act, 1987 does not take away the jurisdiction of the consumer courts to decide the question of deficiency of service.


”",Railways
"“What are the rules, Acts, and Guidelines that govern this sector?”","“
Indian railways Act, 1989: https://www.indiacode.nic.in/bitstream/123456789/1908/5/a1989-24.pdf
Railway Claims Tribunal Act, 1987: https://indianrailways.gov.in/railwayboard/uploads/directorate/traffic_comm/RCT%20ACT%201987.pdf
The Metro Railways (Operations & Maintenance) Act 2002
https://www.indiacode.nic.in/bitstream/123456789/2008/3/2002-60.pdf
Opening of Metro Railways for Carriage of Passengers of Rules – 2013
https://backend.delhimetrorail.com/documents/1076/THE_OPENING_OF_METRO_RAILWAYS_FOR_PUBLIC_CARRIAGE_OF_PASSENGERS_RULES2013-2021.pdf
Metro Railways General Rules – 2013
https://mohua.gov.in/upload/uploadfiles/files/The%20Metro%20Railways%20General%20Rules,%202013%20English.pdf
Statutory Investigation into Railway Accident Rules- 1998
http://crs.gov.in/wp-content/uploads/2018/07/Statutory_investigation_into_Railway_Accident_19981.pdf
Railway (Notice of and Inquiries into Accident) Rules – 1998
http://crs.gov.in/wp-content/uploads/2018/07/Statutory_investigation_into_Railway_Accident_19981.pdf

The Railways Opening for Public Carriage of Passengers (Amendment) Rules – 2005
https://indiankanoon.org/doc/108369673/
”
—",Railways
“What are the landmark judgements in this sector?”,"“
1. Union of India V. Nathmal Hansaria [FA/692/1993/1997, NCDRC]
In this case, the complainants' daughter died falling through an unguarded inter-compartment passage. The State Commission awarded Rs. 2 lakhs for the deceased and Rs. 25,000 for mental agony, citing deficiency in railway service. The National Commission upheld this ruling, determining it an accidental death within consumer forum jurisdiction, notwithstanding Sections 13 and 15 of the Railway Claims Tribunal Act, 1987. The NCDRC held that the state commission was absolutely correct in identifying the victim as a consumer because NCDRC has drawn a clear distinction between a railway accident and an accidental death and remarked that the victim's death comes under the latter situation.

2. Deputy Chief Commercial Manager, Eastern Railways & Anr. V. Dr. K. K. Sharma & Ors. [RP/300/2000, NCDRC]
This case involves University teachers who purchased railway tickets from Shimla for their return journey from Calcutta to New Delhi, with multiple telegrams sent requesting reservations. Despite purchasing tickets a month in advance and sending multiple reminders, the Howrah Railway authorities failed to provide reservations or respond to their requests, forcing the complainants to travel by air and file a claim for Rs. 4,25,000 as compensation. The State Commission ruled that while purchase of a ticket doesn't guarantee reservation, railways cannot act arbitrarily, and the Consumer Courts have jurisdiction to address deficiency of service claims alongside the Railway Claims Tribunal, ultimately dismissing the Railway authorities' revision petition.

The consumer forum ruled that the Consumer Protection Act gives consumers an alternative remedy, and that the existence of remedies under Sections 13 and 15 of the Railway Claims Tribunal Act, 1987, did not confer jurisdiction over the matter of service inadequacy on the consumer courts.

3. Union of India Vs Ashok Shankar Sarkale and Ors [WP/7597/2003/2006, BHC]
The case involves a petition by the Union of India challenging a Consumer Forum's order to pay compensation for two deaths that occurred when passengers were pushed from a train. The High Court ruled that while the Consumer Forum lacked jurisdiction (as such cases fall under the Railway Claims Tribunal), it upheld the compensation amount of Rs. 4 lakhs due to the Railways not disputing liability. The Bombay High Court ruled that consumer forums lack the authority to examine claims or deficiency in service complaints that have arisen as a result of an ""untoward incident.""

4. Sumati Devi M. Dhanwatay Vs Union of India (UOI) and Ors [CA/2252/1999/2004, SC]
In this case, a female passenger was robbed and assaulted by an unruly mob while traveling in a first-class train compartment, leading to a legal battle over compensation. The Supreme Court ultimately ruled in her favor, holding the Railways liable for deficiency in service as they failed to take preventive measures despite knowing about recurring mob violence on that route. The Supreme Court held that not providing adequate securities to the passengers also amounts to deficiency in service.

5. Union of India v. M. Adaikalam [RP/125/1999/1993, NCDRC]
A complaint was filed against Railways for delayed delivery of a Church Bell, leading to compensation awards by the District Forum and State Commission. The National Commission ultimately set aside these orders, ruling that Railways had no liability for delivery delays per Coaching Tariff rules and that Consumer Forums lacked jurisdiction in railway goods delivery matters. The National Consumer Disputes Redressal Commission ruled that because such claims would fall under the Railway Claims Tribunals Act, it lacked the authority to hear complaints of loss, destruction, damage, or non-delivery of goods by railroad due to a failure in service.
”",Railways
“What are the important links and resources?”,"“INGRAM- https://consumerhelpline.gov.in/public/ ”
—",Railways
“What is a PNR?”,"“PNR - Passenger Name Record is a unique number that recognizes your booking. It is a travel record of an individual or a group of Individuals, maintained in CRS (Central Reservation System) database.
Note- Indian Railways has a 10-digit numerical PNR number.
The PNR number is enough to travel in railways. If your ticket is confirmed and you know your seat number and PNR number you can travel without a ticket, but with a valid ID proof. You have to approach the TC and then show your valid ID proof.”
—",Railways
“What is TATKAL Booking and how is it done?”,"“TATKAL booking is meant for immediate travel plans. TATKAL booking opens one day in advance for every train at 10 am for AC (Air-conditioned Class) and at 11 Am for Non-Ac.
You can book TATKAL e-ticket online.
Every train and class has a defined tatkal quota and it varies from station to station.
Many of the trains does not have Tatkal category. You have to select the Tatkal check box in the 'Plan my travel' page along with other details for booking tatkal ticket.
”
—",Railways
“Any special precaution to be taken while providing details during Ticket Booking?”,"“
Passengers have to be careful about the details provided while booking train tickets.
Your personal information is publicly pasted on rail coaches after chart preparation.
The only way to protect you from fraudulent transactions is to avoid quoting PAN details for identity proof. Do not mention your PAN card as ID proof while booking train tickets.
Six passengers can be booked in a single ticket.
”
—",Railways
“What is the major rule for boarding the train?”,"“The Ministry of Railways has issued specific rules for boarding trains. They are as follows: Partially Waitlisted Ticket holders are allowed to board the train along with fully confirmed and RAC passengers.”
—",Railways
“Can consumers travel in a train without a counter ticket if booked from the counter?”,"“No, consumers cannot travel without an original counter ticket, because if the ticket has been booked through the counter then it is mandatory to carry the original ticket otherwise you will be fined as without a ticket.”",Railways
“Do we need a hard copy of the train ticket?”,"“Instead of carrying a printout or hard copy of your Indian Railways train ticket, IRCTC now sends you SMS-based tickets that can be shown to the Travelling Ticket Examiner (TTE). In order to book tickets online, the passenger can simply log on to the official website of IRCTC by using his/her name and password.
A photocopy of a railway ticket can be accepted in any form of paper copy or digital copy if you are carrying valid photo ID proof of the passenger mentioned in the ticket. This is only valid for reserved tickets for Class Sleeper, CC and AC. For unreserved, photocopy does not work.”",Railways
“How can a consumer check Train Time Table Online?”,"“You can check IRCTC Train Time Table or the Train Schedule and Train Timings of any Indian Railways Train at https://indianrailways.info/train_time_table/ this is one of the fastest ways to get correct information and find your train in real time.
All you need to do is enter the Train Number or Train Name in the box above to get the updated schedule of the train. · You can find Train Name or number by just entering the first 3 letters / digits and it will show you a list from which you can select the train. · Train Time Table can also be checked at every station where enquiry counters are available for this purpose.”",Railways
“What if the railway counter ticket is lost/misplaced?”,"“No Refund is permissible against lost/misplaced tickets. Duplicate ticket can be issued only in case of lost/torn/mutilated, confirmed or RAC tickets. The passenger can travel on the accommodation reserved for him as per extant Railway rules.
To re-print your ticket, log on to the IRCTC e-ticketing website www.irctc.co.in by providing the correct username and password. · Go to 'My Transactions' and click on the 'Booked Ticket History' link on the main menu bar. · All the booked tickets will be displayed.
”
—",Railways
"“A Consumer booked the ticket through IRCTC, and cancelled the ticket, so will he get the refund from IRCTC or Railways?”",“The Refund will be processed through IRCTC.”,Railways
“Where should the grievance redressal or complaint be filed?”,"“If the consumer booked the ticket from a different zone and the issue/grievance took place in a different zone, then, the grievance should be forwarded to the zone, where the problem/issue took place. For cases such as misbehaviour of TC or any other railway staff, grievances should be registered at the next station of the train where the incident took place.
If the consumer wants to move to a higher authority, she may register her grievance with the:
Tier-1: Divisional Railway Manager, of the concerned zone (the station where the grievance happened), a written grievance has to be made. Wait for 30 days for the response.
Tier-2: After 30 days, if no response has been received he can register the grievance at- https://railmadad.indianrailways.gov.in
Tier-3: If the consumer is not satisfied with the response, he may move to the District Consumer Commission, following the procedure prescribed
”",Railways
“What is the retail sector for electronics?”,"“The electronics retail sector in India has been growing rapidly in recent years, and the consumer electronics market is one of the largest and fastest-growing in the world. While traditional brick-and-mortar stores still dominate, e-commerce is gaining significant market share. Smartphones, televisions, and home appliances are among the most popular product segments. These purchases are driven by increasing disposable income, urbanization, and digital adoption, while policies like ""Make in India"" are encouraging domestic manufacturing of electronics. At the same time, the sector faces issues like price competition and the need for better after-sales service. Common consumer issues in the Indian electronics retail sector include quality concerns, difficulties with repairs, replacements, and warranty claims, exaggerated product claims or unclear terms and conditions, fake or substandard products, stock availability issues, data privacy and hidden costs for installation, extended warranties, or accessories.”",Retail_Electronics
“What are the grounds for complaints in the electronics retail sector?”,"“In the Indian electronics retail sector, consumers can file complaints on various grounds. Here are some common bases for consumer complaints:
1. Defective products: When an item doesn't function as advertised or expected.
2. Breach of warranty: If the retailer or manufacturer fails to honor the warranty terms.
3. Misrepresentation: When a product's features, quality, or performance are falsely advertised.
4. Unfair trade practices: Including charging more than the MRP (Maximum Retail Price) or refusing to exchange/return as per policy.
5. Poor after-sales service: Delays or refusals in providing promised repair or replacement services.
6. Non-delivery or late delivery: For online purchases, when products aren't delivered within the promised timeframe.
7. Billing issues: Overcharging, unauthorized charges, or refusal to provide proper bills.
8. Selling old stock: Particularly relevant for items like batteries or products with limited shelf life.
9. Data privacy violations: Misuse or unauthorized sharing of personal data collected through electronic devices.
10. Refund delays: Failure to process refunds within the stipulated time frame.
11. Sale of counterfeit goods: Selling fake products as genuine branded items.
12. Hidden charges: Imposing unexpected fees not disclosed at the time of purchase.
”
__",Retail_Electronics
“What are the landmark judgements in the electronics retail sector?”,"“
Samsung India Electronics Pvt Ltd. vs Gundu Shivaiah (2024) FA No. 306/2019 (Telangana SCDRC)
Determines the standard of proof for manufacturing defects in electronics. Merely because the complainant has addressed a letter within the warranty period that itself will not prove that the product suffered a manufacturing defect; the complainant who has come up with a case of manufacturing defect has to prove it with substantial evidence.

Sh. Sarabjeet Singh. vs Walia Electronics. & Ors. (2017) F.A. No. 247/2016 (Himachal Pradesh SCDRC)
During the warranty period, the seller is under a legal obligation to replace the faulty device. In guarantee replacement of good is permissible, but in warranty the original replacement of good is not permissible and only repair is permissible.

Ms. Sachin Sharma vs Reliance Retail Limited (2018) F.A. No. 92/2018 (Punjab SCDRC)
The TV was sold to the consumer on the assumption that it was a box piece, but it turned out to have been an unsealed display piece. The fact that the appliance is working, despite being an unsealed display piece, does not mean that the complainant is entitled to reduced compensation for deficiency of service.

Manish Kumar vs Taneja Electronics (2013) F.A. No. 1245/13 (Delhi SCDRC)
Delay in servicing and not providing a replacement in the interim does not amount to deficiency of service.
”
__",Retail_Electronics
"“What are the rules, acts and guidelines governing this sector?”","“
Consumer Protection Act, 2019
Bureau of Indian Standards (BIS) Act, 2016
Goods and Services Tax (GST) Act
Foreign Exchange Management Act (FEMA)
Competition Act, 2002
E-Commerce Guidelines
Legal Metrology Act, 2009
Consumer Protection (E-commerce) Rules, 2020.
Electronics and Information Technology Goods (Requirement for Compulsory Registration) Order, 2012.
Solar Photovoltaics, Systems, Devices and Components Goods (Requirements for Compulsory Registration) Order, 2017.
Electronic Waste (Management) Rules, 2016
Information Technology Act, 2000
Sale of Goods Act, 1930
Foreign Direct Investment (FDI) Policy
The Indian Contract Act, 1872
Environment Protection Act, 1986
Trade Marks Act, 1999
”
__",Retail_Electronics
“What are the complaint mechanisms available in this sector?”,"“

Retailer's Customer Service Departments:
Consumers are encouraged to initially engage with the retailer's customer service departments to resolve grievances directly. These departments often handle complaints related to product quality, pricing, or service-related issues. Consumers should provide all relevant information about the purchase to expedite the resolution process.

Manufacturer’s Authorized Service Centre- When a consumer purchases an electronic item and encounters problems during the warranty period, they are typically required to approach the brand’s authorized service centre for inspection and repair. These centres are officially recognized by the manufacturer and are equipped to handle diagnosis, repairs, replacements, and software updates according to company standards. Consumers can locate the nearest service centre through the brand’s official website or customer care. Most companies such as Samsung, LG, Sony, Xiaomi, and others also have escalation matrices to guide customers if the initial service is unsatisfactory. It is important for consumers to carry the original invoice, warranty card, and product details when visiting the service centre, as these documents are essential to claim warranty benefits.

Consumer Protection Agencies:
If the issue persists after engaging with the retailer, consumers can file a complaint with local consumer protection agencies or consumer affairs departments. These agencies typically have specific procedures for filing complaints and can offer guidance on consumer rights. They act as intermediaries to address disputes between consumers and retailers.

Consumer Disputes Redressal Commission (CDRC):
Established under the Consumer Protection Act of 1986, the CDRC operates at the District, State, and National levels. Consumers can file complaints related to unfair trade practices, defective goods or services, overcharging, hazardous products, and misleading advertising. The CDRC serves as a quasi-judicial body, allowing consumers to seek redressal for their grievances without the complexities of traditional legal procedures. The complainant has the option to take the service provider to a court or another suitable venue based on jurisdiction.

Commissions are as follows-
a) District Commission: The aggrieved consumer can reach out to the District Commission under section 34 of the CPA, 2019, which provides that the district commission shall entertain matters where the value of the goods or services paid as consideration does not exceed more than fifty lakh rupees.

https://ncdrc.nic.in/districtlist.html

b) State Commission: In cases where the value of the goods or services paid as consideration is more than fifty lakh, but less than 2 crores, the consumer can approach the State Commission. Moreover, in cases of unfair contracts, the State Commission has original jurisdiction and the consumer can be directly approached. An appeal against the order of the District Commission can also be made under section 47 of the CPA, 2019.

https://ncdrc.nic.in/statelist.html


c) National Commission: The National Commission can entertain matters where the value of goods or services paid as consideration exceeds 2 crores. Section 58 also provides that complaints against unfair contracts can be entertained by NCDRC when the amount of value paid exceeds 10 crores. The NCDRC also has appellate jurisdiction against the orders of any State Commission and Central Authority.

https://ncdrc.nic.in/

Online Consumer Complaint Platforms:
Several online platforms facilitate the filing of consumer complaints against retailers. These platforms act as intermediaries and can guide consumers on the appropriate course of action. They often collaborate with consumer protection agencies to ensure the swift resolution of complaints.
https://consumerhelpline.gov.in/

Ombudsman Services:
Some regions have ombudsman services that specialize in resolving disputes between consumers and businesses. These independent bodies provide an alternative dispute resolution mechanism, aiming to settle complaints efficiently and fairly.

Consumer Education Programs:
Initiatives aimed at educating consumers about their rights and responsibilities can empower them to make informed decisions. Awareness programs conducted by consumer protection organizations and NGOs play a vital role in enhancing consumer knowledge about filing complaints and seeking redressal.

Alternative Dispute Resolution (ADR) Services:
ADR mechanisms, such as mediation and arbitration, provide an alternative to traditional legal avenues. Consumers and retailers can voluntarily engage in ADR processes to resolve disputes with the assistance of neutral third parties.

Quality Assurance and Certification Bodies:
Consumers can approach quality assurance and certification bodies related to the grocery sector. These organizations play a role in ensuring that products meet specified standards, and they may intervene in cases where non-compliance or quality issues arise.


”
__",Retail_Electronics
“What are the regulatory bodies in this sector?”,"“Ministry of Consumer Affairs, Food and Public Distribution:
This ministry oversees consumer-related issues, including those related to the electronics retail sector. It formulates policies and regulations to protect consumers' interests and ensure fair trade practices.
https://consumeraffairs.nic.in/

Competition Commission of India (CCI):
CCI is responsible for promoting fair competition in the market. It investigates anti-competitive practices and takes measures to ensure a level playing field for businesses, including those in the electronics retail sector.
https://www.cci.gov.in/

Department of Industrial Policy and Promotion (DIPP):
DIPP, under the Ministry of Commerce and Industry, formulates and implements policies related to industrial development and foreign direct investment (FDI). Policies related to FDI in retail are crucial for shaping the landscape of the organized retail sector.
https://dpiit.gov.in/

Retailers Association of India: Apex body that represents offline retailers and online retailers in India. https://rai.net.in/
Bureau of Indian Standards (BIS)
Develops and enforces standards for product quality and safety. Electronics such as TVs, refrigerators, mobile phones, and chargers must comply with BIS certification. Under the Compulsory Registration Scheme (CRS), many electronics cannot be sold without BIS marking. https://www.bis.gov.in/

Telecom Regulatory Authority of India (TRAI) (only for telecom electronics like mobile phones, modems, routers)
Regulates service quality, consumer rights, and product compliance in telecom-related electronics. https://www.trai.gov.in/
”
__",Retail_Electronics
“What are the important links regarding this sector?”,"“FAQs:
https://consumerhelpline.gov.in/faq-details.php?fid=Consumer%20Durables
National Consumer Helpline:
https://consumerhelpline.gov.in/
E-jagriti Portal-
https://e-jagriti.gov.in/
BIS Care App – Check ISI-marked and certified electronics:
https://www.bis.gov.in/bis-apps/
”",Retail_Electronics
“What is Gadget Insurance?”,"“In this digital era, when more and more people are buying gadgets like laptops, computers, mobile phones, digital cameras etc., safety of such items is also important. Although, manufacturers provide a one year warranty which is mostly limited to manufacturing defects. However, if a gadget is stolen or damaged, you may have to spend from your pocket or buy a new gadget. For these reasons, people prefer to get their gadgets insured.”",Retail_Electronics
“What is covered under Gadget Insurance?”,"“Insurance provides financial protection against accidental damages, water/fluid damage, theft, burglary, and fire damage.”",Retail_Electronics
“How can one buy gadget insurance?”,"“Gadget Insurance can be purchased for new gadgets only (not for second-hand ones) from the stores/online platforms from where you buy the gadget. Normally, the cover is not sold by insurance Companies either in their branches or through agents or even online.”",Retail_Electronics
“What is the automobile sector?”,"“Since delicensing and economic reforms, the Indian automobile industry has grown steadily. One of the biggest employers, both directly and indirectly, the impressive growth of the Indian automobile sector accounts for 35% of the country's manufacturing gross domestic product (GDP). All these factors result in a wide range of options for consumers when it comes to deciding on motor vehicles. Thus, the consumers need to also be educated about grievance redressal regarding the automobile sector.”",Automobile_Sector
“What are the grounds for complaint available?”,"“
any fault, imperfection or shortcoming in the quality, quantity, potency, purity, nature or standard of goods
the real mileage of your car is less than as claimed
attempt to obtain extra money from you in any form like fee, trade, or other types of compensation.
No RC number was given
Damaged vehicle provided
Any manufacturing defects in the automobile
defective airbags
misleading and false statements, representations and warranties and other unfair methods or deceptive practices
Complaints related to adulteration, dilution, or poor quality of fuel supplied by petrol stations, leading to vehicle damage, performance problems, or increased emissions.
Failure to deliver the vehicle within the promised time frame or unreasonable delays in handing over the vehicle after payment.
The vehicle failing to meet mandatory safety regulations, including crashworthiness, seat belts, or child safety locks.
Denial or improper handling of repair or replacement claims under the vehicle’s warranty without valid reasons.
Unavailability of genuine spare parts for repairs or maintenance within a reasonable time period, leading to vehicle downtime.
Installation of non-approved or unauthorized parts during manufacturing or service without the customer’s consent.
Unjustified extra costs that were not disclosed during the purchase process, such as documentation, handling, or processing fees.
Problems related to incorrect or incomplete vehicle registration or ownership details provided by the dealer.
Fraud related to odometer readings, etc.
Green Vehicle Issues including battery failure, charging port defects, or reduced range in EVs
”",Automobile_Sector
“When would complaints not be accepted?”,"“Complaints in the automobile sector may not be accepted by Consumer Commissions under various circumstances defined in the Consumer Protection Act, 2019. Under Section 69, a complaint must be filed within two years from the date of the cause of action; delays beyond this period can lead to dismissal unless justified with sufficient cause. Additionally, if the issue pertains to normal wear and tear, such as battery degradation, brake pad wear, or tyre damage or arises from unauthorized modifications or poor maintenance, it may not amount to a ""deficiency in service"" under Section 2(11). Complaints filed before a forum lacking territorial or pecuniary jurisdiction, as defined in Sections 34 to 36, or those falling under the purview of other statutes like the Motor Vehicles Act, may also be dismissed. Section 35(1) allows the forum to reject frivolous or vexatious complaints, with potential costs imposed under Section 39(1)(d). Furthermore, complaints lacking evidence of privity of contract, such as proof of purchase or warranty documentation, or where the complainant does not qualify as a ""consumer"" under Section 2(7), are likely to be considered non-maintainable. If the complaint is based on incorrect legal grounds or seeks reliefs beyond the scope of the Consumer Forum, such as criminal prosecution or declaratory remedies may also be rejected. ”",Automobile_Sector
“What are the modes or methods of complaint available?”,"“
1. Approaching the seller/manufacturer
The consumer may first approach the dealer, lender, manufacturer or the company itself. One can expect a refund or other types of a satisfactory response from the auto dealer or manufacturer along with the justification. Customer service numbers of some companies:
Tata Motors India – 022-62407101
Mahindra & Mahindra India – 1800 209 6006
Maruti Suzuki India – 1800 102 1800
Hero MotoCorp India – 1800 266 0018
Bajaj Auto India – 7219821111
Toyota India – 1800 425 0001
Mitsubishi Motors Customer Care Number – 1800 102 2955
Honda Motors Company Ltd. – 1800 708 6555


2. Approach the National Consumer Helpline
Call- 1800114000 or 1915
For misleading advertisements- https://consumeraffairs.nic.in/more/misleading-advertisements
3. Approaching any other appropriate judicial or quasi-judicial body:
The complainant is free to take the service provider to a court or any other suitable venue (judicial or quasi-judicial). The proceedings in consumer commissions are not mired by the niceties of procedure, allowing the complainant to file a complaint for himself. As a consumer, the aggrieved party can take the service provider to the appropriate consumer commission, based on the pecuniary and territorial jurisdiction. The jurisdictions of the various consumer commissions are as follows-
a) District Commission: The aggrieved consumer can reach out to the District Commission under section 34 of the CPA, 2019. The Consumer Protection Rules, 2021 provide that the District Commission shall entertain matters where the value of the goods or services paid as consideration does not exceed more than 50 lakh rupees.
b) State Commission: In cases where the value of the goods or services paid as consideration is more than 50 lakh, but less than 2 crores, the consumer can approach the State Commission. Moreover, in cases of unfair contracts, the State Commission has original jurisdiction and the consumer can be directly approached. An appeal against the order of the District Commission can also be made under section 47 of the CPA, 2019.
c) National Commission: The National Commission can entertain matters where the value of goods or services paid as consideration exceeds 2 crores. Section 58 also provides that complaints against unfair contracts can be entertained by NCDRC when the amount of value paid exceeds 10 crores. The NCDRC also has appellate jurisdiction against the orders of any State Commission and Central Authority.
Moreover, it must also be kept in mind that section 100 of the CPA, 2019 provides that the remedy under CPA is in addition and not in derogation of other available remedies.

”",Automobile_Sector
“What are the regulatory bodies in this sector?”,"“
1. Ministry of Road Transport & Highways- It consists of two committees i.e. Central Motor Vehicles Rules-Technical Standing Committee (CMVR-TSC) and Standing Committee on Implementation of Emission Legislation (SCOE), which advise the Ministry on automotive safety and emission regulations respectively.
2. Automotive Industry Standards Committee (AISC)
3. Bureau of Indian Standards (BIS)
4. Automotive Research Association of India
”",Automobile_Sector
"“What are the rules, Acts, and Guidelines that govern this sector?”","“
ACTS AND GUIDELINES
1. Motor Vehicles Act, 1988- https://legislative.gov.in/sites/default/files/A1988-59.pdf
2. Central Motor Vehicles Rules 1989- https://morth.nic.in/central-motor-vehicles-rules-1989-1
3. Indian Contract Act 1872- https://legislative.gov.in/sites/default/files/A1872-09.pdf
4. Sale of Goods Act 1930- https://legislative.gov.in/sites/default/files/A1930-3_0.pdf
5. Automotive Industry Standards- https://www.araiindia.com/pdf/List_ARAI_Publications%20(June%202009).pdf
6. Society of Indian Automobile Manufacturers' (SIAM) Voluntary Code on Vehicle Recall, 2012- https://www.siam.in/siam-voluntary-recall.aspx
”",Automobile_Sector
“What are the landmark judgements in this sector?”,"“
LANDMARK JUDGMENTS
1. Honda Cars India ltd. v Sudesh Berry and Ors. [CA/6802/2021/SC]: The Supreme court held that vehicle manufacturers cannot be held liable for deficiencies in service by the dealers or authorized service agents.
2. Jagrut Nagrik and others v Proprietor, Baroda Automobiles Sales [RP/743 & 913/2010/NCDRC]: NCDRC held that “the manufacturer of the car as well as the sales and service dealer is liable to pay. However, if in the reckoning of the manufacturer, under some agreement, the liability to pay is only that of the dealer alone on the strength of such agreement it will be for them to work out the remedy for realization of the amount in case the amount is recovered from them.”
3. Tata Motors Ltd. and Ors. Vs. Ramkumar Verma and Ors. [RP/946/2018/NCDRC]: The NCDRC held that the interest of the dealers is not independent of the vehicle manufacturer. Since OP1 and OP2 are the manufacturers of the vehicle, and OP3 is the dealer, all three parties share responsibility for the sale and servicing of the vehicle. The dealer (OP3) acts as the intermediary between the manufacturer and the consumer. Therefore, the dealer’s interest is closely tied to the manufacturers, as they are selling products that have been produced by them. The NCDRC’s stance emphasizes that in cases of defective goods, both the manufacturer and the dealer can be held accountable.
4. Rajeev Singh v Hyundai Motors India (2022, NCDRC): The forum held that both the car dealer and Hyundai Motors India jointly liable for failing to deliver a prepaid vehicle within the promised 15-day period and for not refunding the payment upon repeated requests. The forum found this to constitute a clear deficiency in service under Section 2(11) and an unfair trade practice under Section 2(47) of the Consumer Protection Act, 2019. The key ratio decidendi was that once full payment is accepted and a delivery timeline is committed, failure to fulfill that obligation without just cause amounts to a breach of the consumer's legal rights. Further, since the dealership operates as an agent of the manufacturer in fulfilling delivery commitments, both parties can be held jointly and severally liable.
”",Automobile_Sector
“What is covered under warranty?”,"“Almost every manufacturer covers the mechanical and electrical components in the warranty. But do check whether accessories that are installed by the dealer are covered under warranty too. Also, do ask about the intervals at which the car needs to be serviced and for a rough estimate of the cost of each service. This will help you understand whether the vehicle is maintenance-heavy or not.”",Automobile_Sector
“How soon will my car's Registration Certificate (RC) and Registration Plate come?”,"“When you buy a car, you will have to drive it on a temporary registration number called a Temporary Coupon or TC for some time. The TC is valid for a month from the date of delivery of your vehicle. If you do not get your car's RC within that period, it may be impounded by the traffic police officials. You can track your RC and its status on the Vahan Portal (https://vahan.parivahan.gov.in).”",Automobile_Sector
“Do I have to get insurance from the dealership only?”,"“No. Car dealerships have a tie-up with an insurance company for which they charge you extra. However, this does not mean you cannot buy insurance for your car from the market.”",Automobile_Sector
“What documents are required to be submitted to the insurer in case of any claim?”,"“
1. Purchase Invoice or copy of bill wherein make, model and serial no. of the product are mentioned.
2. Duly filed claim form.
3. Copy of FIR in case of theft/burglary.
4. Any other document required by the insurer.”",Automobile_Sector
“What is entertainment and media?”,"“The media and entertainment sector encompasses industries that create, produce, and distribute content for public consumption, including film, television, radio, music, gaming, print, and digital media. It also includes ancillary services such as advertising, ticketing, and live event management. The sector is dynamic, driven by technological innovation, evolving consumer preferences, and creative expression, serving as a bridge between information dissemination, storytelling, and audience engagement.
Consumers interact with this sector by subscribing to streaming services, attending live events, engaging in social media, or purchasing digital and physical media products. The accessibility, quality, and personalization of content significantly influence the consumer experience, while issues like content availability, pricing, and privacy concerns shape consumer satisfaction and grievances.”",Entertainment_and_Media
“What are some important definitions?”,"“An intermediary is any person, entity, or platform that acts as a link between two parties during the transmission or storage of data. This includes platforms like social media networks, search engines, e-commerce websites, and internet service providers. Examples include platforms like YouTube, Flipkart, and WhatsApp are intermediaries under the Information Technology Act, 2000.
An OTT platform is a service that delivers content like movies, TV shows, music, or live streaming directly to consumers over the internet without requiring a traditional cable or satellite subscription. Examples include Netflix, Amazon Prime Video, Spotify, and Hotstar are OTT platforms. These platforms are governed by the IT (Intermediary Guidelines and Digital Media Ethics Code) Rules, 2021.
A telecom service provider is a company licensed by the government to offer telecommunication services like voice calls, SMS, mobile data, and internet access to consumers. Examples include companies like Airtel, Jio, Vodafone Idea, and BSNL. Telecom operators are regulated by the TRAI.
An internet service provider (ISP) is a company or organization that provides access to the internet for individuals, businesses, or other organizations. ISPs enable internet connectivity through various means like fiber, broadband, or mobile data services. Examples of ISPs include ACT Fibernet, Hathway, and JioFiber. They are also regulated by TRAI.
A self-regulatory body is an organization established by industry players to create and enforce ethical standards, guidelines, or rules without direct government oversight. These bodies help maintain accountability and resolve grievances within their industry.
Example: (1) Advertising Standards Council of India (ASCI) for advertising; (2) News Broadcasting & Digital Standards Authority (NBDSA) for news channels; and (3) Digital Publishers Content Grievances Council (DPCGC) for digital content, as per the IT Rules, 2021.”",Entertainment_and_Media
“What are the grounds for complaints?”,"“
Unexpected charges on their bills or accounts.
Complaints about false or deceptive advertising practices.
Dissatisfaction with the quality of movies, TV shows, music, or other content.
Issues related to the unauthorized use or disclosure of personal information.
Complaints regarding unresponsive or unhelpful customer support.
Problems with subscription plans, billing errors, or cancellation difficulties.
Concerns about limited access to certain content or services.
Complaints related to restrictions on the use of digital content.
Frustration with bugs, glitches, or technical issues affecting the user experience.
Disputes related to alleged copyright violations.
Delayed refunds, lack of seat availability, misrepresented seating locations, or last-minute cancellations for live events.
Ticket resales at inflated prices and unauthorized ticketing platforms for live events.”",Entertainment_and_Media
“What is the complaint redressal system?”,"“
1. Contact Customer Care: The first step is to approach the customer service department of the relevant entertainment or media provider to register the grievance.
2. Escalate the Complaint: If unresolved, escalate it to the platform’s grievance redressal officer. Many digital platforms, as per the IT (Intermediary Guidelines and Digital Media Ethics Code) Rules, 2021, are required to appoint a grievance officer. Their contact details are usually listed on the platform’s website or app. Under the IT Rules, 2021, OTT and digital platforms must resolve grievances within 15 days of receiving the complaint.
3. If the issue pertains to misleading advertisements or false claims about content, you can also lodge a complaint with the Advertising Standards Council of India (ASCI). Other digital platforms also are part of self-regulatory bodies to which appeal can lie if issue is not resolved by the grievance officer. List of such self-regulatory bodies: https://mib.gov.in/self-regulatory-bodies
4. Issue a Legal Notice: If the platform fails to resolve your grievance, send a legal notice detailing the issue.
5. Approaching any other appropriate judicial or quasi-judicial body:
The complainant is free to take the service provider to a court or any other suitable venue (judicial or quasi-judicial). The proceedings in consumer commissions are not mired by the niceties of procedure, allowing the complainant to file a complaint for himself. As a consumer, the aggrieved party can take the service provider to the appropriate consumer commission, based
on the pecuniary and territorial jurisdiction. The jurisdictions of the various consumer commissions are as follows-
a) District Commission: The aggrieved consumer can reach out to the District Commission under
section 34 of the CPA, 2019. As per the Consumer Protection (Jurisdiction of the District Commission, the State Commission and the National Commission) Rules, 2021, the District Commission shall have jurisdiction to entertain complaints where the value of the goods or services paid as consideration does not exceed fifty lakh rupees.
b) State Commission:  As per the Consumer Protection (Jurisdiction of the District Commission, the State Commission and the National Commission) Rules, 2021, the State Commission shall have jurisdiction to entertain complaints where the value of the goods or services paid as consideration exceeds fifty lakh but does not exceed two crore rupees. An appeal against the order of the District Commission can also be made under section 41 of the CPA, 2019 to the State Commission.
c) National Commission: As per the Consumer Protection (Jurisdiction of the District Commission, the State Commission and the National Commission) Rules, 2021, the National Commission shall have jurisdiction to entertain complaints where the value of the goods or services paid as consideration, exceeds two crore rupees. The NCDRC also has appellate jurisdiction against the orders of any State Commission and Central Consumer Protection Authority.
Moreover, it must also be kept in mind that section 100 of the CPA, 2019 provides that the remedy under CPA is in addition and not in derogation of other available remedies.”",Entertainment_and_Media
“What are the regulatory bodies regulating the media and entertainment service providers?”,"“
Ministry of Information and Broadcasting is a nodal agency responsible for formulation and implementation of policies, frameworks, laws and regulations concerning broadcasting, information, films and press industry in India.
Telecom Regulatory Authority of India (TRAI) regulates, among other things, tariffs payable by subscribers of television channels and service providers in broadcasting sector
Central Board of Film Certification (CBFC or Censor Board) examines films (Indian and foreign) to determine whether a film is fit for public display. If found fit, then a certificate of exhibition is provided.
News Broadcasting and Digital Standards Authority (NBDSA) An independent self-regulatory body of the NBDA that regulates television content and can warn, admonish, censure, and fine broadcasters.
Broadcasting Wing (BC Wing) regulates content on private satellite TV channels and cable television networks.
Press Council of India Although it primarily governs print media, its principles also apply to the digital publications of print media. It sets ethical standards, including guidelines against misreporting, sensationalism, or obscenity, which are often the basis for consumer grievances against news content.”",Entertainment_and_Media
“What are the landmark judgements in entertainment and media?”,"“
Idea Cellular Ltd. v. Angad Kumar
In the case of Idea Cellular Ltd. v. Angad Kumar, the petitioner, Idea Cellular, launched a scheme called 'Tyoharan Ki Saugat' for eligible subscribers in a specific period. The respondent, Angad Kumar, received a message claiming that he had won an Alto Car in the scheme. When he approached the petitioner's office for the car, it was not provided. The petitioner contended that a revised message was sent, asking to ignore the earlier message and that the number was not registered in Angad Kumar's name.
The District Forum ruled in favor of the respondent, directing the petitioner to pay for the Alto car, compensation, and litigation costs. The State Commission upheld the order with a modification in the compensation amount. The National Commission, in its decision, observed that the petitioner's negligence in handling the communication caused harassment and mental trauma to the respondent.
The National Commission partially allowed the revision petition, modifying the order to award Rs. 1,00,000/- as compensation to the respondent instead of the Alto car or its price. The petitioner was directed to pay this amount within 45 days, and in case of non-compliance, an interest of 10% p.a. would be applicable. Additionally, a cost of litigation of Rs. 5,000/- was ordered to be paid to the complainant by the petitioner.


Brij Bhushan & others vs. State of Delhi
In this case, Brij Bhushan Sharma, a journalist, published an article in his newspaper “Swatantra Bharat” that critiqued the policies of the Indian government and the conduct of specific public officials. The authorities considered this article seditious under the IPC and charged Sharma with the offence of sedition. The court held that Section 7(1)(c) of the East Punjab Public Safety Act, 1949 authorised the imposition of restrictions on the fundamental right to freedom of speech and expression as guaranteed by Article 19(1)(a) of the Constitution. These restrictions were imposed for the purpose of preventing activities that could be detrimental to public safety and the maintenance of public order. As such, it did not constitute a law pertaining to “a matter which undermines the security of or tends to overthrow the State” within the scope of the exceptions provided in Clause (2) of Article 19. Consequently, Section 7(1)(c) was deemed unconstitutional and void in Brij Bhushan vs State of Delhi. The court also noted that censorship will impose obvious restrictions on freedom of speech and expression.

Yash Raj Films Private Limited v. Afreen Fatima Zaidi & Anr, CA/4422/2024, SC
The case revolves around a consumer complaint filed against Yash Raj Films regarding their movie ""Fan"" (2016). The complainant, a teacher from Aurangabad, watched the movie's promotional trailer which featured a song ""Jabra Fan."" She purchased tickets for herself and family members to watch the movie, expecting to see the song. However, when the song wasn't shown in the actual movie, she filed a consumer complaint claiming deficiency of service and unfair trade practice, demanding damages of Rs. 60,550.
While the District Consumer Forum initially dismissed the complaint, the State Commission allowed it and awarded Rs. 15,000 in total compensation. The National Consumer Disputes Redressal Commission (NCDRC) upheld this decision, stating that showing a song in promos but excluding it from the movie constitutes both deficiency of service and unfair trade practice.
However, the Supreme Court overturned these decisions, making two key determinations. First, it held that promotional trailers are unilateral and do not create any contractual relationship or obligations. They are merely meant to encourage viewers to watch the movie, and the actual contract is formed only when a ticket is purchased. Therefore, there can be no deficiency of service when content from a trailer is not included in the final movie.
Second, regarding unfair trade practice, the Court emphasized that this requires a false statement that materially misleads the buyer. The Court found no evidence of such false representation or intention to mislead viewers in this case. Importantly, the Court also distinguished services involving art, noting that they necessarily involve creative freedom and discretion in presentation, and therefore cannot be judged by the same standards as other services.
The judgment clarifies the legal status of movie trailers and promos under consumer law, establishing that their contents do not create enforceable obligations and that creative variations between promotional materials and final artistic products are permissible within consumer protection framework.
Rupasi Multiplex v. Mautusi Chaudhuri, RP/3972/2014, NCDRC
The complaint was resisted by the petitioner primarily on the ground that carrying water inside the hall has been restricted for security reasons since it is not possible for the management of the cinema hall to verify or check whether any restricted liquid had been mixed with the drinking water in the container/bottle.
The Commission ordered that the security considerations may prevail upon the cinema owners to prohibit carrying of drinking water from the market inside the cinema hall, a cinema hall, which seeks to prohibit carrying of drinking water inside the cinema hall for security reasons, must necessarily provide free portable and pure drinking water through water coolers installed inside the cinema halls, before such a prohibition can be enforced. An appropriate water purifier needs to be installed with the water coolers and disposable glasses need to be kept available near the water coolers. It has also to be ensured that the water supply is actually available through the water coolers before the movie starts as well as throughout the screening of the movie including interval. If for any reason, water supply is not available on a particular day, alternative arrangements for supply of free pure and potable drinking water to the cinema-goers needs to be made available. If this is not done, the owner of the cinema hall would be liable to pay appropriate compensation for the deficiency in rendering services to the cinema-goers. Mere availability of the drinking water from the cafeteria would not be sufficient to enforce prohibition of carrying drinking water inside the cinema halls.”",Entertainment_and_Media
“What are the Acts and guidelines that govern entertainment and media?”,"“Cinematograph Act, 1952
https://www.indiacode.nic.in/bitstream/123456789/15377/1/the_cinematograph_act%2C_1952.pdf
The Cable Television Network Regulation Act, 1995
https://excise.delhi.gov.in/excise/cable-television-networks-regulation-act-and-rules
The Information Technology Act, 2000
https://www.meity.gov.in/content/information-technology-act-2000-0
The Information Technology (Intermediary Guidelines and Digital Media Ethics Code) Rules, 2021 (‘IT Rules 2021’)
https://mib.gov.in/sites/default/files/2024-02/IT%28Intermediary%20Guidelines%20and%20Digital%20Media%20Ethics%20Code%29%20Rules%2C%202021%20English.pdf
The Copyright Act, 1957
https://copyright.gov.in/documents/copyrightrules1957.pdf


DTH/DAS FAQs",Entertainment_and_Media
“What is Digital Addressable Cable TV Systems (DAS)?”,“DAS is a cable TV service in which TV channels are sent through cable TV network in digital and encrypted form. Only authorized users can receive channels using a Set-Top-Box (STB) and TV set. The authorization is given by the service provider.”,Entertainment_and_Media
“Who are the service providers in DAS?”,“The Multi-System Operator (MSO) and its linked local cable operators (LCOs) are the service providers in DAS (hereinafter referred as cable operators).”,Entertainment_and_Media
“What is to be done for availing the services in DAS? What changes will be required at consumer’s end?”,"“For getting the services in DAS an additional piece of equipment called Set-Top Box (STB) is required along with a TV set. This set top box will facilitate the consumer, to access the encrypted digital television signal carried over DAS.”",Entertainment_and_Media
“Can I have both DTH and DAS?”,“DTH and DAS are two independent platforms. The consumer has the option to avail both the services at his option.”,Entertainment_and_Media
“What is set top box (STB)?”,"“Set top box (STB) is a device, which is connected to a television set at the consumer premises and which allows a consumer to view encrypted channels of his choice. The basic function of the set top box is to decrypt the channels and to convert the digital signals into analog mode for viewing on television sets.”",Entertainment_and_Media
"“Is it mandatory for the consumers to have a STB? Can I get cable television service in DAS, without a STB?”",“The TV channels carried in DAS cannot be received without STB. The STB can be a stand-alone unit or TV sets can have STB functions integrated into it.”,Entertainment_and_Media
“What are the terms and conditions for return of STB?”,"“The cable operator should prescribe the terms and conditions for return of STB, at the time of subscription of the service, acquired under outright purchase, rental and hire-purchase schemes at the time of subscription.

The following are the rules regarding return of STB:
The cable operator should refund the security deposit (if any), after adjusting the dues, if any.
In the case of the consumer shifting his premises within the service area of the cable operator, he shall be given a transfer voucher for provisioning of a new STB on the same terms and conditions at the new address.
If the consumer is not satisfied with the services provided by the cable operator, the consumer shall be free to opt out and the cable operator shall allow the consumer to surrender the STB after making deductions in accordance with the conditions specified to the consumer at the time of purchasing of the STB, however such deductions shall not exceed 25% for each half year or part of it.”",Entertainment_and_Media
“What if a consumer has more than one TV set in his/her home? Whether he/she needs a separate STB for each TV set?”,"“In case a consumer has more than one television set in his home, he needs to get a separate set top box for each television set.”",Entertainment_and_Media
“What do you mean by a-la-carte offering of channels and bouquet of channels?”,"“A-la-carte offering of TV channels means offering the channel individually on a standalone basis. Bouquet of channels means an assortment of distinct channels, offered together as a group or as a bundle.”",Entertainment_and_Media
“What is the monthly charge a consumer has to pay for availing the package/bouquet/ channels/services in DAS?”,"“The monthly charge depends upon the package/ bouquet/ channels/services chosen by the consumer. The consumers of DAS can choose package, bouquet, one or more pay channels, only FTA channels, only pay channels, pay channels and FTA channels offered by the cable operator.”",Entertainment_and_Media
“What is a basic service tier (BST). Is it compulsory to choose the BST offered by a cable operator?”,"“In DAS, cable operators have to compulsorily offer a package of 100 free-to-air (FTA) channels, called Basic Service Tier (BST) at a MRP of Rs. 100/- (exclusive of taxes) per month per connection. The consumer can also choose any combination of free to air channels up to 100 channels, in lieu of the basic service tier offered by the multi-system operator at a MRP of Rs. 100/- (exclusive of taxes). While the Cable operator has to offer the Basic Service Tier, it is not obligatory for consumers to subscribe to the BST.”",Entertainment_and_Media
“What is the composition of basic service tier (BST)?”,"“In DAS, the BST must consist of at least 5 channels of each genre namely news and current affairs, infotainment, sports, kids, music, lifestyle, movies and general entertainment in Hindi, English and regional language of the region. In case sufficient number of free to air channels of a particular genre is not available, the multi-system operator shall include in the basic service tier the channels of other genres. Doordarshan channels, namely DD-Bharati, DD Malyalam, DD-Podhigai, DD-Odiya, DD-Bangla, DD-Saptagiri, DD-Chandana, DD-Sahyadri, DD-Girnar, DD-Kashir, DD-NE , DD-Punjabi shall also form part of BST.”",Entertainment_and_Media
“Who fixes the a-la-carte channel rates and bouquet rates at the retail level inDAS?”,“The a-la-carte channel rates and bouquet rates are to be decided by the MSO.”,Entertainment_and_Media
“What is a Free-to-air (FTA) channel?”,“Free-to-Air (FTA) channel means a channel for which no subscription fee is to be paid by the MSO to the broadcaster for its re-transmission on cable. However the operator may prescribe subscription charges for such channels to be paid by the consumers for reception of such channels.”,Entertainment_and_Media
“What is a pay channel?”,“Pay channel means a channel for which subscription fee is to be paid to the broadcaster by the MSO operator and due authorization needs to be taken from the broadcaster for its re-transmission on cable.”,Entertainment_and_Media
“Can I get pay channels in BST?”,“No. BST consists of only FTA channels.”,Entertainment_and_Media
“What are the obligations for consumers?”,“The subscriber should give prior notice for disconnection of the service. The consumer should protect and safeguard the property of the cable operator placed at the premises of the subscriber.”,Entertainment_and_Media
“Can a cable operator discontinue exhibition of a channel without giving prior notice?”,"“No, Cable operator cannot discontinue exhibition of any channel without giving prior notice of fifteen days to its subscribers and such notice shall be published in the local newspaper and displayed through scrolls on TV screen.”",Entertainment_and_Media
“Rights of the DTH/DAS consumer?”,"“The consumer can ask for the details of the schemes offered by the cable operator and ask the cable operator for terms and conditions of subscription and STB. The consumer has the right to ask for channels on a-la-carte basis. The consumer can ask for a receipt for the payment made by him. The consumer can ask for the details of his bill under pre-paid subscription by paying a reasonable amount fixed by the cable operator. A consumer can suspend his cable service for a period 1 month to three months, giving 15 days notice in advance. The consumer is not required to pay subscription charge except rental for STB (if any). The consumer can ask for a Manual of Practice at the time of subscription. A consumer has a right to seek the redressal under the consumer protection Act or any other law for the time being enforced. For more information please visit https://trai.gov.in/sites/default/files/2025-04/FAQ_30042025.pdf .”


Misleading Advertisement FAQs",Entertainment_and_Media
“What is a misleading advertisement?”,"“Any advertisement or promotion through Television, Radio, or any other electronic media, Newspapers, Banners, Posters, Handbills, wall-writing etc. to misrepresent the nature, characteristics, qualities or geographic origin of goods, services or commercial activities so as to mislead the consumer could be broadly defined as a misleading advertisement.”",Entertainment_and_Media
“When does an Advertisement become Misleading?”,"“When an edible oil advertisement gives you the impression that you are free of heart problems so long as you are using that particular oil, then it is misrepresenting facts. When an advertisement of a water purifier that filters only bacteria (and not viruses) claims that it gives 100 percent safe water, then it is a false statement. When a cell phone service provider promises STD calls for 40 paise per minute, but omits to say that this rate is applicable only when calls are made to numbers serviced by the same provider, then it constitutes misrepresentation. When a manufacturer claims that the refrigerator marketed by him is the best or that it keeps the food inside germ-free, that claim should be backed by adequate data to substantiate the claim. Or else, it becomes a false statement. When an advertisement for a detergent says that it can remove grease in just one wash- it should be able to do just that and the manufacturer should be able to prove this. Or else, it is an incorrect statement or a false advertisement. When an advertisement promises to give you a free gift every time you buy the advertised product, the free gift should really be so. If the manufacturer is recovering either fully or even partly, the cost of the so-called free gift, then the advertisement becomes false and misleading. If a retailer claims that he is offering a special discount on his goods as part of a festival celebration, while he is actually using the festival as an excuse to get rid of old and outdated goods, then he is deceiving consumers. When a toothpaste advertisement says that it prevents cavities, one expects the manufacturer to have the data to prove this. If he fails to do that, then he is making an unsubstantiated claim or a false statement. If an advertisement for a face cream claims that it removes dark spots on the face and even prevents them from coming back, the manufacturer should be able to prove this. Or else, it is a deceptive advertisement. Even reducing crucial information about the product to minute letters at the bottom of the advertisement could be termed as an unfair trade practice, particularly if such information is not intelligible to the consumer.”",Entertainment_and_Media
“What do I do as a consumer when I see such advertisements?”,"“You can register a complaint with the Advertising Standards Council of India (ASCI) which handles consumer complaints about advertisements that are misleading or unethical.
Or, you can register a consumer complaint along with a copy / video / audio of such advertisement through the web portal of the GOI at http://gama.gov.in to bring it to the notice of the Government.”",Entertainment_and_Media
“How do I register my consumer complaint?”,"“Step 1: A one-time registration is required for lodging a complaint. For registration, go to the web portal http://gama.gov.in and click on the login link and register yourself, verify through your email / mobile and create user id and password. Step 2: Using this user id and password, enter into the portal and fill in required details attaching necessary audio / video / paper clip / photograph (if available).”",Entertainment_and_Media
“How do I track the status of my complaint?”,“Log in using user id and password and you can track the status.”,Entertainment_and_Media
“What Action do I expect on my complaint?”,"“Your complaint will be forwarded to the concerned authority for action against the misleading advertisement. For more information about Misleading advertisements and Advertising Standards Council of India please see https://www.ascionline.in/complaint-faq/ or https://www.ascionline.in/social/faqs/. For more information about Grievance Against Misleading Advertisements (GAMA) portal, please visit http://gama.gov.in/Default.aspx.”",Entertainment_and_Media
“How is this sector regulated in India?”,"“The Central Electricity Authority of India oversees the electrical sector, governed by The Electricity Act, 2003. Because of the breadth of the industry, each state has its own grievance redressal procedure. There is an Appellate Tribunal for Electricity set up under section 110 of the Electricity Act, 2003. The consumer redressal grievance method used in Karnataka is described in detail below.”",Electricity_and_Water_Sector
“What are the grounds for complaint available?”,"“
Interruptions/Failure of power supply
Voltage variations
Load shedding/Scheduled outage
Metering complaints
Billing complaints
Disconnection and reconnection complaints
Additional load
Safety issues
TC failure complaints
Theft
Allegation on staff
Phase conversion
Transfer of ownership and conversion
Refund/ issue of certificates
”",Electricity_and_Water_Sector
“What are the modes or methods of complaint available?”,"“Electricity Call Centres: To address the power supply related complaints on a proactive basis and provide effective, assured and timely services to the customers several power distribution companies and state electricity boards have set up an Electricity Call Centers. These call centers work round the clock to receive customer complaints through several channels such as telephone, fax, email, etc. The telephone number 1912 is specifically allotted to Electricity Call Centers for handling power supply related complaints.
Redressal Mechanism under Electricity Act:
(i) Remedy with the distribution licensee: Every distribution licensee is required to, within six months from the appointed date or date of grant of licence, whichever is earlier, establish a forum for redressal of grievances of the consumers in accordance with the guidelines specified by the State Electricity Regulatory Commission.
Any consumer, who is aggrieved by non-redressal of his grievances may make a representation for the redressal of his grievance to the Ombudsman appointed or designated by the State Commission, if the grievance is not addressed by the Electricity company. The Ombudsman is required to settle the grievances of the consumer within such time and in such manner as specified by the State Commission.
(ii) Remedy with the State Electricity Regulatory Commission: If a consumer's grievance is not redressed by the company level forum within the specified time or the consumer is not satisfied with the disposal of his grievance, he will be free to approach the Ombudsman appointed by the Commission.
Appealing To The Appellate Tribunal For Electricity (ATEL):
Set up under section 110 of the Electricity Act, 2003, the appellate body hears the orders passed by the Central and State Electricity Regulatory Commissions.
(i) The appeal to ATEL is considered when the aggrieved party deposits the amount of penalty, if any, and unless such requirement is dispensed by ATEL on grounds of undue hardship to the aggrieved party.
(ii) Moreover, the appeal shall be filed within a period of 45 days from the date on which a copy of the order is received by the aggrieved party.
(iii) The ATEL shall endeavor to settle the dispute within a period of 180 days from the receipt of the appeal.
Approaching the Consumer Fora:
Consumer of electrical energy provided by the Electricity Board or other Private Company, is a consumer as defined under the Consumer Protection Act and a complaint alleging any deficiency on the part of the Board or other private company including any fault, imperfection, shortcoming or inadequacy in quality, nature and manner of performance which is required to be maintained by or under any law or in pursuance of any contract in relation to service, is maintainable under the Consumer Protection Act.
The jurisdictions of the various consumer commissions are as follows-
a) District Commission: The aggrieved consumer can reach out to the District Commission under section 34 of the CPA, 2019, which provides that the district commission shall entertain matters where the value of the goods or services paid as consideration does not exceed more than fifty lakh rupees.
b) State Commission: In cases where the value of the goods or services paid as consideration is more than fifty lakh, but less than 2 crores, the consumer can approach the State Commission. Moreover, in cases of unfair contracts, the State Commission has original jurisdiction and the consumer can be directly approached. An appeal against the order of the District Commission can also be made under section 47 of the CPA, 2019.
c) National Commission: The National Commission can entertain matters where the value of goods or services paid as consideration exceeds 2 crores. Section 58 also provides that complaints against unfair contracts can be entertained by NCDRC when the amount of value paid exceeds 10 crores. The NCDRC also has appellate jurisdiction against the orders of any State Commission and Central Authority.
Moreover, it must also be kept in mind that section 100 of the CPA, 2019 provides that the remedy under CPA is in addition and not in derogation of other available remedies.
Another remedy available to consumers is mediation. Chapter 5 of the Consumer Protection Act provides for establishing mediation cells and resolving consumer complaints using mediation.”",Electricity_and_Water_Sector
“Can the order of the Appellate Authority constituted under the Electricity Act be challenged in the Consumer Fora?”,"“Against the final order passed by the Appellate Authority under Section 127 of the Electricity Act, no complaint can be entertained by the Consumer Fora.",Electricity_and_Water_Sector
“When can an assessment order be challenged in the consumer fora?”,"“As per section 126 of the Electricity Act, if on inspection of any premises, the Assessment Officer of the Electricity Board comes to the conclusion that the consumer is indulging in unauthorized use of electricity, he has to provisionally assess the electricity charges payable by such person.  If that decision is arbitrary, unjustified or erroneous on the basis of the facts, a consumer can raise a dispute and approach the appropriate forum.”",Electricity_and_Water_Sector
“Is consumer fora jurisdiction limited by the grievance redressal mechanism provided under the Electricity Act?”,"“The Electricity Act, 2003 and the Consumer Protection Act runs parallel for giving redressal to any person who falls within the meaning of 'consumer' as defined in the Consumer Protection Act but it is limited to the dispute relating to 'unfair trade practice' or a 'restrictive trade practice' adopted by the service provider or if the 'consumer' suffers from deficiency in service or hazardous service or the service providers has charged a price in excess of the price fixed by or under any law.
Further, while a complaint against an assessment under section 126 or a decision of an appellate authority under section 127 or offences under section 135 to 140 does not lie to a Consumer Fora, however, where no notice is sent to the petitioner under section 126 or sections 135 to 140 of the Electricity Act, 2003 with respect to ""unauthorized use of electricity"", ""pilferage"" or ""theft of electricity"", the Consumer Fora have jurisdiction to adjudicate.”",Electricity_and_Water_Sector
“Does the Electricity Act provide rights for the consumers?”,"“The Electricity (Rights of Consumers) Rules, 2020 provide rights of consumers with regard to release of new connection and modification in existing connection, metering, billing and payment, tariffs, disconnections and reconnections and reliability of supply.”",Electricity_and_Water_Sector
“What are the regulatory bodies in this sector?”,"“The regulatory body in the electricity sector is the Central Electricity Regulatory Commission (CERC), which is a statutory body functioning in a quasi-judicial manner under section 76 of the Electricity Act, 2003. The body works for rationalization of electricity tariffs, transparent electricity subsidy policies, promotion of efficient and environmentally sound policies, among others.”",Electricity_and_Water_Sector
“What are the landmark judgements in this sector?”,"“
Tukaram v. The Executive Engineer, Maharashtra State Electricity Distribution Company Limited and Ors.
In the above case, it was held, by the NCDRC, that delay in granting electricity services amounts to deficiency in services.
Bihar State Electricity Board and Ors.vs. Iceberg Industries Ltd. and Ors.
In this case, it was held that not supplying electricity to industrial establishment or commercial entities is a deficiency in service under the CPA, 1986.
Manager, CESU Angul Elect. Division and Ors. v. Gangadhar Das
It was held in the present case that non-installation of Meter and charging extra electric dues amount to deficiency in service.
”",Electricity_and_Water_Sector
“What are the important links and resources?”,"“Contact Details of DISCOMs of various States: https://api.solarrooftop.gov.in/Report/DiscomList/details”

WATER SUPPLY SECTOR",Electricity_and_Water_Sector
“Where can a Consumer make a complaint related to Water Sector?”,“Water system is a state subject and every state has their own grievance redressal system.”,Electricity_and_Water_Sector
“I am not satisfied with the meter reading. Whom should I approach?”,“The area Zonal officer of the concerned authority should be contacted. There is a provision of special reading after paying a nominal fee.”,Electricity_and_Water_Sector
“What is the criteria for raising of water bill if water meter stops functioning?”,"“If the consumer meter had remained functional for last 12 months, then consumer will be billed on the average consumption of that 12 months period till new meter is installed/ fixed by Water Supply Authority, otherwise for un-metered connections, the department charges at a flat rate of consumption as laid down by the water Department of the City.”",Electricity_and_Water_Sector
“Can the water being supplied be tested for contamination?”,"“Yes, this facility is available free of cost and the complainant can contact the Director of Quality Control of the department.”",Electricity_and_Water_Sector
“Can a leaking service pipe line of a consumer  got replaced by Water Department?”,“Yes at a nominal cost for which the applications are available free of cost in the office of the concerned Executive Engineer.”,Electricity_and_Water_Sector
“Can a consumer file a complaint before the consumer courts for contaminated water supply?”,“A consumer can file a case in consumer court and can file a RTI in the same department.”,Electricity_and_Water_Sector
“What is the airline sector?”,"“The airline sector, also referred to as the civil aviation industry, encompasses all commercial air transport services including passenger airlines, cargo carriers, airport operators, ground handling agencies, and air traffic control services. It covers both domestic and international air travel, scheduled and non-scheduled flights, and the various services provided throughout a passenger’s journey. In India, the sector is regulated by multiple authorities: the Ministry of Civil Aviation (MoCA) oversees policy and governance; the Directorate General of Civil Aviation (DGCA) regulates safety, airworthiness, and airline licensing; the Airports Authority of India (AAI) manages airport infrastructure and air traffic services; the Bureau of Civil Aviation Security (BCAS) is responsible for aviation security; and the Airports Economic Regulatory Authority (AERA) governs airport tariffs and service quality. Together, these bodies ensure the safe, efficient, and consumer-focused operation of the aviation sector. ”",Airlines_Sector
“What are the grounds for complaint in case of grievances with the airline sector?”,"“
Cancellation /Rescheduling of Flights /Delays
Poor responses while enquiring on phones.
Misinformation provided by Airlines staff when called on phones.
Promised services are not provided.
Long procedure in getting refund or even denial of refund.
Denying boarding to the passengers having valid tickets and reported at proper check in time at the last moment due to overbooking or some unknown reasons.
Misleading advertisement that invites passengers for free travel.
Misinformation on confirmed booking.
Unfriendly terms and conditions framed by the private airlines which caused discomfort to the passengers.
Loss of baggage for which compensations are not paid or when paid it is very less.
Pilferage of baggage.
No proper guidance when the passengers are in harness.
Misbehavior at the counter.
Minor faults in booking through airlines/agents net may cost dearer to the passenger.
Data breach by the Airlines company.
”",Airlines_Sector
"“Where can I find the policy for compensation, refunds and the facilities ?”","“Airlines in India are required to publish comprehensive policies on compensation, refunds, and passenger entitlements in cases of denied boarding, cancellations, or delays. These policies must be clearly displayed on each airline’s official website in accordance with the regulatory framework issued by the Directorate General of Civil Aviation (DGCA) under the Civil Aviation Requirements (CAR), Section 3 – Air Transport, Series M, Part IV. Specifically, Paragraph 3.10.2 of this CAR mandates that airlines formulate policies in line with the DGCA’s guidelines and make them prominently accessible to passengers. These policies must include details regarding compensation amounts, timelines for refunds, arrangements for alternate flights, and facilities such as meals or hotel accommodations, depending on the nature and duration of the disruption. This regulation ensures transparency and empowers passengers to be informed about their rights in advance. For accurate and updated information, passengers should consult both the airline’s website and the DGCA portal at https://dgca.gov.in. ”",Airlines_Sector
“What are my remedies in the case of overbooking?”,"“
In case of overbooking, an airline must first ask for volunteers to give up their seats in exchange of such benefits/facilities decided by the airline.
If the boarding is denied to a customer due to overbooking against their will, the airline shall not be liable for any compensation in case alternate flight is arranged that is scheduled to depart within one hour of the original schedule departure time of the initial reservation.
However, failing to provide alternate flight within one hour, the airline shall compensate the passengers as per the following provisions:
a) An amount equal to 200% of booked one-way basic fare plus airline fuel charge, subject to maximum of INR 10,000, in case airline arranges alternate flight that is scheduled to depart within the 24 hours of the booked scheduled departure.
b) An amount equal to 400% of booked one-way basic fare plus airline fuel charge, subject to maximum of INR 20,000, in case airline arranges alternate flight that is scheduled to depart more than 24 hours of the booked scheduled departure.
c) In case passenger does not opt for alternate flight, refund of full value of ticket and compensation equal to 400% of booked one-way basic fare plus airline fuel charge, subject to maximum of INR 20,000.
”",Airlines_Sector
“What are my remedies in the case of delay?”,"“
The airlines shall provide free of charge Meals and refreshments in relation to waiting time if the passenger has checked in on time, and if the airline expects a delay beyond its original announced scheduled time of departure of:
a) 2 hours or more in case of flights having a block time of up to 2 ½ hrs; or
b) 3 hours or more in case of flights having a block time of more than 2 ½ hrs and up to 5 hours; or
c) 4 hours or more in case of flights of higher block time duration.
When domestic flight is expected to be delayed for more than 6 hrs from the scheduled time, airlines shall offer an option of either an alternate flight within a period of 6 hours or full refund of ticket to the passenger.
When total delay is more than 24 hrs from the scheduled time of departure or more than 6 hrs for flights scheduled to depart between 2000 and 0300 hrs, passenger shall be offered Hotel Accommodation free of charge.
If the flier is not informed 24 hours before departure or she misses a connecting flight due to cancellation, the airline has to offer compensation.
In case of a delay of over 24 hours, the passenger should be offered free hotel accommodation. Free stay should also be offered if flights departing between 8 pm and 3 am are delayed for over six hours.
Airlines also need to offer meals and refreshments to passengers in case of delays beyond a certain period. For example, the passenger should get refreshments if a flight that has a block time of two-and-a-half hours is delayed by two hours or more.
But for flights that have a block time between two-and-a-half hours and five hours, the delay has to be three hours for the passenger to be eligible for refreshments. If a flight doesn’t fall into these two categories, the delay has to be over four hours for the airline to offer refreshments.
Block time is the total time from the moment an aircraft first moves for the purpose of taking off until the moment it finally comes to rest at the end of the flight.
”",Airlines_Sector
“Are there situations where the Airlines is not liable to follow the above rules in case of delay?”,"“An operating airline shall not be obliged to provide free meals or hotel accomodation for delay if the delay is caused due to extraordinary circumstances which could not have been avoided even if all reasonable measures had been taken. Such extraordinary circumstances may in particular, occur due to political instability, natural disaster, civil war, insurrection or riot, flood, explosion, government regulation or order affecting the aircraft, strikes and labour disputes causing cessation, slowdown or interruption of work or any other factors that are beyond the control of the airline. Additionally, airlines would also not be liable to pay any compensation in respect of cancellations and delays clearly attributable to Air Traffic Control (ATC), meteorological conditions, security risks, or any other causes that are beyond the control of the airline but which affect their ability to operate flights on schedule.
Extraordinary circumstances should be deemed to exist where the impact of an air traffic management decision in relation to a particular aircraft or several aircraft on a particular day, gives rise to a long delay or delays, an overnight delay, or the cancellation of one or more flights by that aircraft, and which could not be avoided even though the airline concerned had taken all reasonable measures to avoid or overcome of the impact of the relevant factor and, therefore, the delays or cancellations.”",Airlines_Sector
“What are my remedies in case of a downgrade?”,"“Should also include info on rights in case of involuntary downgrade, which are:
In case the passenger is downgraded involuntarily and is carried in a class lower, the airline shall reimburse the passenger as follows :-
a) For domestic sector:-75% of the cost of ticket including taxes.
b) For international sector:-
(i) 30% of the cost of ticket including taxes for flights of 1500 km or less.
(ii) 50% of the cost of ticket including taxes for flights between 1500 km to 3500 km.
(iii) 75% of the cost of ticket including taxes for flights more than 3500 km.
”",Airlines_Sector
“When would complaints not be accepted?”,"“There are various situations which might cause the complaint to be rejected. These include situations where the consumer is unable to file an appeal against an order within a period of 2 years, where the complaint is based on a frivolous cause of action, where the complaint falls outside the jurisdiction of the authority approached, and when the complaint has been filed under wrong sections of the Act, and other such situations. This requires careful reading of all Acts and regulations.”",Airlines_Sector
"“ In case of cancellation of flight, what needs to be done and what are the remedies?”","“
The airline shall inform the passenger of the cancellation at least two weeks before the scheduled time of departure and arrange alternate flight/refund as acceptable to the passenger.
In case the passengers are informed of the cancellation less than two weeks before and up to 24 hours of the scheduled time of departure, the airline shall offer an alternate flight or refund the ticket, as acceptable to the passenger.
If the flier is not informed 24 hours before departure or she misses a connecting flight due to cancellation, or missed the connecting flight booked on the same ticket number of an airline, the airlines shall either provide alternate flight or provide compensation in addition to the full refund of air ticket. The compensation amount ranges between ₹5,000 and ₹10,000, depending on the block time. Also, if the passenger is already at the airport and there’s a delay, the flier should get refreshments while the staff arranges an alternative flight.
Diversion: In case a flight is diverted, the airline should disembark the passengers at the nearest airport and provide refreshments.
The airline will have no obligation to pay ""compensation"" if delay or cancellation happens due to circumstances beyond the control of the airline. These include political instability, natural disasters, riots, floods, government regulations, meteorological conditions, security risks, and so on.
A passenger has the right to receive a refund of statutory taxes, user development, and passenger service fees levied by the airlines in case he/she cancels the ticket or or in case of non-utilisation of tickets/no show. The right to refund will be subject to the airline's internal policy in the case of a foreign airline.
Passenger allowed Lock-in option for 24 hours (after booking the ticket) in which the passenger can cancel or amend the ticket without any additional charges
Further, under no circumstances, the airline or its agent shall levy cancellation charge more than the basic fare plus fuel surcharge.
”",Airlines_Sector
“Where should the grievance redressal be filed?”,"“If the airline is not sticking to the norms provided in the passenger charter, the passenger needs to first complain at the airline’s help desk or email them.
Each Airline shall appoint a Nodal officer and Appellate Authority to settle passenger grievances in a stipulated time frame. Airlines shall conspicuously display the details of Nodal Officer and Appellate Authority on their respective website.
If she is not satisfied with the resolution provided by the airline, she can file a grievance through its AirSewa portal or APP. If the passenger is not satisfied with the resolution of grievance by airline and/or Air Sewa, the passenger has liberty to complain to any statutory body/court set up under relevant applicable laws, including:-
Public grievance , Ministry of civil aviation:
Airsewa portal (https://airsewa.gov.in/) and Centralized Public Grievance Redress And Monitoring System (CPGRAMS)- (https://pgportal.gov.in/)
By Ministry Of Personnel, Public Grievances & Pensions Department Of Administrative Reforms & Public Grievances.
Furthermore, the consumer can know about their rights through:
Integrated Grievance Redressal Mechanism (INGRAM):
Information on:
What are the passenger rights in case of delays and cancellation of flights?
Where to complain?
Medical Emergency
Facilities
AirSewa app
https://consumerhelpline.gov.in/faq-details.php?fid=Airlines
The consumer may also reach appropriate judicial or quasi-judicial body: The complainant is free to take the service provider to a court or any other suitable venue (judicial or quasi-judicial). The proceedings in consumer commissions are not mired by the niceties of procedure, allowing the complainant to file a complaint for himself. As a consumer, the aggrieved party can take the service provider to the appropriate consumer commission, based on the pecuniary and territorial jurisdiction. The jurisdictions of the various consumer commissions are as follows-
District Commission: The aggrieved consumer can reach out to the District Commission under section 34 of the CPA, 2019. which provides that the district commission shall entertain matters where the value of the goods or services paid as consideration does not exceed more than fifty lakh rupees.
State Commission: In cases where the value of the goods or services paid as consideration is more than fifty lakh, but less than 2 crores, the consumer can approach the State Commission. Moreover, in cases of unfair contracts, the State Commission has original jurisdiction and the consumer can be directly approached. An appeal against the order of the District Commission can also be made under section 47 of the CPA, 2019.
National Commission: The National Commission can entertain matters where the value of goods or services paid as consideration exceeds 2 crores. Section 58 also provides that complaints against unfair contracts can be entertained by NCDRC when the amount of value paid exceeds 10 crores. The NCDRC also has appellate jurisdiction against the orders of any State Commission and Central Authority.
Moreover, it must also be kept in mind that section 100 of the CPA, 2019 provides that the remedy under CPA is in addition and not in derogation of other available remedies.",Airlines_Sector
“What are the Acts and Guidelines that govern this sector?”,"“
The Aircraft Act, 1934 and the Aircraft Rules, 1937.
The Airports Authority of India Act, 1994
The Carriage by Air Act, 1972
Airports Economic Regulatory Authority of India Act, 2008 (“AERA Act”)
Aircraft (Security) Rules, 2023
All Acts can be accessed here- https://www.civilaviation.gov.in/ministry-documents/acts
Other important regulations and orders:
The Aircraft (Investigation of Accidents and Incidents) Rules, 2017
establishes the Aircraft Accident Investigation Bureau of India, which is in charge of investigating accidents or incidents involving any aircraft that occur during or after their navigation in or over India. It also specifies the powers and duties of the investigating body, the investigation process, how incidents are to be reported, and the authority of the inquiry officer.
http://164.100.60.133/accident2012/Aircraft%20Investigation%20of%20Accident%20and%20Incident%20Rules%202017.pdf

All corporate entities, including airlines, are required by the Information Technology (Indian Computer Emergency Response Team and Manner of Performing Functions and Duties) Rules, 2013 (""CERT-in Rules"") to notify the Indian Computer Emergency Response Team (""CERT-in"") in case of a cybersecurity breach, which addresses consumer privacy concerns.
Civil Aviation Requirements (CARs) issued by the DGCA under Rule 133A of the Aircraft Rules-
Section 3, Series “M”, Part IV
“Facilities to be provided to passengers by airlines due to denied boarding, cancellation of flights and delays in flight”.
India is a party to the following conventions:
Warsaw Convention (1929), the Hague Protocol (1955), the Montreal Convention (1999) and the Cape Town Convention.
”",Airlines_Sector
“What are the landmark judgements in this sector?”,"“
Station Manager, Air India, Aizawl v. Dr. K. Vanlalzami D/o K. Lalthanmawia (NCDRC 2016)
The complainant was denied boarding an hour before scheduled time because of overbooking and the alternate flight was arranged but 5 days later, which caused extra expenditure to the complainant for staying in the town and arranging commute. The compensation of Rs 1 lakh ordered by the District Forum was upheld by the NCDRC.
Trans Mediterranean Airways v. Universal Exports and Anr. (2011 SC)
The National Commission had no legal problems exercising its authority since, for the purposes of Rule 29 of the Second Schedule to the CPA and the Warsaw Convention, it was regarded as a court located on the territory of the High Contracting Party. Accordingly, in light of CPA and Warsaw Convention requirements, the National Commission under CPA has the authority to consider and rule on complaints made by consignors seeking reimbursement for a carrier's lack of service.
Air France v. O.P. Srivastava and Ors. (NCDRC 2018)
The Commission ruled that airlines must place strict restrictions on ticket cancellations rather than arbitrarily allowing overbooking since doing so could result in the emergence of unfair business practices with the intention of making a profit. It ordered compensation of Rs 4 lakhs to each of the 3 complainants.
IndiGo Airlines v. Sunil Jand, Chandigarh DRC, Complaint No. 177/2023:
held that the airline's failure to provide pre-booked wheelchair assistance to elderly passengers amounted to a deficiency in service under Section 2(11) of the Consumer Protection Act, 2019, and constituted an unfair trade practice under Section 2(47). The Commission emphasized that airlines owe a heightened duty of care to passengers with reduced mobility, and any failure to deliver essential, pre-arranged support—such as wheelchair assistance—violates the passengers’ right to safe, dignified travel. The holding clarified that such services are not discretionary but a part of the paid travel service.
”",Airlines_Sector
“What is to be done in case of a medical emergency on-board?”,"“
Liability of carriers in the case of death and bodily injury is determined under Carriage by Air Act, 1972.
As per 2014 Notification by the Central Government, Third Schedule liability norms under the Carriage by Air Act, 1972 apply for determining liability of domestic carriers. For domestic carriers, as far as the liability for the death of or injury to the passenger is concerned, the norm of unlimited liability of the carrier applies, but the strict liability of the carrier is Rs. 20,00,000. Thus, the carriers are entitled to the defences available under the Third Schedule once the limit of Rs. 20,00,000 crosses. Added to this, the 2014 Notification exempts the carrier from taking mandatory liability insurance coverage.
As far as codified laws applicable to India are concerned, neither of the two, the Convention or the Aircraft Act, 1934 along with Rules made thereunder, provide for any method or manner of determination of compensation to ground victims for damages caused by aircraft accidents. The Convention is limited in its application to passengers on board an aircraft and does not take cognizance of damage caused to ground victims.
Mere proof of death or injury is not sufficient, but the plaintiff has to prove the occurrence of accident, which is interpreted as ‘happening of unexpected event’, causing the damage. In addition, the concerned accident must have occurred on board the aircraft or in the course of embarking or disembarking, which are the questions of fact to be established separately in each case.
Death due to natural causes on board has no compensation.”",Airlines_Sector
“What are the facilities that airlines are expected to provide to persons with disabilities?”,"“
The regulations for carriage of persons with disabilities (Divyangjan) and reduced mobility by air are provided by CARs under section 3, Series M, Part I
It shall be the responsibility of the persons with disability (Divyangjan) or reduced mobility to notify their needs at least 48 hours before the scheduled time of departure.
Airlines shall provide convenient seats that are designated as accessible for persons with disabilities with adequate leg space free of charge, which should remain blocked until close to the time of departure. Airlines shall not allocate those seats to persons with disability or reduced mobility where their presence would impede the crew in performing their duties, obstruct access to emergency equipment or impede the emergency evacuation path of the aircraft”",Airlines_Sector
“What is the AirSewa app?”,"“The AirSewa app is a government initiative launched by the Ministry of Civil Aviation to provide a unified digital platform that brings together all aviation stakeholders—airlines, airport operators, security agencies, and regulatory bodies—for the timely and effective resolution of passenger grievances and dissemination of real-time flight-related information. Available on both Android and iOS, the app allows passengers to file complaints related to issues like flight delays, baggage loss, airport facilities, wheelchair assistance, and airline behavior. To lodge a complaint, users must register on the app or website (https://airsewa.gov.in) and submit a grievance under the appropriate category. Once filed, the complaint is routed to the concerned stakeholder—typically the airline, airport operator, or relevant authority—through a centralized escalation matrix. Each stakeholder is obligated to respond within a stipulated time frame, and the complaint is monitored by the Directorate General of Civil Aviation (DGCA) and Ministry of Civil Aviation for compliance and timely closure. The system also allows tracking of the complaint status, submission of follow-up remarks, and receipt of resolution updates. ”",Airlines_Sector
“What are the other general rules that need to be followed by airlines?”,"“
The airlines shall display their policies regarding compensation, refunds, and the facilities that will be provided by the airline in the event of denied boarding, cancellations, and delays on their respective websites as part of their passenger Charter of Rights.
Passengers shall be fully informed by the airlines of their rights in the event of denied boarding, cancellations, or delays of their flights so that they can effectively exercise their rights provided at the time of making bookings/ticketing, they have given adequate contact information to the airline or their agents.
The obligation of airlines to fully inform the passenger(s) shall be included in ticketing documents and websites of the airlines and concerned third parties (GDS and travel agents) issuing such documents on airlines’ behalf.
Airlines shall display policy on their respective websites about passenger handling in the event of cancellation and delays. Airline counters at airports shall disseminate reasons for cancellation and delays to the affected passengers and attend to their grievances.
Each Airline shall appoint a Nodal officer and Appellate Authority to settle passenger grievances in a stipulated time frame. Airlines shall conspicuously display the details of the Nodal Officer and Appellate Authority on their respective website.
The internal grievance mechanism of airlines shall be transparent with a provision of online complaint handling. All complaints registered shall be issued a unique reference number.
If airlines offer a flight to/from an airport or terminal alternative to that for which booking was made, where it is served by several airports or terminals, the airline shall bear the cost of transferring the passenger to/from that alternate airport or terminal to the one for which the booking was made. In the event, the passenger has been informed of the change at least 6 hrs in advance, the passenger shall be responsible for his/her own travel arrangements.
In case of damaged baggage, the airline may pay you for repair of your baggage or provide replacement baggage. The airline is liable to pay you compensation in case of loss, damage or delayed baggage as per the provisions of The Carriage by Air Act, 1972.
”",Airlines_Sector
“Whose responsibility is it to refund when a ticket is purchased through a travel agent/portal?”,"“In case of purchase of ticket through travel agent/portal, onus of refund shall lie with the airlines as agents are their appointed representatives. The airlines shall ensure that the refund process is completed within 30 working days. As per MoCA notification (Aug 2020) and DGCA advisory (2021), responsibility lies with airlines to ensure that agents transfer refunds to customers promptly.”",Airlines_Sector
“What is Legal Metrology?”,"“Legal metrology is the branch of metrology that deals with units and methods of weighing and measuring, as well as weighing and measuring instruments, in relation to the mandatory technical and legal requirements that aim to ensure public assurance in terms of the security and accuracy of weights and measurements. It is the process of applying legal requirements to measurements and measuring tools.
—",Legal_Metrology_Sector
“What is the Bureau of Indian Standards (BIS)?”,"“The Bureau of Indian Standards (BIS) is an Indian National Standard Body. BIS is supported by the Government of India's Ministry of Consumer Affairs, Food and Public Distribution. It has provided various benefits to the national economy through standardization, testing, and certification, such as providing quality and reliable goods that are safe for internal and external consumption, minimizing health hazards to consumers, promoting export and import substitutes, and so on. BIS participates in the following activities:
Standards Formulation
Product Certification Scheme
Compulsory Registration Scheme
Foreign Manufacturers Certification Scheme
Hall Marking Scheme
Laboratory Services
Laboratory Recognition Scheme
Sale of Indian Standards
Consumer Affairs Activities
Promotional Activities
Training Services, National & International level
Information Services
The Bureau establishes Indian Standards in relation to any article or process and amends, revises or cancels the standards so established as may be necessary, by a process of consultation involving consumers, manufacturers, Government and regulatory bodies, technologists, scientists and testing laboratories through duly constituted committees.
In the context of legal metrology, the BIS works closely with regulators to ensure:
Accurate weights and measures are used in trade and commerce.
Calibration and maintenance of measuring devices, such as weighing machines and fuel pumps.
Labeling requirements for packaged commodities conform to standards, helping consumers make informed decisions.
The BIS’s role complements the enforcement activities under the Legal Metrology Act, 2009, ensuring transparency and consumer trust in market practices.
”",Legal_Metrology_Sector
“What are the grounds for complaint available?”,"“
Some examples of grounds for complaint available are:
Charging more than MRP
Less weight than proclaimed
Weighing the product with the box
Missing mandatory labelling information
Non- calibrated weighing scale
Packing in non – standard weights
Complaints can be registered with the BIS on the following grounds:
Quality of BIS certified product.
Products under Registration Scheme.
Hallmarked products.
Services of BIS such as sales, library, technical information services and general services
Activities of BIS such as Standard Formulation, Product and Management Systems
Certification, Laboratory testing etc.
Unauthorised use of BIS Standard Mark by licensees/applicants/others.
Irregularities in operation and misuse of licence by BIS licensees.
False or misleading advertisements and claims by licensees or applicants or non-licensees.
Delay in grant or renewal of licences and delays in inclusion of additional varieties.
Regarding the services rendered by BIS officers and employees.
”",Legal_Metrology_Sector
“What are the modes or methods of complaint available?”,"“
Consumer Redressal Mechanism:
(i) Reaching out to the Manufacturer or the shopkeeper:
The first step of redressal for the consumer shall be to reach out to the manufacturer or shopkeeper from whom the product was purchased. The consumer can take the available mechanisms if the complaint is not redressed at the shopkeeper or manufacturer level.
(ii) Reaching out to the Metrology Officers:
In the second stage, the consumers can reach out to the District Legal Metrological Officer or the Controller of the Legal Metrology of State or Union Territory. The contact details of the various Metrology officers of Karnataka are given below: https://www.emapan.karnataka.gov.in:86/Pages/Contact%20Details.pdf
Complaints can also be made online on the E-Mapan portals which are specific to each state. The website for Karnataka is -  https://emapan.karnataka.gov.in/# and has made provision to file a grievance online.
Complaints can be lodged with the District legal Metrology officer or the Commissioner of the respective states. For more information please visit For more information please visit http://consumeraffairs.nic.in/forms/contentpage.aspx?lid=639


(iii) To the BIS:
By the Consumer Engagement Portal on eBIS website, namely, www.manakonline.in
Through the mobile application launched by BIS, namely, BIS CARE. The app can be found at https://play.google.com/store/apps/details?id=com.bis.bisapp&hl=en_IN&gl=US
By writing email at complaints@bis.gov.in
By contacting/writing to the Public Grievance officer of the nearest Regional/ Branch office of BIS.
By contacting/writing directly to the Head (Complaints Management & Enforcement Department) whose address is as follows:
Head (Complaints Management and Enforcement Department)
Bureau of Indian Standards,
Room No. 560, Manakalaya
9, Bahadur Shah Zafar Marg,
New Delhi – 110002.
The following form could be used to register the complaint: https://www.bis.gov.in/wp-content/uploads/2018/08/Form-for-Complaint.pdf
Alternatively, you can contact the BIS at Tel: +91-11-23235069

(iv) Approaching any other appropriate judicial or quasi-judicial body:
The complainant is free to take the service provider to a court or any other suitable venue (judicial or quasi-judicial). The proceedings in consumer commissions are not mired by the niceties of procedure, allowing the complainant to file a complaint for himself. As a consumer, the aggrieved party can take the service provider to the appropriate consumer commission, based on the pecuniary and territorial jurisdiction. The jurisdictions of the various consumer commissions are as follows-
a) District Commission: The aggrieved consumer can reach out to the District Commission under section 34 of the CPA, 2019, which provides that the district commission shall entertain matters where the value of the goods or services paid as consideration does not exceed more than fifty lakh rupees.
b) State Commission: In cases where the value of the goods or services paid as consideration is more than fifty lakh, but less than 2 crores, the consumer can approach the State Commission. Moreover, in cases of unfair contracts, the State Commission has original jurisdiction and the consumer can be directly approached. An appeal against the order of the District Commission can also be made under section 47 of the CPA, 2019.
c) National Commission: The National Commission can entertain matters where the value of goods or services paid as consideration exceeds 2 crores. Section 58 also provides that complaints against unfair contracts can be entertained by NCDRC when the amount of value paid exceeds 10 crores. The NCDRC also has appellate jurisdiction against the orders of any State Commission and Central Authority.
Moreover, it must also be kept in mind that section 100 of the CPA, 2019 provides that the remedy under CPA is in addition and not in derogation of other available remedies.
Another remedy available to consumers is mediation. Chapter 5 of the Consumer Protection Act provides for establishing mediation cells and resolving consumer complaints using mediation.
The following link could be used to file complaints online:
https://consumerhelpline.gov.in/
(
”",Legal_Metrology_Sector
"“What are the rules, Acts, and Guidelines that govern this sector?”","“
The Legal Metrology Act, 2009: https://www.indiacode.nic.in/bitstream/123456789/4892/1/legalmetrology_act_2009.pdf
The Legal Metrology (Packaged Commodities) Rules, 2011: https://wbconsumers.gov.in/writereaddata/ACT%20&%20RULES/Act%20&%20Rules/9%20The%20Legal%20Metrology%20(Package%20Commodities)%20Rules,%202011.pdf
The Legal Metrology (Approval of Models) Rules, 2011: https://consumeraffairs.nic.in/en/legalmetrology/legal-metrologyapproval-models-rules2011
The Legal Metrology (Numeration) Rules, 2010: https://consumeraffairs.nic.in/en/legalmetrology/legal-metrologynumeration-rules2011
The Legal Metrology (General) Rules, 2011: https://consumeraffairs.nic.in/en/legalmetrology/legal-metrology-general-rules2011
The Legal Metrology (National Standards) Rules, 2011: https://consumeraffairs.nic.in/en/legalmetrology/legal-metrologynational-standards-rules2011
The Indian Institute of Legal Metrology Rules, 2011: https://consumeraffairs.nic.in/acts-and-rules/legal-metrology/iilm-rules-2011
The Legal Metrology (Government Approved Test Centre) Rules, 2013: https://consumeraffairs.nic.in/en/legalmetrology/legal-metrology-government-approved-test-centre-rules-2013
The Bureau of Indian Standards Act, 2016: It is an Act to provide for the formation of a national standards organization to ensure the smooth growth of standardization, conformity assessment, and quality assurance operations for products, articles, processes, systems, and services, as well as matters connected with or incidental thereto. https://www.indiacode.nic.in/bitstream/123456789/2157/3/A2016-11.pdf
”",Legal_Metrology_Sector
“What is the format of the complaint to be made to the BIS?”,"“
1. Name of Complainant:________________________________________ 

2.  Address         :   ________________________________________   ________________________________________   ________________________________________   ________________
PIN_____________________

 3. a.Telephone No.________________   
b. Email: .___________________
 c.Fax No._______________________ 

4. Details of  complaint (Please give details of Management System of the organization against which the complaint is being sent) :_______________________________________ _______________________________________________________________ _______________________________________________________________ ________________________________________________________________ (Attach separate sheets if needed)

 5.  Documentary evidence in Support of the complaint(attach)
 i) 
ii) 
iii)

 6.  Declaration: I  certify  that the details furnished above are true to the  best of my knowledge.  I agree to abide by the decision of BIS in dealing with my above complaint. 

Place:                    

 (Signature of the complainant) 

Name: 
Date: 

[On receipt of this form from complainant, MSCO(R) shall send one copy to Head (MSCD)]”",Legal_Metrology_Sector
“What are the important links and resources?”,"“

Consumer Overview The Bureau of Indian Standards: https://www.bis.gov.in/consumer-overview/#:~:text=The%20Bureau%20of%20Indian%20Standards,redressal%20of%20their%20grievances%2Fcomplaints.
E-Mapan, Karnataka
https://emapan.karnataka.gov.in/
FAQS on Legal Metrology
https://consumeraffairs.nic.in/sites/default/files/file-uploads/latestnews/LM_FAQs.pdf
https://megweights.gov.in/faqs.html
”",Legal_Metrology_Sector
“How can I ensure that any Weights & Measures is standard or not?”,"“Every Weight & Measure used by the dealer is stamped by the W&M Department after verification, with a special seal indicating the inspector's identification and the quarter in which it is verified. The validity of such stamped weights is two years for weights and one year for balances and scales.”",Legal_Metrology_Sector
"“Is there any licence to manufacture, sale or repair Weights & Measures?”","“Yes, the Department issues licences to manufacturers, dealers, and repairers of Weights & Measures. A licence is a must for dealing in weighing and measuring instruments. The Controller of Legal Metrology is the competent authority to grant licences. Applications can be submitted to the Inspectorate Office of the concerned district.”",Legal_Metrology_Sector
“Can a person sell or use unstamped weights or measures?”,"“No, weights or measures must be verified and stamped by the inspector of the Legal Metrology Department before they can be sold, offered, exposed, possessed for sale, or used.”",Legal_Metrology_Sector
“Is the licence issued under the Legal Metrology Act transferable?”,"“No, a licence issued or renewed under this Act is not transferable.”",Legal_Metrology_Sector
“Is it necessary to display the certificate of verification?”,"“Yes, it is necessary to display every certificate of verification granted under the Act at a conspicuous place in the premises where such weights or measures are being used.”",Legal_Metrology_Sector
“How can I assess the quantity of a product before purchase?”,"“For pre-packed commodities, consumers should always check the package marked with net quantity, not the gross quantity.”",Legal_Metrology_Sector
"“Is the use of words like jumbo, big, extra, or extra-large allowed on packages?”",“Using these words to lure consumers is an offence.”,Legal_Metrology_Sector
“How can I identify a deceptive package?”,"“If a package is designed to give a misleading impression of the quantity it contains, consumers can correlate the size of the package with the quantity of goods.”

—",Legal_Metrology_Sector
“What should I look for on a pre-packed commodity?”,"“Ensure the package bears the following:
Name and address of the manufacturer, packer, and/or importer
Net contents in terms of weight, volume, or number
Date of manufacture/packing/import (month and year)
Maximum Retail Price (inclusive of all taxes)
Generic name of the commodity
Customer care number with contact details for consumer complaints
Size, if applicable
Every package should bear contact details for consumer complaints, including a telephone number and email address, if available. This is mandatory.
”
—",Legal_Metrology_Sector
“Can manufacturers affix stickers for mandatory declarations on the packages?”,"“No, it is not permitted to affix stickers for mandatory declarations. It is considered an offence and can be penalised.”",Legal_Metrology_Sector
“How can I know the dimension of certain commodities?”,"“For items like aluminium foil, facial tissues, waxed paper, or toilet paper, the declaration should include the number of usable sheets and the dimensions of each sheet.”",Legal_Metrology_Sector
“Are all taxes included in the MRP written on the package?”,"“Yes, MRP should be inclusive of all taxes as indicated by the label ‘Max. Retail Price (inclusive of all taxes)’. Overcharging is an offence for which the trader can be prosecuted.”",Legal_Metrology_Sector
“How can I verify the genuineness of weights and measures?”,"“Verified weights and measures carry a stamp indicating the month and year along with the officer's identification code. Additionally, a certificate is issued by the verifying officer.”",Legal_Metrology_Sector
“How should tare weight be excluded from the actual measurement?”,“Consumers must see zero reading before any purchase.”,Legal_Metrology_Sector
“Who is a packer?”,"“Any person or a firm, which pre-packs any commodity whether in any bottle, tin, wrapper or otherwise in units suitable for sale, is a Packer.”",Legal_Metrology_Sector
“What is pre-packed Commodity?”,"“Pre-packed Commodity means a Commodity, which without the purchaser being present, is placed in a package of whatever nature whether sealed or opened, so that the commodity contained therein has a predetermined value and includes those commodities which could be taken out of the package for testing or examining or inspecting the commodity.”",Legal_Metrology_Sector
“What is calibration?”,“Verification and stamping of the capacity of the Vehicle Tank or its compartment or any equipment is called Calibration.”,Legal_Metrology_Sector
“What are the requirements while purchasing the IMPORTED Items?”,"“The following are the compulsory declarations required on a packet which have been imported and available for sale: a. Name and complete address of the Manufacturer, Packer and / or importer of the packaged commodities. b. Net contents in terms of weight, volume or number. c. Date of manufacture/packing/import of the commodity (month and year). d. Maximum Retail Price (inclusive of all taxes). e. Generic name of the commodity. f. Customer Care Number with name, address, Telephone No. of the person/office which can be contacted in case of consumer complaints. g. Size, if applicable
It is mandatory under law that all imported packages shall bear on it -Mandatory declarations along with the Name & Address of the importer.
”
—",Legal_Metrology_Sector
“How can a consumer be safe from being deceived from misleading advertisements on lower MRP?”,"“Law provides mentioning of net weight along with reduced MRP, consumer can co-relate actual gain.
”",Legal_Metrology_Sector
“What is Standard and why do you need it?”,"“A standard is a document that provides requirements, specifications, guidelines or characteristics that can be used consistently to ensure that materials, products, processes and services are fit for their purpose.
Help make the development, manufacturing and supply of goods and services more efficient, safer and cleaner, make trade between countries easier and fairer because the same specifications are adopted for use in different countries as national or regional standards.
Standards contribute more to economic growth than patents and licences
Standards are of strategic significance to companies
Companies that participate actively in standards work have a head start on their competitors in adapting to market demands
Research risks and development costs are reduced for companies contributing to the standardisation process
Businesses that are actively involved in standards work more frequently reap short and long term benefits with regard to costs, and competitive status than those who do not participate.
Participating in standards development enables one to anticipate technology standardisation thereby facilitating one?s products progress simultaneously with technology
Leaders in technology should become more involved in standards
Standardisation can help to maximise compatibility, interoperability, safety, repeatability, or quality. It can also facilitate commoditization of formerly custom processes.
”",Legal_Metrology_Sector
“What is the ISO 9000 Quality Standard?”,"“ISO is the International Organization for Standardization. It is located in Switzerland and was established in 1947 to develop common international standards in many areas. Its members come from over 150 national standards bodies.
ISO 9000 is a generic name given to a family of standards developed to provide a framework around which a quality management system can effectively be implemented. It is an internationally recognized standard of quality, and includes guidelines to accomplish the ISO9000 quality standard. Organizations can be optionally audited to earn ISO9000 certification.
”",Legal_Metrology_Sector
“What is the ISI mark?”,"“Presence of ISI certification mark known as Standard Mark on a product is an assurance of conformity to the specifications. The conformity is ensured by regular surveillance of the licensee's performance by surprise inspections and testing of samples, drawn both from the market and factory.
”",Legal_Metrology_Sector
“On what products ISI mark is mandatory?”,"“There are 16 broad categories, including textiles, packaged water, food, automobile components, plastic products and electronics, for which BIS has laid down standards.
”",Legal_Metrology_Sector
“What is AGMARK?”,"“AGMARK is a certification mark employed on agricultural products in India,  assuring that they conform to a set of standards approved by the Directorate of  Marketing and Inspection, an agency of the Government of India.
”",Legal_Metrology_Sector
“What is Hallmark and from where is it done?”,"“It certifies the purity of gold.
Hallmarking is done from the centres authorised by the government.
”",Legal_Metrology_Sector
“What are the signs on hallmarked jewellery?”,"“.
Since the introduction of HUID (i.e. 1st July 2021) hallmark consists of 3 marks viz, BIS logo, purity of the article in caratage as well as fineness and six-digit alphanumeric HUID number. Hall mark does not have any expiry and will be valid for the lifetime of the jewellery.
”",Legal_Metrology_Sector
“How to verify the purity of gold?”,"“These are usually the carats in which gold is found:
958  Corresponding to 23 Carat,
916 Corresponding to 22 Carat,
875  Corresponding to 21 Carat,
750  Corresponding to 18 Carat,
708 Corresponding to 17 Carat,
585  Corresponding to 14 Carat,
375  Corresponding to 9 Carat
”",Legal_Metrology_Sector
“ How can we check the year of manufacturing?”,"“For the year A means the manufacturing year is 2000, B is for 2001, C is for 2002 & so on.
”",Legal_Metrology_Sector
“How can a vegetarian & non vegetarian eatables differentiated on the basis of the color of marks on it?”,"“In eatables green mark stands for vegetarian products & brown for non vegetarian.
”",Legal_Metrology_Sector
“What is a silk mark?”,"“Silk Mark certifies that a piece of textile is pure silk. Managed by the 'Silk Mark Organization of India.
”",Legal_Metrology_Sector
“Is there any mark on cosmetics?”,"“Every package containing soap, shampoos, tooth pastes & other cosmetics & toiletries brown mark will be for non vegetarian origin & green for vegetarian origin.
”",Legal_Metrology_Sector
“What is BEE and what is their objective?”,"“BEE stands for Bureau of Energy Efficiency, to assist in developing policies and strategies with a thrust on self-regulation and market principles, within the overall framework of the Energy Conservation Act, 2001
The primary objective of BEE is reducing energy intensity of the Indian economy",Legal_Metrology_Sector
“What is an eco mark and what is its purpose?”,"“Eco mark is a certification mark issued by the Bureau of Indian Standards to products conforming to a set of standards aimed at the least impact on the ecosystem.
Purposes of the mark are increasing awareness among the consumers towards reducing environment impact. The mark is issued to various product categories and the development of standards for more products is in progress. For more information of Standards FAQ's please visit following link of BIS http://bis.org.in/
”",Legal_Metrology_Sector
“How to know more about BIS & Hallmark?”,"“Kindly refer the following links for more information:
Hallmark FAQs:   https://www.bis.gov.in/index.php/hallmarking-overview/hallmarking-faqs/hallmarking-faq/
Consumer overview FAQs:  https://www.bis.gov.in/index.php/consumer-overview/consumer-overviews/for-consumers-faq/
”
—",Legal_Metrology_Sector
“What are drugs and cosmetics?”,"“The term ‘drugs’ includes all medicines intended for internal or external use for or in the diagnosis, treatment, mitigation, or prevention of disease or disorder in human beings or animals. ‘Cosmetic’ means any article intended to be rubbed, poured, sprinkled or sprayed on or introduced into, or otherwise applied to, the human body or any part thereof for cleansing, beautifying, promoting attractiveness, or altering the appearance, and includes any article intended for use as a component of cosmetic. The pharmaceutical industry in India is a multi-billion dollar industry, set to grow exponentially. This indeed attracts the need to be stringently regulated because of the sheer nature of the product and its use.”",Drugs_and_Cosmetics
“How are drugs and cosmetics regulated in India?”,"“Drugs and cosmetics in India are regulated primarily under the Drugs and Cosmetics Act, 1940 and the Drugs and Cosmetics Rules, 1945. These laws govern the import, manufacture, distribution, and sale of drugs and cosmetics to ensure they are safe, effective, and of standard quality. The Act classifies drugs into different schedules and lays down specific standards and conditions for each category, including requirements for licensing, labeling, storage, and testing. It also empowers regulatory authorities—both at the central level (through the Central Drugs Standard Control Organisation or CDSCO) and at the state level (through State Drug Controllers)—to take enforcement actions against substandard, spurious, or adulterated products. The Rules supplement the Act by providing detailed procedures for approvals, inspections, and penalties. Together, these laws are intended to protect consumers from unsafe or misleading products and ensure access to quality medicines and cosmetics. ”",Drugs_and_Cosmetics
“What are the grounds for consumer complaints about drugs and cosmetics?”,"“
If drug or cosmetic is adulterated:
if it consists of any filthy or decomposed substance
if it is prepared, packed, or stored under insanitary conditions.
if the container is composed of any poisonous substance
if it contains any harmful or toxic substances.
if any substance is mixed so as to reduce its quality or strength.
if it bears any colour for the purpose of colouring only, a colour which is not prescribed
Overcharging
Selling of untested drugs/drugs of poor quality.
Overcharging of medical devices.
Refusal to sell drugs.
Shortage or non-availability of drugs.
Allergic reactions or harmful side effects not adequately disclosed.
False or exaggerated claims about product benefits.
Missing or unclear information on ingredients/ Insufficient usage instructions.
Claims about the product's effectiveness that are not substantiated.
Poor product quality or defects.
Selling products beyond their expiration date.
Lack of proper warnings for potential risks associated with product use- like drug-drug interactions which is a reaction between two (or more) drugs or between a drug and a food, beverage, or supplement or taking a drug while having certain medical conditions.
”",Drugs_and_Cosmetics
“What are the modes or methods of complaint available?”,"“
1. The first step is to approach the manufacturing company through their customer care to
register the grievance.
2. The consumer can also approach the drug controller of the concerned state in case of a banned
drug, side effects, adulteration- https://cdsco.gov.in/opencms/opencms/en/State-Drugs-Control/
State Drugs Helpdesk- ithelpdesk.statedrug@cdsco.nic.in
If not satisfied with the response, approach the Drug Controller General of India-
https://cdsco.gov.in/opencms/opencms/en/About-us/who/
3. Approaching any other appropriate judicial or quasi-judicial body:
The complainant is free to take the service provider to a court or any other suitable venue
(judicial or quasi-judicial). The proceedings in consumer commissions are not mired by the
niceties of procedure, allowing the complainant to file a complaint for himself. As a consumer,
the aggrieved party can take the service provider to the appropriate consumer commission, based
on the pecuniary and territorial jurisdiction. The jurisdictions of the various consumer
commissions are as follows-
a) District Commission: The aggrieved consumer can reach out to the District Commission under
section 34 of the CPA, 2019, which provides that the district commission shall entertain matters
where the value of the goods or services paid as consideration does not exceed 50 lakhs.
b) State Commission: In cases where the value of the goods or services paid as consideration is
more than 50 lakhs, but less than 2 crores, the consumer can approach the State Commission.
Moreover, in cases of unfair contracts, the State Commission has original jurisdiction and the
consumer can be directly approached. An appeal against the order of the District Commission
can also be made under section 47 of the CPA, 2019.
c) National Commission: The National Commission can entertain matters where the value of goods or services paid as consideration exceeds 2 crores. Section 58 also provides that complaints against unfair contracts can be entertained by NCDRC when the amount of value paid exceeds 10 crores. The NCDRC also has appellate jurisdiction against the orders of any State Commission and Central Authority. http://www.ncdrc.nic.in/districtlist.html. Moreover, it must also be kept in mind that section 100 of the CPA, 2019 provides that the remedy under CPA is in addition and not in derogation of other available remedies.
”",Drugs_and_Cosmetics
“When would complaints not be accepted?”,"“
Under the CDSCO and the Drugs and Cosmetics Act, 1940, complaints may not be accepted if they fall outside the regulatory scope defined by the Act. CDSCO primarily acts on violations such as adulteration (Section 17A), spurious drugs (Section 17B), misbranding (Section 17), sale of unlicensed or banned drugs (Section 18), or manufacture/sale that contravenes prescribed conditions (Section 18(a)(vi)). Complaints involving issues like overpricing, denial of refund, or poor customer service are not within CDSCO’s purview and are instead handled by consumer courts or the National Pharmaceutical Pricing Authority. Furthermore, complaints lacking key evidence, such as batch number, manufacturer details, proof of purchase, or a physical sample may be difficult to act upon, as laboratory testing and enforcement actions require traceable documentation. If a product has been consumed or discarded, making sample analysis impossible, or if there is no demonstrable regulatory violation, the CDSCO may be unable to proceed. Duplicate or misdirected complaints (e.g., those already filed in parallel with State Authorities, NPPA, or Consumer Forums) may also be rejected to avoid jurisdictional overlap.
”",Drugs_and_Cosmetics
“What are the regulatory bodies in this sector?”,"“
Central Drugs Standard Control Organization (CDSCO) Directorate General of Health Services, Ministry of Health and Family Welfare, Government of India regulate the approval of any drugs in India.
The National Pharmaceutical Pricing Authority is a government body that regulates the price of drugs in India.
Indian Pharmacopoeia Commission, enacted under the Drugs and Cosmetics Act, 1940 and Rules, 1945 thereunder, is an Autonomous Institution of the Ministry of Health and Family Welfare, Govt. of India, created to set standards of identity, purity and standard of drugs in the country.”",Drugs_and_Cosmetics
"“What are the rules, Acts, and Guidelines that govern this sector?”","“
The Drugs and Cosmetics Act, 1940 (As amended up to the 10th August, 2009 and thereafter by Jan Vishwas (Amendment) Act, 2023)
https://www.indiacode.nic.in/bitstream/123456789/15278/1/drug_cosmeticsa1940-23.pdf.
The Drugs and Cosmetics Rules, 1945 (As amended up to the 30th June, 2005)
https://cdsco.gov.in/opencms/export/sites/CDSCO_WEB/Pdf-documents/acts_rules/2016DrugsandCosmeticsAct1940Rules1945.pdf
New Drugs and Clinical Trials Rules, 2019
https://cdsco.gov.in/opencms/export/sites/CDSCO_WEB/Pdf-documents/NewDrugs_CTRules_2019.pdf
The Cosmetics Rules, 2020
https://cdsco.gov.in/opencms/opencms/en/Acts-and-rules/Cosmetics-Rules/
The Drugs and Magic Remedies (Objectionable Advertisements) Act, 1954
https://cghealth.nic.in/CFDA/Doc/Acts&Rules/Drugs%20and%20Magic%20Remedies%20(Objectionable%20Advertisement)%20Act,%201954.pdf
The Drug Price Control Order, 2013
https://www.nppaindia.nic.in/wp-content/uploads/2018/12/DPCO2013_03082016.pdf
Medical Devices Rules, 2017
https://cdsco.gov.in/opencms/resources/UploadCDSCOWeb/2022/m_device/Medical%20Devices%20Rules,%202017.pdf.
Essential Commodities Act, 1955
https://www.indiacode.nic.in/bitstream/123456789/7053/1/essential_commodities_act_1955.pdf.
Code of Medical Ethics, 2002 (as amended up to 8 October 2016)-
Section 1.5 Use of Generic names of drugs:
Every physician should, as far as possible, prescribe drugs with generic names and he / she shall ensure that there is a rational prescription and use of drugs.
https://www.nmc.org.in/rules-regulations/code-of-medical-ethics-regulations-2002/1000/#:~:text=Every%20physician%20should%2C%20as%20far,prescription%20and%20use%20of%20drugs
NPPA Guidelines updated pricing control mechanism in 2023–2024 https://www.nppaindia.nic.in/uploads/tender/8eaf235c53e88ec0a76cbac752d2e966.pdf
Draft 2022 rules on ePharmacies- https://cdsco.gov.in/opencms/opencms/system/modules/CDSCO.WEB/elements/download_file_division.jsp?num_id=MTkzOQ==
.. ”",Drugs_and_Cosmetics
“What are the landmark judgements in this sector?”,"“
Dinesh B. Patel v. State of Gujarat, Criminal Appeal/1464 of 2010/2010/SC
The dispute arose from the sale of medicines by M/s. Denis Chemical Lab. Ltd., which were later found to contain fungus. The legal issue focused on whether the manufacturer could be held liable under Section 34 of the Drugs and Cosmetics Act, which holds the entire company and associated individuals responsible for offenses committed by the company. The court, considering the severity of the allegations and the direct impact on public health, opted not to take a strictly technical view based solely on the complaint's pleadings. The court rejected the argument that specific averments about the active role of directors, as required in other legal contexts, should apply in this case. Emphasizing the unique language of Section 34(2) of the Act and the gravity of offenses affecting public health, the court upheld the High Court's order. The directors were granted the opportunity to demonstrate to the Trial Court that they were not involved in the manufacturing process and, therefore, should not be held liable under Section 34(2) of the Act. The appeal was dismissed with these observations.

Common Cause v. Drug Controller of India and Others, NCDRC, 1990
In the case of Common Cause v. Drug Controller of India and Others (1990), a complaint was made to the National Consumer Disputes Redressal Commission under Section 2(1)(f) of the Consumer Protection Act (defective goods) of the lack of adequate quality control in the manufacturing and bottling of intravenous fluids given to patients, leading to defects in the fluids. In this case, the defect was the presence of fungus due to the poor quality of the fluid itself and the inadequate cleaning and sealing of the bottle containing it. The Drug Controller was ordered by the Commission to constitute an expert committee to review the provisions of the existing legislation regulating quality control and make recommendations. The Committee made certain recommendations for protecting the public against the possibility of contamination of I. V. fluids. This case reiterates the fact that the rational drug policy must be accompanied by sustained campaign to enhance awareness of consumers. The literate and enlightened consumers have a greater role and responsibility for materialising the above objective as they can amplify the process of educating and enlightening the illiterate and ignorant consumers.

”",Drugs_and_Cosmetics
“What are the important links and resources?”,"“
INGRAM- https://consumerhelpline.gov.in/faq-details.php?fid=Drugs%20and%20Cosmetics
Consumer Guide, CDSCO- https://cdsco.gov.in/opencms/opencms/en/consumer/
Pharma Jan Samadhan scheme-
https://nppaipdms.gov.in/IMCS/hissso/loginLogin.imcs
https://pib.gov.in/newsite/PrintRelease.aspx?relid=116882.
Pharmacovigilance Programme of India (PvPI) mobile app for reporting adverse drug reactions- https://download.cnet.com/download/adr-pvpi/3000-2129_4-78643798.html
”",Drugs_and_Cosmetics
“What is generic medicine?”,"“According to WHO,   A generic drug is a pharmaceutical product, usually intended to be interchangeable with an innovator product that is manufactured without a license from the innovator company and marketed after the expiry date of the patent or other exclusive rights .  A generic drug is identical -- or bioequivalent -- to a brand name drug in dosage form, safety, strength, route of administration, quality, performance characteristics and intended use. Although generic drugs have the same active ingredient like their branded counterparts, they are typically sold at substantial discounts from the branded price.”",Drugs_and_Cosmetics
“What are branded generics?”,"“Once the patent period of a drug is over, any company can manufacture and market the drug without the permission of the innovator company , as long as it shows bioequivalence, that is, prove to the drug regulator that the copy releases the same amount of the active ingredient and is absorbed by the body in the same way as the original or innovator drug. Such a proven copy of a drug is called its generic version. All generics must now comply with revised Schedule M (2023), under WHO-GMP alignment.”",Drugs_and_Cosmetics
“What is the difference between branded generics and generic generics?”,"“The difference is in the name. One is sold under a brand name and the other is sold under a generic name. But both are generic drugs, that is their patent has expired. Generic drugs are sold by the non-proprietary name or generic name instead of a brand name. The international non-proprietory name (INN) is a unique name given to identify pharmaceutical substances or active pharmaceutical ingredients. INN is globally recognised and is public property unlike a brand name that belongs to a particular company. A nonproprietary name, also known as generic name, is the simplified name for a chemical product. Since it is impossible to remember the chemical name for most people, the INN for this is pioglitazone. So, this chemical can be sold by its INN or generic name, as Pioglitazone Hydrochloride, or it can be given a brand name (Pioglar from Ranbaxy , Pioz by USV , Pioped by Torrent) and sold as a branded generic.”",Drugs_and_Cosmetics
“Why are generic prescriptions preferred?”,"“Companies spend huge amounts of money on promoting their branded generics and that cost is added to the drug’s price, making them much more costly than generic named drugs. To bring down the cost of prescription drugs, most health systems opt for generic named drugs and ensure that the quality of generic drugs are maintained. Only generic names are used in medical and pharmacological textbooks. It is expected that the use of generic names will ensure production, sale, and dispensing of more rational, single ingredient drugs.”",Drugs_and_Cosmetics
“Why do doctors in India object to prescription using generic names?”,"“The Code of Medical Ethics, Section 1.5 states, “Every physician should, as far as possible, prescribe drugs with generic names and he / she shall ensure that there is a rational prescription and use of drugs.” However, doctors are often influenced by the marketing practices of pharmaceutical companies and believe that drugs being sold under trade names are of better quality. There are also genuine concerns about the quality of many of the branded generic drugs and the generic name drugs. With very high margins for retailers on generic drugs, both branded as well as generic name drugs, doctors fear that their generic prescriptions will be used by pharmacists to push the products of companies that give them the highest margins. Doctors fear that while they are directly held responsible to the patient for treatment, the pharmacists would not be held liable for dispensing poor quality drugs.”",Drugs_and_Cosmetics
“What is the status of generic prescriptions in developed countries?”,"“Since the economic crisis of 2008, most developed nations have taken several measures to push the prescription of generic drugs. In 2013, generics accounted for more than three-quarters of the volume of pharmaceuticals sold in the US, UK, Chile, Germany and New Zealand. Generics accounted for well over one quarter of the market in Italy , France and Japan. Prescribing in INN is permitted in two thirds of OECD countries and mandatory in France, Spain, Portugal and Estonia. Many developed countries have also fixed price caps for generic drugs, either by bulk procurement through tenders or by fixing it as a certain percentage of the brand-name's price. At present the worldwide generic drug sales is 92 billion US dollars which is going to reach 100 billion US dollars by 2026.”",Drugs_and_Cosmetics
“Are generic drugs as effective as brand-name drugs?”,"“Yes. A generic drug is the same as a brand-name drug in dosage, safety, strength, quality, the way it works, the way it is taken and the way it should be used.
Not every brand-name drug has a generic drug. When new drugs are first made they have drug patents. Most drug patents are protected for 20 years. The patent, which protects the company that made the drug first, doesn't allow anyone else to make and sell the drug. When the patent expires, other drug companies can start selling a generic version of the drug. But, first, they must test the drug and the  concerned authority must approve it.
Creating a drug costs lots of money. Since generic drug makers do not develop a drug from scratch, the costs to bring the drug to market are less; therefore, generic drugs are usually less expensive than brand-name drugs. But, generic drug makers must show that their product performs in the same way as the brand-name drug”",Drugs_and_Cosmetics
“What standards do generic drugs have to meet to be available for public consumption?”,"“Before marketing the drug, generic manufacturers need to obtain permission from relevant drug regulatory authorities.
First, any drug manufactured should follow good manufacturing practices guidelines as per Schedule M of Drugs and Cosmetics Act, 1940, the enforcement of which is the responsibility of drug regulators. The manufacturing units should obtain certification in this regard from drug regulators of the respective Country.
Second, there is a requirement for in-vitro dissolution and in-vivo bio-availability and bio-equivalence (BA-BE) testing of new brand (from generic manufacturer) which compares the release of active pharmaceutical ingredient (API) on certain dissolution and liberation characteristics and pharmacokinetic parameters (Cmax, Tmax, and area-under-the-curve) with those from reference standard. If dissolution and BA-BE of API is within acceptable range only then, the new brand is approved for marketing. This ensures that the quality of drugs marketed by generic manufacturers is as good as the one marketed by the innovators. In-vivo BA-BE studies are required only at the time of seeking approval for marketing and not after that while in-vitro studies can be performed anytime.
Health professionals and consumers can be assured that approved generic drugs have met the same rigid standards as the innovator drug. The requirements for generic drugs are-
contain the same active ingredients as the innovator drug(inactive ingredients may vary)
be identical in strength, dosage form, and route of administration
have the same use indications
be bioequivalent
meet the same batch requirements for identity, strength, purity, and quality
be manufactured under the same strict standards of FDA's good manufacturing practice regulations required for innovator products
”",Drugs_and_Cosmetics
“How are Generics similar to Brand-Name Drugs?”,"“The law requires a generic drug to meet standards that ensure it's the same basic product as the brand-name drug. That means the generic drug is safe and can be taken:
The same way as a brand-name drug
For the same reason as a brand-name drug
To approve a generic drug, it must be the same as the brand-name product in:
Active ingredient
Strength
Use and effect
How you take it (for example as a pill, inhaler, or liquid)
Ability to reach the required level in the bloodstream at the right time and to the same extent
Testing standards
”",Drugs_and_Cosmetics
“How Are Generics Different From Brand-Name Drugs?”,"“Some differences between generics and brand-name drugs are allowed. These may change the look of the drug. But they don’t affect how it works or its safety.
Generic drugs may differ in:
Shape
Color
Packaging
Labeling (minor differences)
Generic drugs are allowed to have different inactive ingredients than brand-name drugs. For example, they may have a different:
Flavoring
Preservative
The inactive ingredients in a generic, though, must be considered safe by the approving authority.
Generic drugs may also have a different expiration date than brand-name drugs. But even so, the generic must keep its effectiveness until its expiration date, just like a brand-name product.
”",Drugs_and_Cosmetics
“Why Are Generic Drugs Cheaper Than Brand-Name Drugs?”,"“You may be wondering how a generic drug can be sold at a much lower price than a brand-name drug. They are almost 30-80% cheaper.
The difference in price has to do with the different costs drug makers have in bringing generics and brand-name drugs to the pharmacy shelf.”",Drugs_and_Cosmetics
“What are the Indian laws and policy on generic drugs?”,"“The regulation of manufacture, sale and distribution of drugs is primarily the concern of state authorities while central authorities are responsible for approval of new drugs and clinical trials, laying down the standards for drugs, control over the quality of imported drugs, coordination of the activities of State Drug Control Organizations providing expert advice with a view of bring about the uniformity in the enforcement of the Drugs and Cosmetics Act.

Central Drugs Standard Control Organization (CDSCO) under the Ministry of Health and Family Welfare is the pivotal agency dealing with all drug related issues. This organization deals with all new drug approvals, review of new safety information regarding approved drugs, approval and safety review of fixed-dose combinations, medical devices, and implants. All endocrine and metabolic drugs are covered by these organizations and acts. Food supplements (including many herbal products) are regulated by separate laws since they are legally not considered drugs. However, on broader interpretation, dietary supplements could be considered as drugs as per Cadila Pharmaceuticals Ltd. v. State of Kerala (AIR 2002 Ker 357).
In 2008, the Government of India, through the Department of Pharmaceuticals, started a new initiative “Jan Aushadhi” (a Hindi word literally translated as “Medicine for People”). This program envisaged making unbranded quality medicines available to poor people in the country at a reasonable and affordable price through retail outlets’ setup with the help of the government. Under National Health Mission (NHM), support is provided for provision of essential generic drugs free of cost in public health facilities. The support is not only for drugs but also for various components necessary for effective implementation of Free Drug Service Initiative viz. strengthening/setting up robust systems of procurement, quality assurance, IT backed supply chain management systems like Drugs and Vaccines Distribution Management Systems (DVDMS) developed by CDAC, warehousing, prescription audit, grievance redressal, Information, Education and Communication (IEC) training.
”",Drugs_and_Cosmetics
“How did the government create a body to better regulate the pharmaceutical sector?”,"“In July 2008,the cabinet Secretariat, created a new department under Ministry of Chemicals and Fertilisers  the Department of Pharmaceuticals, with the objective of giving greater focus and thrust on the development of Pharmaceutical Sector in India and to regulate various complex issues related to pricing and availability of affordable medicines, research & development, protection of intellectual property rights and international commitments related to pharmaceutical sector which require integration of work with other ministries.
All the drugs and pharmaceuticals, unless specifically allotted to any other department, would come under the purview of the department of pharmaceuticals.

The main functions and responsibilities of the department are as follows,

All matters relating to NPPA including its functions of price control and monitoring.
Responsible for the drugs and pharmaceuticals, excluding those specifically allotted to other departments, and for the development of infrastructure, manpower and skills for the pharmaceutical sector
Work for the promotion and coordination of basic, applied and other research in areas related to the pharmaceutical sector and for international co-operation in pharmaceutical research.
Entrusted with the task of maintaining inter-sectoral coordination between organizations and institutes, both under Central and State Governments, related to areas concerning the subject.
To deal with all matters relating to planning, development, and control of, and assistance to, all industries in the pharmaceutical segment.
Promotion of Public Private Partnership (PPP) in pharmaceutical related areas.
”",Drugs_and_Cosmetics
“How do other ministries play a role in the regulation process?”,"“The Ministry of Environment and Forests, Ministry of Finance, Ministry of Commerce and Industry and the Ministry of Science and Technology also have a part to play in the regulation process. The process for drug approval requires the coordination of different departments, in addition to the DCGI, depending on whether the application in question is a biological drug or one based on recombinant DNA technology.

The Department of Industrial Policy and Promotion and Directorate General of Foreign Trade, both under the aegis of Ministry of Commerce and Industry and the Ministry of Chemicals and Fertilizers, look into matters related to industrial policy such as the regulation of patents, drug exports, and government support to the industry.

Licensing, quality control issues, market authorization is regulated by the Central Drug Controller, Ministry of Health and Family Welfare, Department of Biotechnology, Ministry of  Science and Technology (DST) and Department of Environment, Ministry of Environment and Forests.

State drug controllers have the authority to issue licenses for the manufacture of approved drugs and monitor quality control, along with the Central Drug Standards Control Organization (CDSCO).”",Drugs_and_Cosmetics
“How are pricing and tax policies made for drugs and pharmaceuticals? What are DPCO and NPPA and what role do they play in making policy for drugs and pharmaceuticals?”,"“Price control on medicines was first introduced in India in 1962 and has subsequently undergone evolution through the Drug Price Control Order (DPCO) issued under the Essential Commodities Act. As per the directive of NPPA, the criterion for price regulation is based on the nature of the drug in terms of whether it enjoys mass consumption and in terms of whether there is lack of adequate competition for the drug.
In 1978 selective price controls based on disease burden and prevalence were brought about by the Government. Thereafter, the list of prices under DPCO underwent a gradual decrease over a period of time. Around 80% of the market, with 342 drugs, was under price control in 1979. The number of drugs under DPCO decreased from 142 drugs in 1987 to 74 in 1995.
The major objective of DPCO 1995 was to decrease monopoly in any given market segment, further decrease the number of drugs under price control to 74 and the inclusion of products manufactured by small scale producers under price control list.

In 1997, the National Pharmaceutical Pricing Authority [NPPA] was constituted in order to administer DPCO and deal with issues related to price revision.
The NPPA also regulates the prices of bulk drugs or pharmaceutical actives. The MRP excise on medicines was levied by the Finance ministry in 2005 with the objective of increasing revenue and lowering prices of medicines by using fiscal deterrent on MRP. This change may have had some impact in terms of magnifying the advantage to industries located in the excise free zones.
Drugs with high sales and a market share of more than 50% are part of the price regulation exercise. These drugs are referred to as scheduled drugs. Historically the NPPA would intervene only if the annual price increases were more than 20%.
However, post-2007, the NPPA intervenes in cases where drugs have significant sales and where the annual price increases by 10%.

The National Pharmaceuticals Policy 2006, proposed various measures such as increasing the number of bulk drugs under regulation from 74 to 354, regulating trade margins and instituting a new framework for drug price negotiations so as to make drugs more affordable for the Indian masses, to name a few.

WHO has also published a Pricing Policy Guideline in 2020 to improve affordable access to medicines, which covers 10 pricing policy approaches. The guideline strongly recommends that countries promote the use of quality-assured generic and biosimilar medicines and the need for price transparency. WHO will continue to work with countries to develop sound pharmaceutical pricing policies, including by running training workshops with country stakeholders and enabling discussion and information sharing through the Fair Pricing Forum.

”",Drugs_and_Cosmetics
“What are the Good Manufacturing Practices and policies?”,"“World Health Organization GMP guidelines were instituted in 1975 in order to assist regulatory authorities in different countries to ensure consistency in quality, safety and efficacy standards while importing and exporting drugs and related products. India is one of the signatories to the certification scheme.
The WHO-GMP certification, which possesses two-year validity, may be granted both by CDSCO and state regulatory authorities after a thorough inspection of the manufacturing premises.
WHO defines Good manufacturing practice (GMP) as a system for ensuring that products are consistently produced and controlled according to quality standards. It is designed to minimize the risks involved in any pharmaceutical production be it manufacturing, packaging, testing, labeling, distributing and importing, that cannot be eliminated through testing the final product  drug or device or any formulation. The GMP protocols are largely concerned with parameters such as drug quality, safety, efficacy and potency.
India has made progress in the domain of GMP through the enforcement of Schedule M Compliance. The requirements specified under the upgraded Schedule M for GMP have become mandatory for pharmaceutical units in India from July 1, 2005. Schedule M classifies the various statutory requirements mandatory for drugs, medical devices and other categories of products as per the current Good Manufacturing Practices (cGMP). Schedule M contains various regulations for manufacturing, premises, waste disposal, and equipment.
Schedule M protocols have been revised to harmonize it along the lines of WHO and US-FDA protocols. These revised protocols include detailed specifications on infrastructure and premises, environmental safety and health measures, production and operation controls, quality control and assurance and stability and validation studies.
Schedule M compliance is the next thing, smaller pharmaceutical units may take longer to be compliant whereas large-scale firms have shown greater willingness to comply with the revised norms in order to increase their competitiveness in the global arena. According to state regulatory sources, units in states like Gujarat, Karnataka, Maharashtra and Andhra Pradesh have achieved a high percentage of Schedule M compliance in comparison to units in other states.
Export of drugs, devices, and formulations to developed countries from India requires that Regulators from these countries visit Indian manufacturers to carry out a thorough inspection of their manufacturing units before registering the concerned product.
A large number of domestic players are seeking international regulatory approvals from agencies like US-FDA, MHRA UK, TGA Australia and MCC South Africa in order to export their products, mostly generic medicines, in these markets. Indian drug makers have the largest number of FDA-approved plants outside the US and accounted for 39 per cent of all approvals for generic drugs during 2013.
The cost of production has been a leading source of India’s industry strength, as India is 60% cheaper than the U.S. and 50% cheaper than Europe in terms of drug production costs.”",Drugs_and_Cosmetics
“What are the policies and guidelines on medical devices and biotechnology in India?”,"“
Medical devices
In June 2007, the DCGI introduced a new set of guidelines for the import and manufacture of medical devices in the country. The Mashelkar Committee subsequently recommended the creation of a specific medical devices division within the CDSCO in order to address the management, approval, certification and quality assurance of all medical devices.
This essentially consisted in alteration of the status of sterile medical devices, intended for internal or external use to medical drugs and creation of suitable provisions and amendments to the Drugs and Cosmetics Act of 1940.
The Drugs Consultative Committee approved these recommendations in 2005, ensuring that in future all devices would be licensed for manufacture, distributed and sold by the CDSCO, with special evaluation committees in order to ensure that the concerned manufacturing units complied with the requisite GMP requirements.

National Medical Devices Policy, 2023
This policy envisions to keep the Indian medical devices sector on an accelerated growth path with a patient-centric approach to meet the evolving healthcare needs of patients by building an innovative and competitive industry in India.

Biotechnology and related products
The Department of Biotechnology [DBT] constituted under the Ministry of Science and Technology is the parent body for policy, promotion of R&D, international cooperation and manufacturing activities.
Together with DBT, Genetic Engineering and Approval Committee [GEAC] constituted under Ministry of Environment and Forests [MoEF] is the key regulatory body in Biotechnology in India. Several committees have also been constituted under the said ministries to regulate the activities involving handling, manufacture, storage, testing, and release of genetic modified materials in India.
The Institutional BioSafety Committee (IBSC), Review Committee on Genetic Manipulation (RCGM) and the Genetic Engineering Approval Committee (GEAC) to monitor rDNA research, product development and commercialization. The ISBC functions as the nodal point for interaction within the institution for the implementation of the rDNA Biosafety guidelines. The RCGM essentially monitors the safety related aspects of activities involving genetically engineering organisms or hazardous microorganisms.
The GEAC undertakes the responsibility of approval of activities involving large-scale use of genetically modified/hazardous microorganisms and products thereof in research and industrial production and their safety in terms of environmental protection. In addition, the DCGI and state drug controllers as per the Drugs and Cosmetics Act 1945 and its subsequent amendments regulate biologicals
”",Drugs_and_Cosmetics
“What is a drug?”,"“
All medicines for internal or external use of human beings or animals and all substances intended to be used for, or, in the diagnosis, treatment, mitigation or prevention of any disease or disorder in human beings or animals, including preparations applied on human body for the purpose of repelling insects like mosquitoes;
all medicines for internal or external use of human beings or animals and all substances intended to be used for, or, in the diagnosis, treatment, mitigation or prevention of any disease or disorder in human beings or animals, including preparations applied on human body for the purpose of repelling insects like mosquitoes;
all substances intended for use as components of a drug including empty gelatin capsules;
such devices intended for internal or external use in the diagnosis, treatment, mitigation or prevention of disease or disorder in human beings or animals
”",Drugs_and_Cosmetics
“What is a Cosmetic?”,"“A ‘Cosmetic’ means any article intended to be rubbed, poured, sprinkled or sprayed on, or introduced into, or otherwise applied to, the human body or any part thereof for cleansing, beautifying, promoting attractiveness, or altering the appearance, and includes any article intended for use as a component of cosmetic. As per Rule 3(r) of Cosmetics Rules, 2020, ""New cosmetic"" means a cosmetic which contains a novel ingredient which has not been used anywhere in the world or is not recognised for use in cosmetics in any National or International literature.
”",Drugs_and_Cosmetics
“Under which act is the import of cosmetics regulated?”,"“Import of cosmetics is regulated in India under the provisions of the Drugs & Cosmetic Act,1940 & Rules,1945. Chapter III of Cosmetics Rules, 2020 also governs such import. The import of cosmetics products into India is regulated through a registration system (online portal) by the Central Drugs Standard Control Organisation (CDSCO) to ensure the safety and quality of products placed on the market. Once a cosmetic product is successfully registered via the online portal (the “SUGAM” portal), an Import Registration Certificate will be issued by the Central Licensing Authority, under Rule 13 of the Cosmetics Rules 2020, for the product’s import into and use in India.”
—-",Drugs_and_Cosmetics
“What is the significance of the Act?”,"“The primary objective of the Act is to ensure that the drugs and cosmetics sold in India are safe, effective and conform to quality standards. The related Drugs and Cosmetics Rules, 1945 contains provisions for classification of drugs under given schedules and there are guidelines for the storage, sale, display and prescription of each schedule.”",Drugs_and_Cosmetics
“Which department regulates the approval of any drugs to be used in India?”,"“Central Drugs Standard Control Organization (CDSCO) Directorate General of Health Services, Ministry of Health and Family Welfare, Government of India. Central Authorities are responsible for approval of New Drugs, Clinical Trials, laying down the standards for Drugs, control over the quality of imported Drugs, coordination of the activities of State Drug Control Organizations. For more information, refer the following link:-  https://cdsco.gov.in/opencms/opencms/en/About-us/Functions/

Import of cosmetics in India is regulated to ensure quality of cosmetics being imported into India and safety of consumers using these cosmetics.”",Drugs_and_Cosmetics
“Where can a consumer register a grievance for the selling of medicines higher than the one printed?”,"“Complaints on prices as well as quality of medicines can be lodged with the Drugs Inspector of the District or the State Drug Controller:

https://cdsco.gov.in/opencms/opencms/en/State-Drugs-Control/
”",Drugs_and_Cosmetics
“How can a consumer get a product tested if he thinks it is fake or spurious?”,"“By submitting the product to the government analyst and following the prescribed process of the same:
https://cdsco.gov.in/opencms/opencms/en/About-us/Laboratories/”",Drugs_and_Cosmetics
“What is the role of NPPA?”,“The National Pharmaceutical Pricing Authority is a government body that regulates the  price of drugs in India.”,Drugs_and_Cosmetics
"“If any banned drug is being used in any state, where can the consumer register his grievance?”","“The consumer can register the grievance with the drug controller of the state and can also approach the Drug Controller General of India.

https://cdsco.gov.in/opencms/opencms/en/State-Drugs-Control/ ”",Drugs_and_Cosmetics
"“If a consumer uses a cosmetic product and faces irritation, then what he can do?”","“Consumer can register the grievance with the manufacturing company and with the drug controller of the concerned state and get the product checked by the government analyst. For more information, refer the following link:-
https://cdsco.gov.in/opencms/opencms/en/State-Drugs-Control/
”",Drugs_and_Cosmetics
"“If a consumer received adulterated or spurious drug, where he can complain?”","“Consumer can register the grievance with the manufacturing company and with the drug controller of that concerned state and get the product checked by the government analyst. For more information, refer the following link:-
https://cdsco.gov.in/opencms/opencms/en/State-Drugs-Control/ ”",Drugs_and_Cosmetics
“What is the insurance sector?”,"“Insurance is a type of risk management that is primarily used as a safeguard against the risk of a possible future loss. It can be divided into two types, namely, life insurance and general insurance. While the former provides relief in cases of death or disability, the latter deals with relief in cases other than death. There can be several types of insurance like Whole Life Insurance, Health Insurance, Home Insurance, Unit-linked Insurance Plan, Motor Insurance, Endowment Policy, Group Insurance, Travel Insurance, Auto Insurance, Property Insurance, Business Insurance, Maternity Health Insurance and others.”",Insurance_Sector
“What are the grounds for complaint available?,"“There can be various grounds for filing of complaints. These include issues such as
(i) Issues based on unsatisfactory resolution of complaints, such as inadequate compensation, or negligence of the complaints, or situations where the insurance companies treat the individuals claiming policy maturity compensation wrongly.
(ii) Delay in settlement of claims, beyond the time specified in the regulations, framed under the IRDAI Act, 1999.
(iii)  Any partial or total repudiation of claims by the Life insurer, General insurer or the Health insurer.
(iv)  Any dispute about premium paid or payable in terms of insurance policy
(v) Misrepresentation of policy terms and conditions at any time in the policy document or policy contract.
(vi) Legal construction of insurance policies in so far as the dispute relates to claim.
(vii) Policy servicing related grievances against insurers and their agents and intermediaries.
(vii) Issuance of life insurance policy, general insurance policy including health insurance policy which is not in conformity with the proposal form submitted by the proposer.
(ix)Non issuance of insurance policy after receipt of premium in life insurance and general insurance including health insurance and
(x) Any other matter resulting from the violation of provisions of the Insurance Act, 1938 or the regulations, circulars, guidelines or instructions issued by the IRDAI from time to time or the terms and conditions of the policy contract, in so far as they relate to issues mentioned at clauses (i) to (x)”",Insurance_Sector
“What are the methods of complaint redressal available to a consumer?”,"“The consumer can register his complaint through various available mechanisms. These are provided below in a step-by-step manner.
(i) Reaching out to the Insurance Company:
The first step towards resolution of consumer complaints that shall be followed is to register a formal complaint with the insurance company. The consumer shall also attach all the significant documents that substantiate his complaint. The contact details of various general and life insurance companies are given on the IRDAI website.
The IRDAI website also provides that a consumer can register his complaint with the Grievance Redressal Officer (GRO) of the insurance company. It is advised that a written acknowledgement of the complaint, with the date clearly specified, shall be taken by the consumer. Moreover, the insurance company shall not take more than two weeks (15 days) from the date of receipt of complaint for the resolution of complaint.
The contact details of the GROs of various insurance companies is provided in the link given below: List of GROs - IRDAI
(ii) Reaching the IRDAI Grievance Redressal Cell:
In cases where the insurance company does not resolve the complaint of the consumer within a period of two weeks from the date of receipt of complaint, or when the relief granted is not satisfactory, the consumer can reach out to the online portal of the IRDAI, namely Bima Bharosa System (former Integrated Grievance Management System), and can register a complaint. The link for the portal is provided below: Bima Bharosa
Moreover, the consumer can also send the complaint through mail (complaints@irdai.gov.in) or can also call the toll-free number 155255 (or) 1800 4254 732. Furthermore, a physical complaint can also be sent at the IRDAI’s address:
“General Manager
Policyholder's Protection & Grievance Redressal Department- Grievance Redressal Cell,
Insurance Regulatory and Development Authority of India(IRDAI),
Sy.No.115/1,Financial District, Nanakramguda,
Gachibowli, Hyderabad-500032”
An interesting aspect of the complaint redressal system through the Grievance Redressal System of the IRDAI is that only the complaints written by the insured or claimants are entertained, the complaints written by advocates or agents or any other third party on behalf of the consumer are not entertained.
Once registered, the consumer receives a token number which could be used to track the complaint through the Bima Bharosa System.
(iii) Reaching out to the Insurance Ombudsman:
An insurance ombudsman has been set up in 2017 by virtue of The Insurance Ombudsman Rules, 2017. The said office acts as an alternate Grievance redressal platform. The intent behind the establishment of the office of the insurance ombudsman is to resolve the grievances of the policyholders in a speedy and cost-effective manner. The office of the insurance ombudsman is under the administrative control of the Council for Insurance Ombudsman (CIO).
To approach the insurance ombudsman, the aggrieved policyholder shall register a complaint with the office of the insurance ombudsman  online, through written communication, through email or letter or by walking-in.  Moreover, it is not required that the person registering the complaint shall be the consumer himself, it can be through the legal heirs, nominees, or assignee of the insurance holder as well.
The insurance ombudsman shall dispose of the complaint within a period of three months from registration, and such a decision shall bind the insurance companies and their intermediaries.
There are a total of 18 ombudsman centres across the country and a complaint shall be filed with the ombudsman under whose jurisdiction, the Branch or office of the insurance company or the intermediaries of such a company falls, or where the residential address or the place of residence of the complainant falls. The details of each ombudsman centre can be looked at https://www.lifeinscouncil.org/consumers/ListOfInsuranceOmbudsmen.
(iv) Approaching any other appropriate judicial or quasi-judicial body:
The complainant is free to take the service provider to a court or any other suitable venue (judicial or quasi-judicial). The proceedings in consumer commissions are not mired by the niceties of procedure, allowing the complainant to file a complaint for himself. As a consumer, the aggrieved party can take the service provider to the appropriate consumer commission, based on the pecuniary and territorial jurisdiction. The jurisdictions of the various consumer commissions are as follows-
a) District Commission: The aggrieved consumer can reach out to the District Commission under section 34 of the CPA, 2019, which provides that the district commission shall entertain matters where the value of the goods or services paid as consideration does not exceed more than fifty lakh rupees.
b) State Commission: In cases where the value of the goods or services paid as consideration is more than fifty lakh, but less than 2 crores, the consumer can approach the State Commission. Moreover, in cases of unfair contracts, the State Commission has original jurisdiction and the consumer can be directly approached. An appeal against the order of the District Commission can also be made under section 47 of the CPA, 2019.
c) National Commission: The National Commission can entertain matters where the value of goods or services paid as consideration exceeds 2 crores. Section 58 also provides that complaints against unfair contracts can be entertained by NCDRC when the amount of value paid exceeds 10 crores. The NCDRC also has appellate jurisdiction against the orders of any State Commission and Central Authority.
Moreover, it must also be kept in mind that section 100 of the CPA, 2019 provides that the remedy under CPA is in addition and not in derogation of other available remedies.",Insurance_Sector
“When would complaints to an Insurance Ombudsman not be accepted?”,"“There are various situations when the complaints of the consumer shall not be accepted, these include filing a complaint with the ombudsman without first reaching out to the insurance company/insurance broker, the complaint being made is outside the jurisdiction of the insurance ombudsman, or there are no documents substantiating the claims, or the complaint to the insurance ombudsman is not being made within one year from the date of rejection of the complaint by the insurance company, or a period of one month has not elapsed from the expiry of one month of filing the complaint when the insurer has failed to reply.”",Insurance_Sector
“What are the regulatory bodies in this sector?”,"“The Ministry of Finance, Government of India, has authority over the Insurance Regulatory and Development Authority of India (“IRDAI”), a statutory agency entrusted with licensing and overseeing the country's insurance and reinsurance sectors. The Insurance Regulatory and Development Authority Act, 1999 enacted by the Government of India, established the IRDAI. The agency relocated from Delhi to Hyderabad, Telangana, where it now has its main offices. The composition of the authority is specified in Section 4 of the IRDA Act 1999. One can read more on IRDAI using the following link: IRDAI”
IRDAI
The Insurance Regulatory and Development Authority of India is the primary regulator of the Indian insurance sector. It works to frame regulations for the insurance industry in terms of Section 114A of the Insurance Act and monitors activities in the sector to ensure that the interests of policyholders are protected. In addition to this, it also registers and regulates insurance companies.
Insurance Ombudsman
The Office of Insurance Ombudsman, which has been constituted under the Insurance Ombudsman Rules, 2017, is an alternate Grievance Redressal platform which has been set up with an aim to resolve grievances of aggrieved policyholders against Insurance Companies and its Intermediaries or Insurance Brokers in a speedy and cost-effective manner. The Offices of Insurance Ombudsman are under the administrative control of Council for Insurance Ombudsmen (CIO).",Insurance_Sector
"“What are the rules, Acts, and Guidelines that govern this sector?”","“Acts-
1- The Insurance Act, 1938
The act aims to amend and consolidate the insurance business by laying down various standards to be followed to be an insurance company. These standards include registration under the Companies Act, licensing from IRDAI, and others.
https://www.indiacode.nic.in/bitstream/123456789/2304/1/a1938-04.pdf.
2- The IRDAI Act, 1999
The act provides for the creation of an Authority to safeguard the interests of insurance policyholders, and to control, encourage, and guarantee the insurance industry's orderly expansion.
https://www.indiacode.nic.in/bitstream/123456789/1893/1/A1999_41.pdf
3- Life Insurance Corporation Act, 1956
The act provides for Regulation and control of business of LIC.
https://financialservices.gov.in/beta/sites/default/files/2023-01/LIC-ACT-1956-AS-AMENDED-2021.pdf.
Regulations-
IRDAI (Protection of Policyholder's Interests, operations and allied matters of insurers) Regulations, 2024
https://irdai.gov.in/documents/37343/991172/Draft+IRDAI(Protection+of+Policyholders%E2%80%99+Interests+and+Allied+Matters+of+Insurers)+Regulations%2C+2024.pdf/28bc0de5-222f-ba8d-60d3-1a2181bb41c7?version=1.0&t=1707890704901&download=true

2.- IRDA (Protection of policyholders’ interests) Regulation 2017
The rule provides for the formation of the office of insurance ombudsman under the supervision of the Council for Insurance Ombudsman (CIO).
https://policyholder.gov.in/w/-protection-of-policyholders-interests-regulations-2017-1
3.- Insurance Regulatory and Development Authority of India (Issuance of e-Insurance Policies) Regulations, 2016
Regulations for Issuance of electronic policy and submission of electronic proposal form of insurance policies.
https://financialservices.gov.in/beta/sites/default/files/2022-12/43.%20128_Issuance%20of%20e_Insurance%20Policies%20Reg%202016.pdf.
4.- Insurance Regulatory and Development Authority of India (Health Insurance) Regulations, 2016
Regulation to govern Health Insurance business and Health Insurance agreements.
https://financialservices.gov.in/beta/sites/default/files/2022-12/44.%20Health%20Insurance%20Regulations%202016.pdf.
5. IRDAI (Maintenance of Information by the Regulated Entities and Sharing of Information by the Authority) Regulations, 2025
https://irdai.gov.in/document-detail?documentId=6540652
6. IRDAI (Regulatory Sandbox) Regulations, 2025
https://irdai.gov.in/document-detail?documentId=6541188
7.  IRDAI Consolidated Re-insurance Regulations, 2025
https://irdai.gov.in/document-detail?documentId=5170524
8. IRDAI (Bima Sugam- Insurance Electronic Marketplace) Regulations, 2024
https://irdai.gov.in/document-detail?documentId=4583640
9. Insurance Regulatory and Development Authority of India (Protection of Policyholders’ Interests, Operations and Allied Matters of Insurers) Regulations, 2024 
https://irdai.gov.in/web/guest/document-detail?documentId=4590885
10. Insurance Regulatory and Development Authority of India (Insurance Products) Regulations, 2024 
https://irdai.gov.in/documents/37343/366405/%E0%A4%86%E0%A4%88%E0%A4%86%E0%A4%B0%E0%A4%A1%E0%A5%80%E0%A4%8F%E0%A4%86%E0%A4%88+%28%E0%A4%AC%E0%A5%80%E0%A4%AE%E0%A4%BE+%E0%A4%89%E0%A4%A4%E0%A5%8D%E0%A4%AA%E0%A4%BE%E0%A4%A6%29+%E0%A4%B5%E0%A4%BF%E0%A4%A8%E0%A4%BF%E0%A4%AF%E0%A4%AE%2C+2024+_+IRDAI+%28Insurance+Products%29+Regulations%2C+2024.pdf/eb55db8a-a617-d492-b313-f13cfb11afeb?version=1.2&t=1712320142367&download=true
For updates, keep checking this link - https://irdai.gov.in/consolidated-gazette-notified-regulations

Guidelines-
1- Accessibility Standards and Guidelines for infrastructure and services in Insurance Sector
https://financialservices.gov.in/beta/sites/default/files/2024-08/guidelines-E.pdf.
2- IRDAI Bima Vahak Guidelines, 2023
To establish women centric dedicated distribution channel that is focused on enhancing insurance inclusion and creating awareness in every village / Gram Panchayat, thereby, improving accessibility and availability of insurance in every nook and corner of the country.
https://irdai.gov.in/document-detail?documentId=3982975.
3- IRDAI Information and Cyber Security Guidelines, 2023
Considering the wide-spread adoption of digital technologies and the concurrent increase in cyber security incidents, the revised Guidelines are hereby issued in order to enable the insurance industry to strengthen their defenses as well as related governance mechanism to deal with such emerging cyber threats.
https://irdai.gov.in/document-detail?documentId=3314780.
4- Guidelines on Wellness and Preventive Features, 2020
Pertaining to Health Insurance, designing such wellness or preventive features with the objective of maintaining and improving good health, thereby enabling affordable health insurance.
https://irdai.gov.in/document-detail?documentId=395398.”",Insurance_Sector
“What are the landmark judgments in this sector?”,"“1. Khatema Fibres Ltd. v. New India Assurance Company Ltd. and Ors., CA/9050/2018/2021, SC
In the above case, the Supreme Court observed that the consumer commissions have limited jurisdiction in situations where the insurance company has accepted the insured's claim to the extent of the loss as determined by the surveyor. The insured must be able to prove that the surveyor violated the regulations established by the Insurance Act of 1938 about his obligations, responsibilities, and other professional requirements in order to demonstrate deficit and claim compensation under the Consumer Protection Act, 2019. A Consumer Forum which is primarily concerned with an allegation of deficiency in service cannot subject the surveyor’s report to forensic examination of its anatomy, just as a civil court could do.
2. Shivram Chandra Jagarnath Cold Storage and Ors.v. New India Assurance Company Limited and Ors., CA/2371/2019/2022, SC
In the present case, the insured filed an insurance claim under a policy for stock degradation that covered the stock of potatoes that the insured had kept in cold storage. The surveyor noted that given policy exclusions, the claim should be denied. The Court noted that exclusions are added to shield the insurer from liabilities that it would otherwise bear. Regarding the particular exclusions in the policy, it was determined that the insurer had rightly rejected the claim since the exception, in this case, was neither overly broad nor incompatible with the primary goal of the insurance policy. The concept of ‘Main Purpose Rule’ was highlighted to show how the main purpose can limit the application of wide exclusion clauses.
3. Mavji Kanji Jungi and Ors. v. Oriental Insurance Company Ltd, CC/85/2014/2020, NCDRC
According to the judgement of the National Consumer Disputes Redressal Commission, if there is any dispute regarding whether an insurance claim is admissible, the insured shall be given the benefit of the doubt. Also with regards to the compensation, the insured would also be entitled to interest based compensation for being deprived and suffering a loss apart from the insured amount.
4. Gulab Singh v.  HDFC Standard Life Insurance Co. Ltd. & Anr, RP/3142/2018/2018, NCDRC
In this case, the NCDRC held that the concealment of a material fact, such as the date of birth of the insured, is a valid ground for the dismissal of a complaint. The NCDRC held that insurance contracts are based on utmost good faith and the insured must correctly share all material facts.
5. Life Insurance Corporation of India v. Kulwant Kumari, RP/485/2006/2009, NCDRC
The court held that the burden of proving concealment of material facts is on the insurance company. Section 45 of the Life Insurance Act, 1938 also provides for it statutorily.”
6. National Insurance Company Ltd. v. Hindustan Safety Glass Works Ltd. (2007)
In this case, the Supreme Court of India addressed the issue of whether a policyholder was entitled to claim insurance even after failing to notify the insurer of a loss within the stipulated time. The Court held that the requirement of timely notification was not a condition precedent for filing a claim if the insurer was not prejudiced by the delay. The judgment emphasized the importance of interpreting insurance contracts in a way that protects the policyholder’s rights, especially in cases of genuine claims.
7. LIC of India v. Consumer Education and Research Society (1995)
This judgment dealt with the issue of misrepresentation and the duties of the insurer and the insured. The Supreme Court ruled that insurance companies must clearly explain the terms and conditions of policies to customers, especially concerning policy exclusions. It highlighted the importance of ensuring that policyholders are adequately informed about the coverage they are purchasing. The case reinforced the principle of transparency in the sale of insurance products.
8. United India Insurance Co. Ltd. v. Satyawati (2010)
In this case, the Supreme Court examined the scope of the insurance company’s liability when a vehicle was involved in an accident. The Court ruled that the insurer was liable to pay compensation even if the driver of the vehicle was not holding a valid driving license at the time of the accident, as long as the vehicle was insured, and the accident was not caused by the negligence of the owner. The ruling provided clarity on the scope of liability of insurance companies in case of claims involving drivers with invalid licenses.
9. The Oriental Insurance Co. Ltd. v. J. H. Giri (2008)
This landmark judgment clarified the legal position on the concept of “insurable interest.” The Court ruled that an individual or entity must have a financial stake in the subject matter of the insurance contract for the policy to be valid. This principle ensures that the person or entity purchasing the insurance has a genuine interest in the property or event being insured, thereby preventing fraudulent claims.
10. M/s. New India Assurance Co. Ltd. v. Smt. Manju Devi (2020)
This case dealt with the issue of third-party insurance and the insurer’s liability in the event of a claim arising out of a motor accident. The Court ruled that the insurer must honor third-party liability claims even if there was a technical lapse in the policyholder’s adherence to the policy conditions. The judgment reiterated the importance of consumer protection and ensured that third-party victims were not deprived of compensation due to technicalities in the policy.
11. Sohom Shipping Pvt. Ltd. vs M/S. The New India Assurance Co. Ltd. & Anr. 2025 INSC 453 (Supreme Court)
In the present case, the appellant (Sohom Shipping Pvt. Ltd.) purchased a barge and applied for a single voyage permit for the same. As per the Insurance Contract, the voyage was required to commence and complete before monsoon set in. The barge was forced to anchor off a day into the voyage due to bad weather and engine failure and eventually ran aground. The respondent rejected the claim of the appellant on the ground that the Vessel set sail after ‘monsoon set in’ breaching the special condition. In the present case, there is absolutely no permutation and combination in which the Appellant could have fulfilled this condition under the policy. It was held that if a condition in an insurance contract is impossible to comply with, such a condition is held to be non-material and cannot be a basis to deny coverage to the insured.
12. Reliance Life Insurance Company Ltd. vs. Jaya Wadhwani 2024 INSC 10 (Supreme Court)
As per Clause 9 of the policy in question, the Company was not liable to pay any claim on death if the Life Assured, whether sane or insane, committed suicide within 12 months from the date of issue of this Policy or the date of any reinstatement of the same. The date from which twelve months would be calculated was contested in the present case and the Court held that the date that is relevant for all purposes is the date when the policy was issued and not the date of proposal or the date of issuance of the receipt.
13.  GTFS Multi Services Ltd. Vs. Smt. Pravati Behera R.P. No. 4/2021 (NCDRC)
The complainant (Pravati Behera) was the wife of the deceased who had purchased a Janata Personal Accident Insurance Policy through an agent. Both the agent and the company failed to settle the claim and she filed a complaint in this regard. The Commission held that an agent's liability in the insurance claim process is confined to the facilitation and forwarding of claims to the insurer. Once this role is fulfilled, they cannot be held liable for any deficiencies or delays in the claim settlement process, which are the insurer's responsibility.
14. Reliance Life Insurance v. Rekhaben Nareshbhai Rathod AIR 2019 SUPREME COURT 2039
The spouse of the respondent (Rekhaben Nareshbhai Rathod) took a policy from Max New York Life Insurance Co Ltd and then subsequently submitted a proposal for another term plan policy of the appellant (Reliance Life Insurance). The spouse responded in negative to the query as to whether he was currently insured for a cover of life insurance, critical illness or accident benefit and thus failed to disclose a material fact. In this case, the Court held that the failure of an insured individual to disclose material information during the insurance contract’s inception permits an insurer to reject any subsequent claim based on such non-disclosure.
15. United India Insurance Co. Ltd. Versus M/s Hyundai Engineering & Construction Co. Ltd. & Ors., Civil Appeal No. 1496 of 2023 (Supreme Court)
The respondents (Hyundai Engineering and Construction Co. Ltd. & Ors.) obtained a Contractor All Risk Insurance Policy from the appellant (United India Insurance Co.) covering a Joint Venture involving the design, construction and maintenance of a bridge across the River Chambal. There was an accident following which the bridge collapsed and the two parties disputed the interpretation of Clause 7, which included a provision excluding arbitrability of the dispute, of the Policy Contract. The Court held that the burden of proving applicability of exclusionary clauses in insurance contracts is on the insurer and such clauses must be interpreted strictly against the insurer, as they may completely exempt the insurer of its liability.
16. Haris Marine Products v. Export Credit Guarantee Corporation (ECGC) Limited, Civil Appeal No. 4139/2020 (Supreme Court)
The appellant (Haris Marine Products) is an exporter of fish meat and fish oil who paid  a premium to ECGC for the Policy, which covered foreign buyer’s failure to pay for goods exported. After an overseas buyer defaulted, the appellant lodged a claim with ECGC that was rejected based on  a particular interpretation of the undefined term date of ‘despatch / shipment’. The Court held that an ambiguous term in an insurance contract is to be construed harmoniously by reading the contract in its entirety. If after that, no clarity emerges, then the term must be interpreted in favour of the insured, i.e., against the drafter of the policy.
17. Sri. Benson George v. Reliance General Insurance Co. Ltd, Civil Appeal No. 1540 of 2022 (Supreme Court)
The claimant (Benson George) sustained grievous brain injuries in a vehicular accident and subsequently slipped into coma and was bedridden. The present case disputes the amount of compensation awarded by the High Court. The Court held that the amount of compensation to be awarded under the heads, pain and suffering and loss of amenities and happiness cannot be based on a straight jacket formula. It depends upon the facts and circumstances of each case and varies from person to person who has suffered due to the accident.",Insurance_Sector
“What is the format of the complaint to be made?”,"“Specimen Complaint Form for Complaint to Insurance Ombudsman
To
The Insurance Ombudsman
………………………………………….. (Place)
Madam/Sir,
Sub: Complaint against ………………………………………………………………………………………………………………. (name of the Insurance Company/intermediary)
Details of the complaint:
1.Name of the complainant and relationship with insured.…………………………………………………………….
2.Name of the Insured…………………………………………………………………………………………………………………..
3. Full address of the complainant ………………………………………………………………………………………………..
……………………………………………………………………………………………………………………………………………………….
……………………………………………………………………………………………….Pin Code ………………………………………
Phone No with std code  +91 …………..………………………………..Mobile Number +91 …………………………
E-mail ……...…………………………………………………………
4. Policy/proposal no/s…………………………………………………………………………………………………
4a) Whether an individual policy or Group policy
5. Complaint against (Name and full address of the branch or office of the Insurance Company/intermediary/insurance/insurance broker ...........................................................................................................................................................
………………………………………………………………………………………………………… Pin code…………………………………..
6.(a) Date of complaint already made by the complainant to the Insurance broker/ Grievance Redressal Officer of   Insurance Company/Insurance Broker)   ………………………(Please enclose a copy of the complaint)
(b) Whether Insurance Company/Insurance Broker has replied  within a period of 30 days of receipt of the complaint by it? Yes/No .   (if yes, please attach a copy of the reply).
( c) Whether you are satisfied with reply given by Insurance company.
7. Subject matter of the complaint/ Details of the complaint (Facts giving rise to the complaint ,if possible in data wise chronological order ) (If space is not sufficient, please enclose a separate sheet)
(Please enclose a copy of documentary proof, if any, in support of your claim).
8. Are any proceedings before any Court/ Consumer Forum/ Arbitrator on the same subject matter pending or were so earlier: (Y/N)
9. List of documents enclosed: (additional documents may be called for by the Insurance Ombudsmen, as per need)
1. Copy of letter sent by you to Grievance Redressal Officer of Insurance Company/ insurance broker
2. Reply letter/Letter of repudiation/partial claim from Insurer/insurance broker.
3. Copy of policy/certificate of Insurance in case of Group policy
10 Nature and extent of monetary loss (if any)
10a. Quantum of Relief sought (INR)…………………………………………………
For Mediclaim/Health Policy related complaint.
Whether your policy is fresh or ported________.
If ported then provide details as below:
a)       Date of porting: ______________
b)      Previous Insurance Company Name: _____________
c)       Previous policy nos.__________________________
d)      Date of commencement of Previous policies_________________________
e)      Sum Insured_____________________________
Declaration

Yours faithfully
(Signature of the Complainant)
Date:
Place:",Insurance_Sector
“What are the important links and resources?”,"“1. IRDAI Consumer Affairs: Grievance Redressal Mechanism - IRDAI
Policyholders Protection and Grievance Redressal - IRDAI
2. Grievance Cell IRDAI:  GRIEVANCE CELL-PPGR - IRDAI
3. Council for Insurance Ombudsman: About Us CIO
4. IRDAI Consumer Education website: https://policyholder.gov.in/.”
5. Bima Bharosa Website - https://bimabharosa.irdai.gov.in/
6. E-Jagriti Website- https://e-jagriti.gov.in/",Insurance_Sector
“What consumer should look for before buying a policy?”,"“Consumers should check the premium amount to be paid, whether or not there is availability of guarantee of return, what the lock in period is, return values, what would be implications of premium default, revival conditions of policy, what are the charges that would be deducted, would loan be available etc.”",Insurance_Sector
“What is meant by settlement options?”,"“Settlement option means the facility made available to the policy holder to receive the maturity proceeds in a defined manner (the terms and conditions are specified in advance at the inception of the contract).”Through these options, recipients can choose whether to receive the policy benefits as a lump-sum payment or as periodic installments over a specified period.",Insurance_Sector
“What is Health Insurance?”,“The term health insurance is a type of insurance that covers your medical expenses. A health insurance policy is a contract between an insurer and an individual /group in which the insurer agrees to provide specified health insurance cover at a particular “premium”.”,Insurance_Sector
“What is the difference between an Insurance Agent and an Insurance Broker?”,"“An insurance agent can represent only one insurer and do business for him. An insurance Broker is basically the representative of the customer and can sell the policies of more than one insurer. In the Indian context an Agent can represent one Life insurer, one Non-Life insurer and one Health insurer. In addition he can represent one credit insurance company and agricultural insurance company too.”",Insurance_Sector
“What is the role of IRDAI?”,"“Insurance Regulatory and Development Authority of India looks into complaints/grievances from policyholders. Among various other regulatory functions, this Cell takes up the grievances with the respective insurance companies for redressal.
Policyholders who have complaints against insurers are required to first approach the Complaints/Grievance Redressal Cell of the insurer concerned. If they do not receive a response from the insurer within a reasonable period of time or are dissatisfied with the response of the company, they may approach the Grievance Redressal Cell in the Consumer Affairs Department of the IRDAI. “",Insurance_Sector
“Does the Insurance Ombudsman operate in any territorial jurisdiction?”,"“Yes, Insurance Ombudsman operates only within the territorial limits.  The details of territorial jurisdiction of the 18 offices of Insurance Ombudsman is available on CIO (Council for Insurance Ombudsman) website under the heading ""Offices of Ombudsman"" under the section ""About Us"". More details can be found here,https://www.cioins.co.in/Ombudsman  ”",Insurance_Sector
“What are the Rules of the Insurance Ombudsman Scheme?”,"“The objective of the Insurance Ombudsman Rules is to resolve all insurance related   complaints in a cost effective, efficient and impartial manner.
Complaints may pertain to:-
a)      Partial or total repudiation of claims.
b)      Any dispute regarding premium paid or payable in terms of the policy.
c)      Any dispute about the legal construction of the policy relating to claims.
d)     Delay in settlement of claims.
e)      Non-issue of any insurance document to customers after receipt of premium.
f)    Misrepresentation of policy terms and conditions at any time in the policy document or policy contract.
g)   Policy servicing related grievances against insurers and their agents and intermediaries.
h)    Issuance of life insurance policy, general insurance policy including health insurance policy which is not in conformity with the proposal form submitted by the proposer.
i)     Any other matter resulting from the violation of provisions of the Insurance Act, 1938 or the regulations, circulars, guidelines or instructions issued by the IRDAI from time to time or the terms and conditions of the policy contract",Insurance_Sector
“How is the territorial jurisdiction of Insurance Ombudsman to be applied to complaints?”,"“The complaint will lie with the Insurance Ombudsman under whose territorial jurisdiction the Branch or Office of the Insurer complained against is located. However, in case of Group Insurance policies, the complaint may be lodged with the Insurance Ombudsman under whose territorial jurisdiction the place of residence of the complainant falls.”",Insurance_Sector
“Who can approach the Ombudsman?”,"“Any aggrieved individual who has taken an Insurance Policy on personal lines (or if deceased, the legal heir(s) under such policy) or nominee or assignee can approach the Ombudsman. Whoever approaches has to make a complaint in writing to the Insurance Ombudsman within the defined territorial jurisdiction.”",Insurance_Sector
“How is the complaint to be lodged before an Insurance Ombudsman?”,"“The complaint is to be made in writing and may be lodged through personal approach or through post / fax / email (followed by hard copy), or online through the online platform developed by the Council of Insurance Ombudsman through the website www.cioins.co.in . Complaint can be registered online by clicking on the ""Register complaint"" under the Section ""Complaint Online"" on the webpage.”",Insurance_Sector
“Is there any time limit to approach the Ombudsman?”,"“Complaint can lodged with the Office of the Insurance Ombudsman within one year from
a) date of rejection of the complaint by the Insurance Company/Insurance Broker
OR
(b) expiry of one month of filing the complaint if the Insurer fails to reply”",Insurance_Sector
“Is there any maximum limit for the amount under dispute that can be entertained by the Ombudsman?”,“Yes. The Insurance Ombudsman can entertain complaints where the quantum of loss payable under the insurance policy does not exceed rupees 50 Lakhs.”,Insurance_Sector
"“Can a complainant, who has already approached Consumer Forum/court on the same subject, approach the Ombudsman?”","“No. Any complainant, whose complaint on the same subject matter is or was before a Court/Consumer Forum cannot approach the Ombudsman.”",Insurance_Sector
"“What are the prerequisite conditions in short, for lodging a complaint?”","“a. The complaint must be by an individual on a 'Personal Lines' insurance and within the terms of reference of the Insurance Ombudsman as set out under the Ombudsman scheme.
b. A representation should be made to the Insurance Company and either an unsatisfactory reply (rejected) should have been received or the representation should stand as un-replied for at least 1 month.
c. The complaint must be lodged within 1 year of the events mentioned in b. above .
d. The total relief sought must be within an amount of Rs.50 lakhs.
e. The subject matter of the complaint should not currently be or have earlier been before a Court/Consumer Forum.”",Insurance_Sector
“Should a complainant approach the Ombudsman through a lawyer?”,"“Not necessary, as formal court procedures are not involved. As per the Insurance Ombudsman Rules 2017, there is no provision to engage a lawyer.”",Insurance_Sector
“Within what time shall the Ombudsman dispose of the complaint?”,"“In case both parties agree for mediation, the Ombudsman shall give his Recommendation within 1 month; otherwise, he shall pass his Award within 3 months.”",Insurance_Sector
“Are there any fees / charges payable for lodging a complaint?”,“No fees / charges are required to be paid.”,Insurance_Sector
“Does the Ombudsman conduct hearings of the parties? “,"“Yes, wherever considered necessary, the Ombudsman will conduct hearings of both the Parties, either in person or through video conferencing. The Ombudsman may, on his own or on the request of the complainant, hear a matter through video-conference if he is satisfied that circumstances so require, after notifying the complainant and the insurer or insurance broker concerned.”",Insurance_Sector
"“If so, can the hearings be conducted outside headquarters?”","“Yes, hearings may be conducted outside headquarters, but within the jurisdiction of the centre where warranted.”",Insurance_Sector
“Can a complaint be lodged against a Private Insurer?”,"“Yes, complaints can be lodged against any Insurer both in Public Sector and Private Sector in both Life and Non-Life sectors.”",Insurance_Sector
“Is there any appeal against a decision given by the Ombudsman?”,"“No, as the Recommendation or Award of the Insurance Ombudsman are both subject to acceptance by the complainant in full and final settlement of the complaint. If such acceptance is not agreeable, the complainant may exercise the right to take recourse to the normal process of law against the insurance company. Further, dismissal of a complaint by the Insurance Ombudsman does not vitiate the complainants' right to seek legal remedy against the insurers complained against, as per normal process of law.”",Insurance_Sector
“Are copies of complaints or queries and correspondence related thereto required to be forwarded to the Office of the Governing Body of Insurance Council?”,"“No, the Ombudsman deals directly with complaint matters.”",Insurance_Sector
“Can information on the office of the ombudsman be sought under the Right to Information Act?”,"“Yes, where required, information can be sought from the Public Information Officer of the concerned Ombudsman Centre in the prescribed format, forwarded together with the requisite prescribed fee. The Appellate Authority vests with a higher ranking official from the concerned Ombudsman Centre.”",Insurance_Sector
“How to make a complaint against an Insurance company?”,"“If you are unhappy with your insurance company, You can approach the Grievance Redressal Officer of its branch or any other office that you deal with. You are required to submit your complaint in writing along with the necessary support documents. You should take a written acknowledgement of your complaint with the date. The insurance company should deal with your complaint within 15 days. If that does not happen or if you are unhappy with their solution you can approach the Grievance Redressal Cell of the Consumer Affairs Department of IRDA: {Having Toll Free Number 155255 (or) 1800 4254 732 or Send an e-mail to complaints@irdai.gov.in. One can use the Bima Bharosa portal at https://bimabharosa.irdai.gov.in/ for registering the complaints themselves and to monitor the status of the complaints. part from the above options, if it is felt necessary by the complainant to send the communication in physical form, the same may be sent to IRDAI addressed to:
General Manager
Insurance Regulatory and Development Authority of India(IRDAI)
Policyholder's protection & Grievance Redressal Department – Grievance Redressal Cell.
Sy.No.115/1, Financial District, Nanakramguda,
Gachibowli, Hyderabad – 500 032.
For more information visit- https://irdai.gov.in/grievance-redressal-mechanism1, https://policyholder.gov.in/ombudsman.”",Insurance_Sector
“What are the requirements to be submitted in case of a Maturity Claim?”,"“Usually the Insurance Company will send intimation attaching the discharge voucher to the policyholder at least 2 to 3 months in advance of the date of maturity of the policy intimating the claim amount payable. The policy bond and the discharge voucher duly signed and witnessed are to be returned to the insurance company at the earliest so as to release the insurance company to release maturity payment in time. Please note that if the policy is assigned in favour of any other person, the claim amount will be paid only to the assignee who will also give final discharge.

For settlement of the claim, a maturity claim discharge form also needs to be filled where you accurately fill in your policy number, name, contact details, and bank account information for smooth processing. Certain necessary documents also need to be submitted like original policy document, identity proof, address proof, bank details and any other additional documents.”",Insurance_Sector
“What are special medical reports required to be submitted in Life insurance?”,"“Medical reports depend on the age of entry, sum assured , type of policy, family medical history , special medical reports if required by the insurance company . E.g. if the proposer is overweight, special reports like Electro Cardiogram, Glucose Tolerance test etc could be required, while for underweight proposers, X-ray of the chest and lungs with reports could be required.”",Insurance_Sector
“What documents are required to be submitted in case of death of life assured while the policy is in force?”,"“The basic documents that are generally required are death certificate, claim form and policy bond, Other documents such as medical/hospital records, employer's certificate, police inquest report, post mortem report etc could be called for, as applicable. The claim requirements are usually disclosed in the policy bond.”",Insurance_Sector
"“What are the Charges, fees and deductions in a ULIP?”","“ULIPs offered by different insurers have varying charge structures. Broadly, the different types of fees and charges include Premium allocation charges, Mortality charges. Policy administration charges, surrender charges, fund management charges, fund switching charge etc. However, it may be noted that insurers have the right to revise fees and charges over a period of time.”",Insurance_Sector
“What is a Unit Fund in a ULIP?”,"“The portion of the premium after deducting all the charges including charges for risk cover of life assured is known as Unit fund and the same is invested in equity or debt as per choice of the proposer. At the time of maturity, the unit fund is paid to the policyholder.”",Insurance_Sector
“Is it possible to invest additional contributions above the regular premium in ULIP?”,"“Yes, one can invest additional contribution over and above the regular premiums subject to the feature being available in the product. This facility is known as the “TOP UP” facility.”",Insurance_Sector
“What is the maximum time limit of settlement of Life insurance claims?”,"“As per Regulation 14(2)(i) of IRDAI (Protection of Policyholders’ Interests) Regulations,2017, death claims under a life insurance policy shall be settled within 30 days from the date of receipt of all relevant papers and required clarifications. However, where the circumstances of a claim warrant an investigation in the opinion of the insurer, it shall initiate the same at the earliest and complete such investigation expeditiously, in any case not later than 90 days from the date of receipt of claim intimation and the claim shall be settled within 30 days.

As per Regulation 14(2)(iv) of IRDAI (Protection of Policyholders’ Interests) Regulations,2017, in respect of Maturity or claim Survival Benefit claims and Annuities, Insurance Company shall initiate the claim process by sending intimation sufficiently in advance or send post-dated cheque or give direct credit to the bank account of claimant through any electronic mode as approved by RBI, so as to pay the claim on or before the due date.”",Insurance_Sector
“Whether any penal interest is paid in case of delay in settlement of Life Insurance claims?”,"“Yes, in respect of any death claim or maturity claim, if there is delay on the part of Insurer beyond the timelines earmarked by IRDAI, the insurer shall pay interest at a rate, which is 2% above bank rate, from the date of receipt of the last necessary document.”",Insurance_Sector
“Is it mandatory to take Life Insurance for availing Home Loan?”,"“No. It is not mandatory. However, securing the property financed under loan, either by way of insurance or other modes, is the prerogative of the lending institutions concerned which may be  as per terms and conditions of the loan or may be as per the directives if any, prescribed by the regulator (RBI) governing the lending institution.”",Insurance_Sector
“What is the maximum limit of premium which can be paid in cash?”,"“However, IRDAI has not imposed any limits on cash payment. However as per RBI guidelines, cash payments beyond Rs.50000 should always be accompanied by PAN.”",Insurance_Sector
“What is Pradhan Mantri Vaya Vandana Yojana (PMVVY)?”,"“Pradhan Mantri Vaya Vandana Yojana (PMVVY) is a Government subsidised Pension Scheme for Senior Citizens aged 60 years and above. The scheme provides an assured return of 7.66% per annum for 10 years. This was extended only till 2023 and has since been withdrawn. The differential return, i.e. the difference between return generated by LIC and the assured return of 8% per annum would be borne by Government of India as subsidy on an annual basis. Pension is payable at the end of each period during the policy tenure of 10 years as per the frequency of monthly/quarterly/ half-yearly/yearly as chosen by the subscriber at the time of purchase. Minimum purchase price under the scheme is Rs./1,62,162- for a minimum pension of Rs. 1,000/- per month and the maximum purchase price is Rs.15,00,000- for a maximum pension of Rs9250- per month. The scheme is exempted from Goods and Services Tax (GST).”",Insurance_Sector
“What is the free lookup period in life Insurance ?”,"“This is the prescribed time limit for life insurance policy if consumer want to cancel or change the policy as per requirement .The free look period lasts for 15 days from the date of receipt of policy ( policies purchased through distance marketing have the free look period of 30 days). Within these 15 days, the buyer needs to scrutinize the policy document and in case of any mismatch between what was promised and what the customer receives, the latter can return the policy to the company.
Please visit following link for the for more information on life insurance :
https://irdai.gov.in/documents/37343/369581/Life+Insurance+Handbook+%28English%29.pdf/2a13350c-0fb2-fc1d-bfaf-6ced7a31eeee?version=1.0&t=1631528774917.
Please visit following link for the for more information on health insurance :
https://irdai.gov.in/faqs-on-health-insurance-regulations.
Please visit following link for the for more information on motor insurance : https://irdai.gov.in/documents/37343/369581/Motor+Insurance+Handbook+%28English%29.pdf/44f2a216-f063-9acd-b062-70b6aca97c0f?version=1.0&t=1631528776152.”",Insurance_Sector
“Should I buy Comprehensive Motor Insurance or Liability Policy only?”,"“Third Party Liability insurance is mandatory for all vehicles plying on public roads in India. This covers Liability for injuries and damages to others that you are responsible for. However, it is prudent to cover loss or damages to the vehicle by way of Comprehensive/Package policy which covers both “Liability” as well as “Own damage” to the insured vehicle. Liability Only cover is also known as Act Only cover.”",Insurance_Sector
“What is the validity period of Motor Insurance?”,"“Unlike life Insurance, a motor policy is usually valid for a period of one year and has to be renewed before the due date. One should pay the premium on time. No Insurer offers a grace period for paying the premium. Incase of lapse of policy by even one day, the vehicle has to be inspected. Moreover, if a comprehensive policy is allowed to lapse for more than 90 days, the accrued benefit of NCB (NoClaim Bonus) is also lost.
In accordance with directions of the Supreme Court, with effect from Oct.2018, liability insurance of new vehicles should be taken for a period longer than one year.
Private cars are required to  be insured  for three years and new two wheeler vehicles should be insured for minimum five years. The notification can be found at https://irdai.gov.in/document-detail?documentId=389068#:~:text=The%20Hon'ble%20Supreme%20Court%20of%20India%2C%20has%2C%20vide,for%20a%20period%20of%20five.”",Insurance_Sector
“What is No Claim Bonus?”,"“No Claim Bonus (NCB) is the benefit accrued to an insured for not making any claims during the previous policy period. As per current norms in India, it ranges from 20% on the Own Damage premium (and not on Liability premium) and progressively increases to a maximum of 50%.

If, however, a claim is lodged, the No Claim Bonus is lost in the subsequent policy period.

NCB is given to the insured and not to the insured vehicle. Hence, on transfer of the vehicle, the insurance policy can be transferred to the new owner but not the NCB. The new owner has to pay the difference on account of NCB for the balance policy period. The original owner can, however, use the NCB on a new vehicle purchased by him provided he has not transferred the insurance to the buyer of old car. Insurance Co has to be intimated immediately (in any case not later than the time limit prescribed) about sale of his old vehicle and his intention to retain the insurance. Original certificate of Insurance is to be surrendered to Insurance Co. within 3 years period, as and when the Insured buys a new car, it will be substituted in the old insurance policy till its validity period. Pro-rata difference of premium on account of increase in IDV of new vehicle is to be paid.”",Insurance_Sector
“Will my No Claim Bonus get migrated if I want to change my insurance company?”,"“Yes, you can avail of the NCB facility if you change the insurer on renewal. You would have to produce proof of the NCB earned by way of renewal notice from the current insurer. Alternately, you can produce your original expiring policy along with a certification that you have lodged no claims on the expiring policy. For this the proof can be in the form of a renewal notice or a letter confirming the NCB entitlement from the previous insurer.”",Insurance_Sector
"“If I get my vehicle fitted with a CNG or LPG kit, is it necessary to inform the Insurance Company?”","“If a CNG / LPG kit is fitted in the vehicle, the (Road Transport Authority (RTA) office where the vehicle was registered, should be informed so that they make a note of the change in the registration certificate (RC) of the vehicle. The insurance company should also be informed so that the kit is covered on payment of extra premium on the value of the kit.”",Insurance_Sector
"“I have sold my vehicle, should I transfer my insurance to the purchaser of the vehicle?”","“Yes, the insurance should be transferred to the buyer of the vehicle, provided the seller informs in writing of such transfer to the insurance company. A fresh proposal form needs to be filled in by the buyer. There is a nominal fee charged for transfer of insurance along with pro-rata recovery of NCB from the date of transfer till policy expiry. It may be noted that transfer of ownership in comprehensive/package policies has to be recorded within 14 days from date of transfer of ownership in RC failing which no claim will be payable for own damage to the vehicle.”",Insurance_Sector
“Should I continue the insurance in the name of the previous owner even after the vehicle is transferred in RTO records in my name?”,“No. Registration and insurance of the vehicle should always be in the same name. Otherwise the claim is not payable. A fresh proposal form needs to be filled in. There is a nominal fee charged for transfer of insurance.”,Insurance_Sector
“I have lost the insurance policy. Can I get a duplicate one?”,"“Yes, please approach the same office, which had issued the policy, with a written request. A nominal fee is charged for issuing a duplicate policy copy.”",Insurance_Sector
“What are the documents that are required to be submitted for a Motor Insurance claim?”,"“Generally, the following documents are required to be submitted. However, all the details are mentioned in the policy itself.

Normally, duly filled in claim form, Copy of RC, Copy of driving licence, Original estimate of loss, Original repair invoice and payment receipt are required to be submitted. In serious or major losses, a copy of FIR is also required.   In case a cashless facility is availed, only a repair invoice would need to be submitted. In case of theft, original keys of the vehicle and non traceable certificate are also required to be submitted.”",Insurance_Sector
“Why should I buy travel insurance?”,"“To obtain a visa for some countries, overseas travel insurance is compulsory. Even where it is not, it is prudent to obtain a travel insurance policy when you are travelling on business or holiday or for education, research etc as medical treatment costs in many countries are much higher than what they are in India.

Travel Insurance protects you and/or family against travel related accidents, unexpected medical expenditure during travel, losses such as baggage loss, loss of passport etc and interruption or delays in flights or delayed arrival of baggage etc.”",Insurance_Sector
“Can I extend the period of my travel insurance?”,"“You must check with your insurer regarding this as it would depend on the type of policy. Read your policy document and understand what it provides. Most policies, especially overseas travel insurance policies have a provision for one or even two extensions.”",Insurance_Sector
“Do I need prior approval of the insurance company before proceeding with medical treatment in case of contingency abroad?”,"“Normally, prior approval is required in most of the cases though there could be exceptions depending on the emergency involved. Get this aspect clarified at the time of purchasing the policy. Every insurer maintains a list of TPAs for travel within the country and list of claim settling agents for other countries for guidance and settlement of claims of travellers.”",Insurance_Sector
“Can I get a refund under my policy if I cut short my travel?”,"“In case your travel doesn’t take off and you show proof of the same, policies would normally provide for premium refund subject to deductions towards administrative costs. Where travel is cut short, policies may or may not allow refund subject to certain conditions. You must read your document and understand whether there is such a provision and if so, how it operates.”",Insurance_Sector
“Is my visa status relevant to obtain overseas travel insurance?”,"“In most cases it would be. Normally, such policies are meant for travellers who visit other countries on business or holiday or education or such other purposes and not for residing permanently abroad.”",Insurance_Sector
“I have taken personal accident policy. I travel to different countries very often for business and at times for leisure. What if I meet with an accident outside India?”,"“You can be rest assured, accident policies offer worldwide coverage. Your claim will be  paid even if you meet with an accident overseas.”",Insurance_Sector
“I already have a health and life insurance cover. Why should I buy Personal Accident Insurance?”,"“Life insurance offers a death benefit to your nominee in case you pass away. Health insurance provides compensation and/or reimbursement of hospitalisation and other medical expenses.

A Personal Accident Insurance policy, on the other hand, insures against the financial risk that could arise due to accidental permanent total disability or accidental death of an insured person. In short, the policy is essential as it strengthens your financial portfolio securing the future of dependent family members against unforeseen events.”",Insurance_Sector
“I am a homemaker who spends the majority time at home. Do I also need personal accident insurance?”,"“Accidents can happen to anyone. Motor accidents, rail accidents, natural calamities, the list is endless. These can sound scary. But, getting complacent is not the solution, being financially prepared is. Opting for a Personal Accident Insurance helps you to meet expenses in case a crisis arises.”",Insurance_Sector
“What is crop insurance?”,“It is a means of protecting the agriculturist against financial losses due to uncertainties that may arise from crop failures or other unforeseen perils.”,Insurance_Sector
“What is the objective of Pradhan Mantri Fasal Bima Yojana?”,"“One important objective of PMFBY is to support sustainable production in the agriculture sector by providing financial support to farmers suffering from crop loss or damage due to unforeseen events. In addition to this, it also aims to stabilize the income of farmers so that they continue farming while encouraging them to adopt innovative agricultural practices. It also aims to ensure a flow of credit to the agriculture sector in order to ensure food security and enhance the growth of the same.
For more information, visit https://pmfby.gov.in/.”",Insurance_Sector
“What is weather based crop insurance?”,"“It aims to mitigate hardship of insured farmers against anticipated crop loss resulting from adverse conditions of weather like rainfall, temperature, frost etc.”",Insurance_Sector
“What are some of the companies from whom I can get crop insurance?”,"“
Agriculture Insurance Company
Reliance General Insurance Co.
Bajaj Allianz
Tata AIG General Insurance Co. Ltd.
Others you can find on https://pmfby.gov.in/faq.”",Insurance_Sector
“What risks are covered under crop insurance?”,"“
Yield losses due to non-preventable risks like natural fire, storm, flood etc.
Prevented sowing (for notified area)- majority farmers of that notified area having intent to sow prevented- maximum 25% of the indemnity claims of the sum insured
Post Harvest losses- up to maximum period of 14 days for crops kept in ‘cut and spread’ condition to dry in the field after harvesting against specific perils of cyclonic or unseasonal rains
Localised calamities”",Insurance_Sector
“What risks will get excluded under my crop insurance?”,"“The Portal provides both static and dynamic information relating to agricultural marketing in India. The static information is about infrastructure-related (Storage, warehousing, Cold Storage, grading, and packing facilities), Market-related (market fee/ charges, weighment, handling, market functionaries, development programs, market laws, composition of market Committees, income and expenditure, etc), and Promotion-related information (Standards, Grades, Labelling, Sanitary and Phyto-Sanitary).”",Insurance_Sector
“How do I file a grievance as a beneficiary under PM Jan Arogya Yojana (PMJAY)?”,"“For grievances related to PM Jan Arogya Yojana (PMJAY), you can submit your complaint through National Health Portal’s Grievance redressal. To check whether you are a registered beneficiary, refer document: https://cgrms.nha.gov.in/images/706814e0a7417dd373c3.pdf. There are a number of ways to contact the system. Either through the 
1) web portal - https://cgramsbeta.nha.gov.in/
 2) toll-free numbers or 
3) Nearest Grievance Redressal authorized hospital. 
All of this information can be accessed here - https://cgramsbeta.nha.gov.in/.
Important Toll-Free Contact Numbers:
PM-JAY – 14555
EHCP – 14413
Convergence – 14588
ABDM – 14477
All State-wise call centers’ numbers are linked here: https://cgramsbeta.nha.gov.in/images/82a2439c6eee9bed7057.pdf “",Insurance_Sector
“What is telecommunications? How is telecommunications regulated in India?”,"“The study and practice of conveying information via electronic methods is referred to as telecommunication. It is the most popular form of communication, particularly when using a phone or the Internet. It is supervised by the Telecom Regulations Authority of India (“TRAI”). The TRAI, which was founded on February 20, 1997, oversees the telecom sector. It was created to keep India's tariff rates consistent. The Telecom Regulations Authority of India Act, 1997, is the law that governs this industry. In order to protect consumers from fraud, the TRAI has implemented a number of measures. Mycall, Myspeed, and do not disturb (DND 2.0) were developed to encourage transparency and give consumers access to information about the real payments made by users to the operators. As of 2019, there are a total of 1183 million telephone connections in India. The sector is expected to grow further in future.”",Telecommunications_Sector
“What are the available grounds for consumers to file complaints with regard to telecommunications in India?”,"“The Consumer Protection Act, 2019 provides remedies to consumers for deficiency of service. There can be various grounds for complaints for deficiency of services in the telecom sector, but the most common ones include:
(i) Poor connection services such as slow internet, patchy network coverage, and defective connection.
(ii) Poor redressal services such as substandard customer service.
(iii) Poor billing services such as excessive or incorrect billing.
(iv) Unsolicited commercial calls
(v) Customer service problems such as delayed response time.
(vi) Inconsistent signal strength, no coverage in advertised zones, call dropping
(vii) Misrepresented plans or packages, misleading advertisements”",Telecommunications_Sector
“Where should the grievance redressal or complaint be filed?”,"“The consumer can register his complaint through various available mechanisms. These are provided below in a step-by-step manner.-
https://dot.gov.in/public-grievances
(i) Reaching out to the service provider:
The main responsibility to address the concern of consumers relating to poor connection, redressal, and connection services rests with the service providers based on the licensing terms and conditions.
The TRAI came up with a two-tier grievance redressal mechanism that shall be set up by all the Telecom Service Providers. This two-tier mechanism is constituted in the following manner-
a. A Complaint Centre with a toll-free “Consumer Care Number” which will be responsible to address all the complaints received by them. The procedure for dealing with these complaints is that a unique docket number is given to every complaint, which is stored for a period of three years. This docket number, alongside the date and time of registration, and the time limit for resolution of complaints shall be communicated to the consumer through SMS. The time limit for resolving service disruption difficulties is within a period of 3 days, and all other queries within a maximum of 7 days.
In case the consumer is not satisfied with the complaint redressal at the Call Centre level, they can reach out to the Nodal Officer of the Service Provider. The problems relating to disruption of service shall be redressed within 3 days, and all other cases shall be dealt with within 10 days.
b. An Appellate Authority constituted of one or more persons to deal with grievances, that could be reached if a consumer is not satisfied with the redressal of his complaint, or his complaint remains unaddressed or no intimation of redressal of the complaint is received within the specified period. This body is called the Telecom Dispute Settlement and Appellate Authority (TDSAT). The time limit for filing an appeal in TDSAT is within three months from the disposal of complaints by the Nodal Officer. However, it remains at the discretion of the appellate authority to admit complaints beyond that period.
The tribunal also directs parties to go for mediation, which ensures cost and time saving for the parties involved. In any case, if the dispute is not resolved through mediation, the consumer can reapproach the tribunal through an advocate. The proceedings in the TDSAT are the same as in a court.
Moreover, the time limit for disposal of the appeal is within three months from the date of filing of the appeal.
Furthermore, the TRAI has also set provisions for rent rebates to consumers in cases of delay in the resolution of complaints. This is as follows-
a) For more than 3 days and up to 7 days- rent rebate for 7 days
b) For more than 7 days and up to 15 days- rent rebate for 15 days
c) For more than 15 days- rent rebate for one month
(ii) Approaching any other appropriate judicial or quasi-judicial body:
The complainant is free to take the service provider to a court or any other suitable venue (judicial or quasi-judicial). The proceedings in consumer commissions are not mired by the niceties of procedure, allowing the complainant to file a complaint for himself. As a consumer, the aggrieved party can take the service provider to the appropriate consumer commission, based on the pecuniary and territorial jurisdiction. The jurisdictions of the various consumer commissions are as follows-
a) District Commission: The aggrieved consumer can reach out to the District Commission under section 34 of the CPA, 2019. As per the Consumer Protection (Jurisdiction of the District Commission, the State Commission and the National Commission) Rules, 2021, the District Commission shall have jurisdiction to entertain complaints where the value of the goods or services paid as consideration does not exceed fifty lakh rupees.
b) State Commission:  As per the Consumer Protection (Jurisdiction of the District Commission, the State Commission and the National Commission) Rules, 2021, the State Commission shall have jurisdiction to entertain complaints where the value of the goods or services paid as consideration exceeds fifty lakh but does not exceed two crore rupees. An appeal against the order of the District Commission can also be made under section 41 of the CPA, 2019 to the State Commission.
c) National Commission: As per the Consumer Protection (Jurisdiction of the District Commission, the State Commission and the National Commission) Rules, 2021, the National Commission shall have jurisdiction to entertain complaints where the value of the goods or services paid as consideration, exceeds two crore rupees. The NCDRC also has appellate jurisdiction against the orders of any State Commission and Central Consumer Protection Authority.
Moreover, it must also be kept in mind that section 100 of the CPA, 2019 provides that the remedy under CPA is in addition and not in derogation of other available remedies.
https://consumerhelpline.gov.in/”",Telecommunications_Sector
“Is there a national body for handling this consumer area? What body handles this area for India?”,"“The Telecom Regulatory Authority of India Act, 1997 establishes the Telecom Regulatory Authority of India (“TRAI”), which is the regulatory body for the telecom sector in India. Apart from the regulatory functions, the TRAI is also authorized to adjudicate upon issues relating to matters between the consumers and the service providers. Apart from the regulatory functions, TRAI is also authorized to adjudicate upon disputes among Service Providers or between Service Providers and a group of Consumers on matters relating to technical compatibility and interconnection between Service Providers, revenue sharing arrangements between Service Providers, quality of telecommunication services, and interests of consumers. Telecom Disputes Settlement and Appellate Tribunal was established in 2000 to provide a more comprehensive dispute settlement mechanism in the telecommunication sector. TDSAT was created to adjudicate disputes and handle appeals to protect both service providers' and consumers' interests while ensuring orderly growth of the telecom sector.
An advisory team of the strength of two members shall be constituted in each of the service areas by the service provider. This will comprise one member from the consumer organization registered with TRAI and another member from the service provider.
The following link can be accessed to read more on the TRAI:
https://www.trai.gov.in/about-us/history”",Telecommunications_Sector
“What are the legislations about telecom in India?”,"“
The Telecom Regulatory Authority of India Act, 1997 - https://www.indiacode.nic.in/bitstream/123456789/1929/1/AA1997__24tele.pdf
Other relevant regulations: https://trai.gov.in/release-publication/regulations/amendments-page/93572
The Indian Telegraph Act, 1885 https://www.indiacode.nic.in/bitstream/123456789/13115/1/indiantelegraphact_1885.pdf
Information Technology Act, 2000 - https://www.indiacode.nic.in/bitstream/123456789/13116/1/it_act_2000_updated.pdf
The Telecommunications Act, 2023 - https://www.indiacode.nic.in/bitstream/123456789/20101/1/A2023-44.pdf
Department of Telecommunications Public Grievance -   https://dot.gov.in/public-grievances-0.
Telecom Regulatory Authority of India Complaint - https://trai.gov.in/faqcategory/complaint.
Telecom Consumer Complaints Monitoring System - https://tccms.trai.gov.in/. ”",Telecommunications_Sector
“What are the landmark judgments on telecom law in India?”,"“1. Vodafone Idea Cellular Ltd. v. Ajay Kumar Agarwal [CA/923 of 2017/2022]
This case addressed whether a telecom consumer dispute could be heard by consumer forums despite the existence of an arbitration remedy under the Indian Telegraph Act, 1885. The case arose when a Vodafone customer filed a complaint about an allegedly excessive bill of Rs 24,609.51. The Supreme Court ruled that consumer forums have jurisdiction to hear telecom disputes even though Section 7B of the Telegraph Act provides for arbitration. The Court held that the Consumer Protection Act is a special law designed to protect consumers, and its remedies are additional to other available remedies. The Court overruled its earlier decision in M Krishnan (2009) and clarified that consumers can choose either arbitration or consumer forums for resolving telecom disputes, with no compulsion to opt for arbitration.
It was held that the additional remedy under the CPA is not excluded by the telegraph contracts which mandatorily have arbitration clauses.

2. Idea Cellular Ltd. v. Angad Kumar
In this case, Idea Cellular Ltd. launched a promotional scheme called ""Tyoharaon Ki Saugat"" where Angad Kumar received a message stating he had won an Alto Car. When Idea failed to deliver the car, Kumar filed a consumer complaint. Idea claimed they had sent a second message the same day asking recipients to ignore the first message due to a manual error, and also argued that the phone wasn't registered in Kumar's name. While lower courts ordered Idea to provide the car or its value, the National Consumer Disputes Redressal Commission modified the order, directing Idea to pay Rs. 1 lakh as compensation instead of the car, along with Rs. 5,000 in litigation costs, noting that the company's negligence had caused Kumar undue harassment and mental trauma.
In this case, it was held that the negligence on part of the service provider resulting in deficiency of service makes it liable.”

Dr. Uttamkumar Samanta v. Vodafone East Limited & Ors.
In the case of Dr. Uttamkumar Samanta v. Vodafone East Limited & 4 Ors., the complainant purchased a post-paid internet service plan from the respondent. The respondent provided a Data Sim card and a device for Rs. 5,500/- but allegedly failed to inform the complainant that all transactions were final, and no refund would be made. After the payment, the complainant received a printed receipt, and the internet service was activated. However, the service was suddenly disconnected on 10.05.2013 without any intimation.
The complainant sought compensation of Rs. 99,95,500/- for the alleged deficiencies in service. The respondents contended that the connection was not activated due to the complainant's non-residence at the given address.
The State Commission observed deficiencies in service and unfair trade practices by the respondents but dismissed the complaint, considering the claimed amount disproportionate. The State Commission directed the complainant to pay Rs. 10,000/- to the State Consumer Welfare Fund within 30 days; otherwise, it would carry an interest of 9% p.a. The complainant appealed to the National Commission.
The National Commission found the complainant's claim disproportionately high and unreasonable. It observed that the complainant seemed to be misusing statutory processes to gain wrongful benefits and create nuisance value against the respondents. The appeal was dismissed as frivolous and vexatious, with a cost of Rs. 500/-.

General Manager, Telecom v. M. Krishnan and Another
In the case of General Manager, Telecom v. M. Krishnan and Another, a Special Appeal was filed with the Supreme Court. The dispute revolved around the non-payment of a telephone bill, leading to the disconnection of the telephone connection provided to the first respondent. Dissatisfied with the disconnection, the first respondent filed a complaint before the District Consumer Disputes Redressal Forum, Kozhikode. The Consumer Forum ruled in favor of the first respondent, directing the appellant (General Manager, Telecom) to re-connect the telephone and pay compensation.
The appellant challenged the jurisdiction of the consumer forum by filing a writ petition before the Kerala High Court, but it was dismissed. The Writ Appeal was also dismissed by a Full Bench of the Kerala High Court. The Supreme Court, in its decision, held that when a special remedy is provided under Section 7-B of the Indian Telegraph Act, 1885, specifically addressing disputes related to telephone bills, the remedy under the Consumer Protection Act, 1986 is impliedly barred.
The Supreme Court pointed out that Rule 413 of the Telegraph Rules subjects all services related to the telephone to Telegraph Rules, and a telephone connection can be disconnected for default of payment under Rule 443 of the Rules. The court emphasized that the special law, the Telegraph Act, would prevail over the general law, the Consumer Protection Act. It referred to a previous decision stating that the National Commission lacks jurisdiction to adjudicate claims for compensation arising from motor vehicle accidents.
As a result, the Supreme Court allowed the appeal, setting aside the order and judgment of the High Court.",Telecommunications_Sector
“What is Broadband?”,“Broadband refers to a connection that has the capacity to transmit large amounts of data at high speed.”,Telecommunications_Sector
“What is always-on service? Will there be call charges?”,"“Always-on means that the ADSL broadband sets up a permanent connection to the internet, allowing access as soon as the computer and modem are switched on.”",Telecommunications_Sector
"“Even though broadband is not used frequently, still huge bills are received. What could be the reason?”",“Additional download of data beyond the permissible limit in the tariff package would attract additional charges.”,Telecommunications_Sector
“What is rental rebate?”,"“Rebate in rental is provided to subscribers when services are interrupted over a prolonged period due to departmental reasons.
7-14 days interruption: Proportionate rental rebate.
15-30 days interruption: 30 days rental rebate.
More than one month interruption: Pro-rata rental rebate.
For more information on Broadband, visit TRAI FAQ on Broadband.”",Telecommunications_Sector
“What are Telecommunication services?”,"“Telecom Services includes fixed line services, mobile connection and internet connection (wired and wireless both).”",Telecommunications_Sector
“Who regulates the Telecom Sector?”,"“Telecom Regulatory Authority of India (TRAI) is committed to protect the interest of the consumers as mandated in the TRAI Act, 1997 .”",Telecommunications_Sector
“What is mobile Services and what all does it include?”,“Mobile Services is a wireless communications network through radio wave or satellite transmissions used with an electronic telecommunications device.”,Telecommunications_Sector
“What is the difference between prepaid and postpaid connection?”,“Prepaid is basically a payment method for mobile services which you pay in advance before using it whereas in post-paid you pay your bill after using the services.”,Telecommunications_Sector
“Is it mandatory for operators to convey to post-paid subscribers all compulsory fixed charges?”,"“Yes, all monthly fixed charges, which are compulsory under a given tariff plan are to be shown under one head, for clarity and comparison of different tariff plans on offer.”",Telecommunications_Sector
“Can a service provider levy a charge for provision of hard copy of the bill?”,“No. TRAI has prohibited levy of charges for provision of hard copy of the bill to the post-paid subscribers.”,Telecommunications_Sector
“Can a prepaid subscriber migrate to postpaid and vice-versa?”,"“Yes, migration from pre-paid to post-paid and vice-versa is allowed without any migration charge and without having to change the mobile number.”",Telecommunications_Sector
“Can a prepaid subscriber avail any of services even after his talk time is exhausted?”,"“Services which do not affect talk time value, including incoming voice calls and SMS shall continue to be available to the prepaid subscribers during validity period even after talk time value has exhausted.”",Telecommunications_Sector
“A prepaid subscriber feels that he is being overcharged. Can he get itemized usage details in respect of his mobile connection?”,"“Yes, if a prepaid subscriber makes a request for itemized usage details The service provider may charge a reasonable cost not exceeding Rupees Fifty for providing such details.”",Telecommunications_Sector
“Can the unused amount in recharge coupons be carried forward?”,"“Yes, any unused balance in the prepaid account shall be carried forward and credited if the subscriber recharges within the period specified for the purpose.”",Telecommunications_Sector
“Will keeping the modem on make any difference in the download limits?”,"“Yes it can make some difference. When the PC and Modem are kept on, there is a trickling of packets from the Internet into the system, even though the PC is not connected to the Internet.”",Telecommunications_Sector
“Can the wireless Internet connection be misused?”,"“Yes, there is a possibility of the wireless Internet connection getting misused, particularly if the Internet access is provided through Wi-Fi. To avoid that one should use proper authentication methods by using secure password and username.”",Telecommunications_Sector
“Is incoming SMS free while roaming?”,“Yes”,Telecommunications_Sector
"“What is meant by ""lifetime"" in respect of tariff schemes offering lifetime validity?”",“It means that tariff plans which are offered as having lifetime validity would continue to be available to the subscriber during the current license and renewed license of the service provider.”,Telecommunications_Sector
“Is there a minimum validity period prescribed for tariff plans?”,"“A tariff plan, once offered by a service provider, shall be available to a subscriber for a minimum period of Six months from the date of enrolment of the subscriber to that tariff plan.”",Telecommunications_Sector
“Whether any charges have to be paid for migration from one plan to another?”,“No charges are payable by the subscriber for migration from one tariff plan to another tariff plan.”,Telecommunications_Sector
“Are incoming calls free while roaming?”,“No. Incoming calls are free only when the subscriber is within his home network.”,Telecommunications_Sector
“Whether any fixed charge / rental can be levied by the service provider for providing national roaming services?”,“No fixed charge / rental in any form is permitted for accessing national roaming services.”,Telecommunications_Sector
“What is the time limit for redressal of complaints at the Call Centre of the service provider?”,“The Call Centre has to redress the complaints as per the provisions in the Quality of Service Regulation where no parameters are prescribed; complaints relating to faults/disruption of service have to be rectified within 3 days and all other complaints with 7 days.”,Telecommunications_Sector
“What is mobile number portability ?”,“Mobile Number Portability (MNP) is a facility which allows you to move to another service provider while retaining your existing operator's mobile number”,Telecommunications_Sector
“Can I switch over from CDMA service to GSM and vice versa ?”,"“Yes .You can flexibly switch over from CDMA to GSM and vice versa. But you have to change the handset, because the technologies are different.”",Telecommunications_Sector
"“I am a customer of a service provider in Delhi, Can I switch over to another service provider in Chennai ?”","“Mobile Number Portability (MNP) is available at national level . The new service provider will charge a fee (Port in Fee) for MNP. Telecom Regulatory Authority of India (TRAI) has fixed a fee for this service . Is there any applying criteria for availing MNP facility . Yes, as per the following terms. If you are a post -paid customer there should not be any dues with your existing service provider. For prepaid customers the credit balance will not be carried forward. You can switch over to a new service provider only after 90 days stay with the existing service provider. You have to wait a minimum 90 days for second number porting. This is to prevent the misuse of this facility and prevent frequent switching.

You can withdraw the application within 24 hrs of submission. However the Port fee will not be refunded. After the application submission, it will take a maximum of four days. In J&K and North eastern states it is within 12 days.

There will be a down time of approximately 2 hrs while porting the number. During this period you may not be able to use the number. Both incoming and outgoing services will be interrupted. The porting will be carried out between midnight and morning 5 O'clock, so that the two hours outage may not affect the subscriber considerably.”",Telecommunications_Sector
“How does one Change the Service provider through Mobile Number Portability ?”,"“The following procedures to be carried out for opting a new mobile service provider under MNP, Send an SMS (Port your mobile number) to 1900. Then you will get a reply SMS with a Unique Porting Code (UPC). Submit an application to the service provider where you want to shift with this UPC in a prescribed format (Remember the UPC will be valid only for a few days). Your application will be processed by the new service provider and you will get an application receipt confirmation and the details of porting date. Once the porting is complete, a confirmation message will be received. For more information please visit Frequently Asked Questions | Telecom Regulatory Authority of India”",Telecommunications_Sector
“What is Retail home and furniture?”,"“Rising per capita income of the middle class and increased desire among homeowners for a well-set-up house and stylish interior, are boosting the Indian home furniture market. Presently, the Indian online home furniture segment accounts for more than 60% of sales and is growing significantly owing to the channelized process of production, distribution, and selling and increasing demand for household furniture. Also, one of the primary factors that are driving the growth of the sector is the work-from-home culture adopted by major companies leading to an increase in the demand for multifunctional furniture.
. The industry is expected to witness tremendous growth in the next five years owing to the adoption of e-commerce. Furniture companies would also focus on a robust supply chain and supportive logistic infrastructure to cater to increasing demand. Moreover, Apps and portals will be focussing on AR & VR tech to help the customers visualize and select the best pieces of furniture, which will further fuel demand in the future.”",Retail_Sector_-_Home_and_Furniture
“What are the grounds available for complaint?”,"“There are numerous grounds for complaint in the retail home and furniture sector including defective furniture, substandard quality of home decor, etc
Faulty/defective furniture or home decor
Receipt of home furniture or decor of wrong specifications, colour etc
Misleading discounts or promotion offers
Lack of stock of a particular retail furniture item
Deficiency of customer care service in retail home and furniture outlets
Problems with online purchase and delivery of home and furniture items
Incorrect or missing information regarding the technical specifications of the product”",Retail_Sector_-_Home_and_Furniture
“What are the modes available for grievance redressal?”,"“Home and Furniture Retailer's Customer Service Departments:
Consumers are encouraged to initially engage with the retailer's customer service departments to resolve grievances directly. These departments often handle complaints related to product quality, pricing, or service-related issues. Consumers should provide all relevant information about the purchase to expedite the resolution process.

Consumer Disputes Redressal Commission (CDRC):
Established under the Consumer Protection Act of 1986, the CDRC operates at the District, State, and National levels. Consumers can file complaints related to unfair trade practices, defective goods or services, overcharging, hazardous products, and misleading advertising. The CDRC serves as a quasi-judicial body, allowing consumers to seek redressal for their grievances without the complexities of traditional legal procedures. The complainant has the option to take the service provider to a court or another suitable venue based on jurisdiction.

The Commissions are as follows-
a) District Commission: The aggrieved consumer can reach out to the District Commission under section 34 of the CPA, 2019, which provides that the district commission shall entertain matters where the value of the goods or services paid as consideration does not exceed more than one crore rupees.
https://ncdrc.nic.in/districtlist.html

b) State Commission: In cases where the value of the goods or services paid as consideration is more than one crore, but less than 10 crore rupees, the consumer can approach the State Commission. Moreover, in cases of unfair contracts, the State Commission has original jurisdiction and the consumer can be directly approached. An appeal against the order of the District Commission can also be made under section 47 of the CPA, 2019.
https://ncdrc.nic.in/statelist.html

c) National Commission: The National Commission can entertain matters where the value of goods or services paid as consideration exceeds 10 crore rupees. Section 58 also provides that complaints against unfair contracts can be entertained by NCDRC when the amount of value paid exceeds 10 crores. The NCDRC also has appellate jurisdiction against the orders of any State Commission and Central Authority.
https://ncdrc.nic.in/

Online Consumer Complaint Platforms:
The Department of Consumer Affairs has set up a National Consumer Helpline (NCH) for handling the complaints of the consumers. A consumer can lodge his complaint in the NCH through the toll free number 1800-11-4000 / 14404, sms, or online through the portal. “INGRAM” (www.consumerhelpline.gov.in). The complaints received at the NCH are forwarded to the companies/regulators/ Government Departments concerned for resolution. For quicker resolution of consumer complaints, NCH has partnered with more than 500 companies under its convergence programme. The complaints relating to the convergence companies are transferred to them online for resolution. In the event of a complaint not being resolved by a company, the consumer is advised to approach a Consumer Forum of appropriate jurisdiction established under the Consumer Protection Act, 2019.
https://consumerhelpline.gov.in/

Consumer Education Programs:
Initiatives aimed at educating consumers about their rights and responsibilities can empower them to make informed decisions. Awareness programs conducted by consumer protection organizations and NGOs play a vital role in enhancing consumer knowledge about filing complaints and seeking redressal.

Alternative Dispute Resolution (ADR) Services:
ADR mechanisms, such as mediation and arbitration, provide an alternative to traditional legal avenues. Consumers and retailers can voluntarily engage in ADR processes to resolve disputes with the assistance of neutral third parties.

”",Retail_Sector_-_Home_and_Furniture
“What are the Regulatory Bodies in the Retail Home and Furniture Sector?”,"“Ministry of Consumer Affairs, Food and Public Distribution:
This ministry oversees consumer-related issues, including those related to the retail home and furniture sector. It formulates policies and regulations to protect consumers' interests and ensure fair trade practices.
https://consumeraffairs.nic.in/

National and State Consumer Disputes Redressal Commissions:
The Consumer Disputes Redressal Commissions handle consumer complaints and disputes. Consumers can approach these commissions if they face issues related to the quality of home or furniture itmes or unfair trade practices.
https://ncdrc.nic.in/
https://ncdrc.nic.in/statelist.html

Competition Commission of India (CCI):
CCI is responsible for promoting fair competition in the market. It investigates anti-competitive practices and takes measures to ensure a level playing field for businesses, including those in the retail home and furniture sector.
https://www.cci.gov.in/

Department of Industrial Policy and Promotion (DIPP):
DIPP, under the Ministry of Commerce and Industry, formulates and implements policies related to industrial development and foreign direct investment (FDI).
Policies related to FDI in retail are crucial for shaping the landscape of the organized retail sector.
https://dpiit.gov.in/

Legal Metrology Department:
This department, under the Ministry of Consumer Affairs, ensures compliance with legal metrology laws, including standards of weights and measures. It plays a role in regulating packaging and labeling in the retail home and furniture sector.
https://consumeraffairs.nic.in/organisation-and-units/division/legal-metrology/overview

National Anti-Profiteering Authority (NAA):
NAA ensures that businesses pass on the benefits of reduced taxes under the Goods and Services Tax (GST) to consumers. This authority can impact pricing and fairness in the retail home and furniture sector.
https://www.naa.gov.in/index.php
Bureau of Indian Standards (BIS)
The BIS is India’s national standard-setting body under the Ministry of Consumer Affairs. It develops and enforces standards for quality, safety, and performance of products, including those in the home and furniture category. For instance, there are specific BIS standards for wooden chairs, tables, and household fittings. These standards ensure that furniture products meet minimum durability and safety requirements, protecting consumers from inferior or hazardous goods.
https://www.bis.gov.in/”",Retail_Sector_-_Home_and_Furniture
"“What are the Acts, Rules, and Guidelines that govern the Retail home and furniture sector?”","“Consumer Protection Act, 2019
Consumer Protection (E-commerce) Rules, 2020
Competition Act, 2002
Legal Metrology Act, 2009
Legal Metrology (Packaged Commodities) Rules, 2011
Goods and Services Tax (GST) Act, 2017
Foreign Exchange Management Act (FEMA)
”",Retail_Sector_-_Home_and_Furniture
“What are the landmark judgements in the retail home and furniture sector?”,"“Ajara Design Lounge Pvt. Ltd. v Ramesh Chandra Kapoor [First Appeal No. 536/2023, NCDRC]
The Complainant had filed a complaint against a home furnishing and interior design company alleging deficiency of service due to the company purchasing furniture and other fixtures from China without the consent of the Complainant, misrepresentation  with regards to the procurement of the furniture from unknown local third party vendors, and unfair demands of payment by the Opposite Party in contravention to the agreed upon payment terms. The District Commission had allowed the Complaint and granted compensation to the Complainant on the grounds that the Opposite Party had failed to provide any invoice/bills of purchase of the furniture to the Complainant as well as having made the purchases without the consent of the Complainant.

On appeal filed by the Opposite Party, the Commission reiterated the purpose of the enactment of the Consumer Protection Act - i.e., to protect the interests of the consumers and noted that the CDRCs have been conferred similar powers under Section 13 (4) of the CPA as that of a Civil Court under the Civil Procedure Code. The court also noted that CDRCs possess the jurisdiction to decide issues of ‘unfair trade practice’, defined under Section 2(r) of the CPA, which has a similar definition to “fraud” - defined under Section 17 of the Contracts Act. The Commission thus reiterated the position that complicated questions of fact involving ‘fraud’ can be decided by Consumer Dispute Redressal Commissions. Therefore, the Commission reaffirmed the order of the District Commission granting compensation to the Complainant for deficiency of service and hardship endured.

Seema Chandra v. Magnum Interiors Pvt Ltd [CC No. 1209/2015. NCDRC]
The Complainant had filed a complaint against an interior decorating company alleging deficiency of service for delay in completing the furnishing and interior decoration of her apartment. While dismissing the complaint, the court noted that the Opposite Party’s defence that the Complainant had delayed payment for the raw material, furniture, etc as per the time schedule fixed under the contract between them held merit. The Commission noted that the Complainant had failed to adduce any evidence of such payment to the Opposite Party nor produce any evidence to prove the Opposite Party’s liability and since the burden of proof was on the Complainant to prove deficiency of service, failure to prove this burden resulted in dismissal of the complaint of deficiency of service.

Shiva Real Estate (Comfort Homes) vs Nitin Kumar [Revision Petition No. 995/2017, NCDRC]
The Complainant filed a complaint before the District Commission alleging deficiency of service on the part of the builder for poor quality of construction of the Complainant's newly purchased apartment. The Complainant alleged that the apartment had numerous defects including cracks in the walls, lack of lifts, lack of electricity connection, lack of modular kitchen, lack of clean water, lack of fire safety equipment, lack of texture painting of walls, construction of an additional 6th floor despite obtaining approval for only 5 floors, lack of street lights and power backup equipment, entry of sewage into the premises causing illness, lack of car parking, improper laying of floor tiles in the rear courtyard, peeling off of the paint from the walls due to seepage of water into the walls, lack of proper maintenance dispute payment of fee, and the fact that the covered area of the flat was lesser than promised by the Opposite Party.
The District Commission had allowed the Complaint after considering the evidence submitted by the Complainant such as the sale deed, photographs of defects, etc and granted compensation to the Complainant for deficiency of service and mental agony caused by the various defects in the purchased apartment. After the State Commission had dismissed the appeal filed by the Opposite Parties, a revision petition was filed before the National Commission. The National Commission dismissed the revision petition on the grounds that the order of the State Commission did not warrant any interference or suffer from any infirmity or erroneous exercise of jurisdiction or material irregularity.

A. Rajender vs. The Interior Park Furniture Mall [C.C.No. 249 /2019, DCDRC, Hyderabad.]
In the case of A. Rajender vs. The Interior Park Furniture Mall decided on 25 January 2021, the complainant alleged that the furniture mall delivered a sofa set that did not match the agreed specifications and was also incomplete in installation, with a piece missing. Despite raising the issue, the seller failed to rectify the problem or provide a replacement. The District Consumer Disputes Redressal Commission found this to be a clear case of deficiency in service and unfair trade practice, ruling in favor of Mr. Rajender. The Commission ordered the furniture mall to replace the defective sofa set with the correct model, and also awarded ₹10,000 as compensation for mental anguish and ₹5,000 towards legal costs.
”",Retail_Sector_-_Home_and_Furniture
“What are the Important Links and Resources for the Retail Home and Furniture Sector?”,"“https://consumeraffairs.nic.in/
https://consumerhelpline.gov.in/public/knowledgebase
https://e-jagriti.gov.in/",Retail_Sector_-_Home_and_Furniture
“What is Food Safety?”,"“The food safety sector in India encompasses regulations and standards to ensure the availability of safe, nutritious, and uncontaminated food for consumers. The aim is to protect public health by preventing the sale of adulterated, unsafe, or misbranded food. Food safety is a scientific field that outlines how to prepare, handle, and store food in order to avoid getting sick or contracting diseases from it. This includes a number of routines that should be followed to avoid potentially severe health hazards. Every consumer has a right to information about the safety and quality of the food they eat. The Food Safety and Standards Authority of India (FSSAI) is an independent organization created by the Indian government's Ministry of Health and Family Welfare. It was founded in accordance with India's Food Safety and Standards Act of 2006, which deals with food safety and regulation. The FSSAI is in charge of regulating and monitoring food safety in order to safeguard and advance public health.”",Food_Safety
“What is food?”,"“ ‘Food’ means any substance, whether processed, partially processed or unprocessed, which is intended for human consumption and includes some primary food, genetically modified or engineered food or food containing such ingredients, infant food, packaged drinking water, alcoholic drink, chewing gum, and any substance, including water used into the food during its manufacture, preparation or treatment but does not include any animal feed, live animals unless they are prepared or processed for placing on the market for human consumption, plants, prior to harvesting, drugs and medicinal products, cosmetics, narcotic or psychotropic substances.”",Food_Safety
“What is food adulteration?”,"“Food adulteration is the process in which the quality of food is lowered either by the addition of inferior quality material or by extraction of valuable ingredients. It not only includes the intentional addition or substitution of the substances but biological and chemical contamination during the period of growth, storage, processing, transport and distribution of the food products, is also responsible for the lowering or degradation of the quality of food products.”",Food_Safety
“What are adulterants?”,"“Adulterants are those substances which are used for making the food products unsafe for human consumption and affects the retail public. As per the FSSA, 2006, “adulterant” means any material which is or could be employed for making the food unsafe or substandard or mis-branded or containing extraneous matter.”",Food_Safety
“Which agency is responsible for investigating food borne illness and foreign object complaints?”,"“Food Safety and Standards Authority of India (FSSAI) and State Food Safety Authorities will investigate such complaints. Each state in India has its own State Food Safety Authority or State Food Safety Department that operates under the guidance of the Food Safety and Standards Authority of India (FSSAI). These state authorities are responsible for enforcing food safety regulations at the local level, managing inspections, and addressing consumer complaints related to food safety within their jurisdiction.”",Food_Safety
“Which agencies regulate food business in India?”,“Food Safety and Standards Authority of India and State Food Authorities regulate the food business in India.”,Food_Safety
“What are some illustrative issues that can form the basis of complaints in this sector?”,"“Some examples are:
Presence of non-permitted substances, such as artificial dyes, preservatives, or chemicals.
Use of inferior ingredients or substitutes
Microbial contamination
Physical contamination
Chemical contamination
Incorrect or misleading labels, such as inaccurate ingredient lists or nutrition information.
Failure to disclose allergens.
False claims about being ""organic,"" ""sugar-free,"" or ""natural"" without certification.
Sale of food past its expiration date.
Spoiled perishable items due to inadequate storage.
Poor hygiene in food preparation areas.
Food handlers not following hygiene practices (e.g., not wearing gloves).
Misleading health claims without scientific evidence.
Deceptive advertising on processed foods.
Use of unsafe or non-food-grade packaging materials.
Packaging defects, such as leaks or improper seals.
Lack of or incorrect allergen labelling, causing allergic reactions”",Food_Safety
“What are the modes or methods of complaint available?”,"“Complaint Redressal Mechanism:
(i) With the Shopkeeper, Manufacturer, or Food Aggregator:
The first step that a consumer shall undertake is to reach out to the food aggregators or shopkeepers for resolution of their complaints. Upon receiving an unsatisfactory response or no response at all, the consumer shall undertake other resources such as reaching out to the FSSAI or using other quasi-judicial forums available.
(ii) With the Food Safety and Standards Authority of India (FSSAI): There are various ways of approaching the FSSAI (regulatory body) for registration of food safety related consumer complaints. The following link provides the toll-free number and other contact details for registering complaints:
https://fssai.gov.in/cms/helpdesk.php
The current online Food License and Registration System (“FLRS”) includes a facility for FSSAI to address food safety concerns called ""Food Safety Connect."" This online forum enables customers to voice their concerns and provide input about food safety issues such as tainted, dangerous, or subpar food, food labelling flaws, and false or deceptive claims and ads for various food products. When a food concern is successfully registered, the consumer receives a special concern number by SMS at the cellphone number supplied at the time of registration. This reference number may be used in the future to follow the customer's issue in the online system.
The following is the link for Food Safety Connect Portal:
https://foscos.fssai.gov.in/consumergrievance/
Moreover, the following link contains the contact details of the grievance redressal mechanism at the state levels:
https://fssai.gov.in/cms/helpdesk.php
Furthermore, the FSSAI also has signed up to the Centralised Public Grievance Redress and Monitoring System (CPGRAMS), which is an online platform available to consumers 24*7 to lodge their grievances to the public authorities on any subject. The following link could be used to register a complaint through the CPGRAMS portal:
https://pgportal.gov.in/
(iii) Approaching any other appropriate judicial or quasi-judicial body:
The complainant is free to take the service provider to a court or any other suitable venue (judicial or quasi-judicial). The proceedings in consumer commissions are not mired by the niceties of procedure, allowing the complainant to file a complaint for himself. As a consumer, the aggrieved party can take the service provider to the appropriate consumer commission, based on the pecuniary and territorial jurisdiction. The jurisdictions of the various consumer commissions are as follows-
a) District Commission: The aggrieved consumer can reach out to the District Commission under section 34 of the CPA, 2019, which provides that the district commission shall entertain matters where the value of the goods or services paid as consideration does not exceed more than fifty lakh rupees.
b) State Commission: In cases where the value of the goods or services paid as consideration is more than fifty lakh, but less than 2 crores, the consumer can approach the State Commission. Moreover, in cases of unfair contracts, the State Commission has original jurisdiction and the consumer can be directly approached. An appeal against the order of the District Commission can also be made under section 47 of the CPA, 2019.
c) National Commission: The National Commission can entertain matters where the value of goods or services paid as consideration exceeds 2 crores. Section 58 also provides that complaints against unfair contracts can be entertained by NCDRC when the amount of value paid exceeds 10 crores. The NCDRC also has appellate jurisdiction against the orders of any State Commission and Central Authority.
Moreover, it must also be kept in mind that section 100 of the CPA, 2019 provides that the remedy under CPA is in addition and not in derogation of other available remedies.
Another remedy available to consumers is mediation. Chapter 5 of the Consumer Protection Act provides for establishing mediation cells and resolving consumer complaints using mediation.
The following link could be used to file complaints online:
https://consumerhelpline.gov.in/”",Food_Safety
“Where can  I complain about food bought from a shop or restaurant or report a potential food safety incident?”,"“Complaint Redressal Mechanism:
(i) With the Shopkeeper or restaurant The first step that a consumer shall undertake is to reach out to the food aggregators or shopkeepers for resolution of their complaints. Upon receiving an unsatisfactory response or no response at all, the consumer shall undertake other resources such as reaching out to the FSSAI or using other quasi-judicial forums available.
(ii) With the Food Safety and Standards Authority of India (FSSAI): There are various ways of approaching the FSSAI (regulatory body) for registration of food safety related consumer complaints. The following link provides the toll-free number and other contact details for registering complaints:
https://fssai.gov.in/cms/helpdesk.php
The current online Food License and Registration System (“FLRS”) includes a facility for FSSAI to address food safety concerns called ""Food Safety Connect."" This online forum enables customers to voice their concerns and provide input about food safety issues such as tainted, dangerous, or subpar food, food labelling flaws, and false or deceptive claims and ads for various food products. When a food concern is successfully registered, the consumer receives a special concern number by SMS at the cellphone number supplied at the time of registration. This reference number may be used in the future to follow the customer's issue in the online system.
The following is the link for Food Safety Connect Portal:
https://foscos.fssai.gov.in/consumergrievance/
Moreover, the following link contains the contact details of the grievance redressal mechanism at the state levels:
https://fssai.gov.in/cms/helpdesk.php
Furthermore, the FSSAI also has signed up to the Centralised Public Grievance Redress and Monitoring System (CPGRAMS), which is an online platform available to consumers 24*7 to lodge their grievances to the public authorities on any subject. The following link could be used to register a complaint through the CPGRAMS portal:
https://pgportal.gov.in/
(iii) Approaching any other appropriate judicial or quasi-judicial body:
The complainant is free to take the service provider to a court or any other suitable venue (judicial or quasi-judicial). The proceedings in consumer commissions are not mired by the niceties of procedure, allowing the complainant to file a complaint for himself. As a consumer, the aggrieved party can take the service provider to the appropriate consumer commission, based on the pecuniary and territorial jurisdiction. The jurisdictions of the various consumer commissions are as follows-
a) District Commission: The aggrieved consumer can reach out to the District Commission under section 34 of the CPA, 2019, which provides that the district commission shall entertain matters where the value of the goods or services paid as consideration does not exceed more than fifty lakh rupees.
b) State Commission: In cases where the value of the goods or services paid as consideration is more than fifty lakh, but less than 2 crores, the consumer can approach the State Commission. Moreover, in cases of unfair contracts, the State Commission has original jurisdiction and the consumer can be directly approached. An appeal against the order of the District Commission can also be made under section 47 of the CPA, 2019.
c) National Commission: The National Commission can entertain matters where the value of goods or services paid as consideration exceeds 2 crores. Section 58 also provides that complaints against unfair contracts can be entertained by NCDRC when the amount of value paid exceeds 10 crores. The NCDRC also has appellate jurisdiction against the orders of any State Commission and Central Authority.
Moreover, it must also be kept in mind that section 100 of the CPA, 2019 provides that the remedy under CPA is in addition and not in derogation of other available remedies.
Another remedy available to consumers is mediation. Chapter 5 of the Consumer Protection Act provides for establishing mediation cells and resolving consumer complaints using mediation.
The following link could be used to file complaints online:
https://consumerhelpline.gov.in/”",Food_Safety
“What are the regulatory bodies in this sector?”,"“The regulatory agency in charge of this industry is the Food Safety and Standards Authority of India (FSSAI). It is an independent organisation created by the Indian government's Ministry of Health and Family Affairs. By regulating and monitoring food safety, FSSAI is in charge of preserving and advancing public health. The FSSAI was established to establish science-based standards for food products and to control their production, storage, distribution, sale, and import to guarantee the availability of healthy, safe food for human consumption.”",Food_Safety
"“What are the rules, Acts, and Guidelines that govern this sector?”","“
Food Safety and Standards Act, 2006
Food Safety and Standards (Licensing and Registration of Food Businesses) Regulations, 2011
Food Safety and Standards (Food Products Standards and Food Additives) Regulations, 2011
Food Safety and Standards (Packaging and Labeling) Regulations, 2011
Food Safety and Standards (Contaminants, Toxins, and Residues) Regulations, 2011
Food Safety and Standards (Import) Regulations, 2017
Consumer Protection Act, 2019
Food Safety and Standards (Recall Procedure) Regulations, 2017
Food Safety and Standards (Health Supplements, Nutraceuticals, Food for Special Dietary Use, Food for Special Medical Purposes, and Novel Foods) Regulations, 2016

Below are the links for a few pertinent regulations:
1. The Food Safety and Standards Act, 2006
https://www.indiacode.nic.in/bitstream/123456789/7800/1/200634_food_safety_and_standards_act%2C_2006.pdf
Food Safety and Standards Rules, 2011
https://fssai.gov.in/upload/uploadfiles/files/FSS_Gazete_Rules_2011%20comendium.pdf
Food Safety and Standards (Contaminants, Toxins and Residues) Regulations, 2011
https://www.fssai.gov.in/upload/uploadfiles/files/Compendium_Contaminants_Regulations_20_08_2020.pdf
Other relevant laws and regulations relating to food safety can be accessed using the following link:
https://www.fssai.gov.in/cms/food-safety-and-standards-regulations.php”",Food_Safety
“What are the landmark judgements in this sector?”,"“
1. Swami Achyutanand Tirth and Ors. v. Union of India (UOI) and Ors.
In the present case, the Court laid down various guidelines for the government including, the proper implementation of Food Safety and Standards Act, 2006, identifying high risk areas where the chances of adulteration are more, maintaining adequate lab testing infrastructure, and others.
2. Hindustan Coca-Cola Beverages Pvt. Ltd. v. Purushottam Gaur
In this case, the consumer found insects in his Fanta bottle. The NCDRC held that since the company did not provide any assistance to the laboratory or did not make any attempt to address the questions on origin of the bottle, the case stood proved against the company, and it is held liable.”",Food_Safety
What are the important links and resources?,"“
FSSAI Consumer Rights: https://foscos.fssai.gov.in/consumergrievance/know-your-rights
FSSAI Grievance Redressal  https://fssai.gov.in/cms/grievance.php
FSSAI Tips for Safe Food: https://foscos.fssai.gov.in/consumergrievance/tips-for-safe-food”",Food_Safety
“How do consumers benefit through FSSA?”,"“There are no microbiological guidelines for food in India, however the Microbiological standards exist in the FSSAI regulations for foods in India.”",Food_Safety
"“Who is the regulatory authority of Foods like Energy drinks, Nutraceuticals, Food Supplements, Functional foods etc.?”","“A Food Safety Management System (FSMS) is a network of interrelated elements that combine to ensure that food does not cause adverse human  health effects. These elements include programs, plans, policies, procedures,  practices,processes, goals, objectives, methods, controls, roles,  responsibilities, relationships,documents, records, and resources.
The purpose is to ensure the manufacture, storage, distribution and sale of safe food
For more information please visit  https://foodlicensing.fssai.gov.in/cmsweb/”",Food_Safety
“What is retail grocery?”,"“The retail grocery sector in India exhibits a dual structure, with a predominantly unorganized market comprising local Kirana stores alongside a growing organized sector, notably seen in urban areas. Contributing significantly to the country's GDP, the retail market in India has been one of the fastest-growing globally. The food and grocery segment constitutes the largest share at 63 percent, reflecting its essential role in consumer spending. Major players like Reliance Retail and DMart have expanded their presence, offering a mix of traditional and modern shopping experiences. Government initiatives such as GST and efforts to encourage FDI have influenced the sector, while challenges like supply chain inefficiencies persist. Technology integration is evident with the rise of online grocery platforms, catering to changing consumer preferences. Overall, the Indian retail grocery sector faces a dynamic landscape with both traditional and modern retail formats coexisting and evolving to meet the demands of a diverse consumer base.”",Retail_GROCERY_SECTOR
“What are the grounds for complaint?”,"“In the retail grocery sector of India, consumers may have various grounds for lodging complaints. These can include issues related to product quality, service, pricing, and overall customer experience. Here are some common grounds for complaint in the retail grocery sector:

Product Quality and Freshness:
Complaints about the quality of perishable goods, such as fruits, vegetables, meat, and dairy products.
Concerns about expired or nearly expired products on the shelves.
Issues with the freshness and condition of packaged foods.

Pricing and Billing:
Discrepancies in pricing, including overcharging or undercharging.
Complaints related to incorrect billing and discrepancies between the shelf price and the checkout price.

Customer Service:
Poor customer service, including rude or unhelpful staff.
Delays and inefficiencies in addressing customer queries or concerns.

Hygiene and Cleanliness:
Complaints about the cleanliness and hygiene of the store premises.
Concerns about the maintenance of food storage and display areas.

Stock Availability:
Issues with out-of-stock items, leading to inconvenience for customers.
Complaints about inaccuracies in inventory management.
Promotions and Discounts:
Problems related to the application of discounts or promotions.
Misleading advertising or marketing campaigns.

Inadequate Facilities:
Complaints about the lack of proper facilities, such as clean restrooms, shopping carts, or baskets.
Accessibility issues for differently-abled individuals.

Online Shopping Experience:
Complaints related to online grocery shopping, including late deliveries or damaged products during transit.
Technical glitches or difficulties in using online platforms.

Environmental Concerns:
Complaints about excessive use of plastic packaging or lack of eco-friendly practices.
Inadequate waste disposal mechanisms within the store.

Product Information:
Lack of clear and accurate information on product labels, including nutritional details and ingredients.
Misrepresentation or false advertising of products.

Misleading Product Placement:
Complaints about strategically placing products to encourage impulse buying or misleading customers about discounts and offers.

Inadequate Labelling for Allergens:
Concerns about insufficient or unclear labelling of allergens in food products, posing a risk to customers with allergies.

Inadequate Expiry Date Visibility:
Concerns about expiry dates being unclear or difficult to read on product packaging, leading to potential oversights by consumers.”",Retail_GROCERY_SECTOR
“What are the relevant legal Acts and Guidelines?”,"“
The Food Safety and Standards Act, 2006
The Legal Metrology Act, 2009
The Central Goods and Services Tax Act, 2017
Plastic Waste Management Rules, 2016
Agriculture Produce Marketing (Regulation) Act, 1997
Consumer Protection Act, 2019
Bureau of Indian Standards (BIS) Act, 2016
Goods and Services Tax (GST) Act
E-Commerce Guidelines
Prevention of Food Adulteration Act (1954)
Packaged Commodities Rules.
The Essential Commodities Act, 1955.
Prevention of Black Marketing and Maintenance of Supply of Essential Commodities Act, 1980.
Consumer Protection (E-commerce) Rules, 2020.
Model Shops and Establishments (Regulation of Employment and Conditions of Service) Act, 2016.”",Retail_GROCERY_SECTOR
“What is the complaint redressal system?”,"“Retailer's Customer Service Departments:
Consumers are encouraged to initially engage with the retailer's customer service departments to resolve grievances directly. These departments often handle complaints related to product quality, pricing, or service-related issues. Consumers should provide all relevant information about the purchase to expedite the resolution process.

Consumer Protection Agencies:
If the issue persists after engaging with the retailer, consumers can file a complaint with local consumer protection agencies or consumer affairs departments. These agencies typically have specific procedures for filing complaints and can offer guidance on consumer rights. They act as intermediaries to address disputes between consumers and retailers.

Consumer Disputes Redressal Commission (CDRC):
Established under the Consumer Protection Act of 1986, the CDRC operates at the District, State, and National levels. Consumers can file complaints related to unfair trade practices, defective goods or services, overcharging, hazardous products, and misleading advertising. The CDRC serves as a quasi-judicial body, allowing consumers to seek redressal for their grievances without the complexities of traditional legal procedures. The complainant has the option to take the service provider to a court or another suitable venue based on jurisdiction.

Remedies Available-
a) District Commission: The aggrieved consumer can reach out to the District Commission under section 34 of the CPA, 2019, which provides that the district commission shall entertain matters where the value of the goods or services paid as consideration does not exceed more than fifty lakh rupees.

https://ncdrc.nic.in/districtlist.html

b) State Commission: In cases where the value of the goods or services paid as consideration is more than fifty lakh, but less than 2 crores, the consumer can approach the State Commission. Moreover, in cases of unfair contracts, the State Commission has original jurisdiction and the consumer can be directly approached. An appeal against the order of the District Commission can also be made under section 47 of the CPA, 2019.

https://ncdrc.nic.in/statelist.html


c) National Commission: The National Commission can entertain matters where the value of goods or services paid as consideration exceeds 2 crores. Section 58 also provides that complaints against unfair contracts can be entertained by NCDRC when the amount of value paid exceeds 10 crores. The NCDRC also has appellate jurisdiction against the orders of any State Commission and Central Authority.

https://ncdrc.nic.in/”",Retail_GROCERY_SECTOR
“What are the regulatory bodies?”,"“In the retail grocery sector of India, several regulatory bodies oversee and regulate various aspects of the industry to ensure fair practices, consumer protection, and overall market stability. Some of the key regulatory bodies include:

Food Safety and Standards Authority of India (FSSAI):
FSSAI is the primary regulatory body responsible for ensuring the safety and quality of food products in India. It sets standards for food products and regulates their manufacturing, storage, distribution, sale, and import to ensure consumer safety.
https://www.fssai.gov.in/

Ministry of Consumer Affairs, Food and Public Distribution:
This ministry oversees consumer-related issues, including those related to the retail grocery sector. It formulates policies and regulations to protect consumers' interests and ensure fair trade practices.
https://consumeraffairs.nic.in/


State Consumer Disputes Redressal Commissions:
At the state level, Consumer Disputes Redressal Commissions handle consumer complaints and disputes. Consumers can approach these commissions if they face issues related to the quality of grocery products or unfair trade practices.
https://ncdrc.nic.in/
https://ncdrc.nic.in/statelist.html

Ministry of Food Processing Industries:
This ministry focuses on policies related to the processing and packaging of food products. It plays a role in shaping regulations that impact the food industry, including the retail grocery sector.
https://www.mofpi.gov.in/


Legal Metrology Department:
This department, under the Ministry of Consumer Affairs, ensures compliance with legal metrology laws, including standards of weights and measures. It plays a role in regulating packaging and labeling in the retail grocery sector.
https://www.emapan.karnataka.gov.in/”",Retail_GROCERY_SECTOR
“What is the e-commerce sector?”,"“Online shopping preferences have altered as a result of e-commerce expansion and developing trends. Through cost reductions, competition, and improved manufacturing process organisation, e-commerce boosts productivity and expands the range of options. The OECD updated its 1999 recommendations for consumer protection in 2016 in light of the technology advancements, internet penetration, widespread smartphone use, and social media penetration that drove the e-commerce boom. In its notes-2017, the United Nations Conference on Trade and Development (UNCTAD) acknowledges comparable issues with consumer protection in e-commerce.

An e-commerce entity means any person who owns, operates or manages a digital or electronic facility or platform for electronic commerce, but does not include a seller offering his goods or services for sale on a marketplace e-commerce entity. Consumer protection is a pressing concern in global e-commerce. With the growth of e-commerce, the demand for increased consumer protection is becoming more acute. Technology has brought about a significant transformation in India's marketplace and consumer culture.
”",E-Commerce_Sector
“What law applies for e-commerce?”,"“The Consumer Protection (E-Commerce) Rules, 2020, apply to:
All goods and services bought or sold over digital or electronic network including digital products.
All models of e-commerce, including marketplace and inventory models of e-commerce.
All e-commerce retail.
All forms of unfair trade practices across all models of e-commerce.
These rules shall not apply to any activity of a natural person carried out in a personal capacity not being part of any professional or commercial activity undertaken on a regular or systemic basis.

The rules do not apply to natural persons acting in a personal capacity, provided their activities are not undertaken on a regular or systematic basis for professional or commercial purposes. This means occasional, one-off sellers are exempt, while individuals engaging in systematic online sales, even via social media, may be deemed e-commerce entities and attract compliance.
”",E-Commerce_Sector
“What is the scope and applicability of the Rules notified on e - commerce?”,"“These rules shall apply to:
(a) All goods and services bought or sold over digital or electronic network including digital products;
(b) All models of e-commerce, including marketplace and inventory models of e-commerce;
(c) All e-commerce retail, including multi-channel single brand retailers and single brand retailers in single or multiple formats; and
(d) All forms of unfair trade practices across all models of e-commerce: Provided that these rules shall not apply to any activity of a natural person carried out in a personal capacity not being part of any professional or commercial activity undertaken on a regular or systematic basis.
(e) e-commerce entity which is not established in India, but systematically offers goods or services to consumers in India.
(f) Apply to all e-commerce transactions involving goods or services
”",E-Commerce_Sector
“What are the grounds for complaint available for e-commerce?”,"“For instance,
Product delivered is damaged/ defective
Product has been delivered later than the time mentioned without any justifiable reason.
Product does not match with the description on website
If the seller refuses to entertain any such grievances and retains refund
Manipulation of prices of the goods
If information to the consumer/buyer about return, refund, exchange, warranty and guarantee of the product, when they will deliver the product, how they will take payment of such product, by which security method they will take the payment, what will be the redressal mechanism in the case of default, and moreover country of origin of that product of product or goods is not provided.
Any form of restrictive or unfair trade practice.
Product Liability- if a consumer buys any goods and if he suffers any damage due to product itself.
any kind of misrepresentation or misleading advertisement
”",E-Commerce_Sector
“What are the modes or methods of complaint available?”,"“
CHIEF GRIEVANCE OFFICER
As per the Consumer Protection (E-commerce) Rules, 2020 there must be an appointment of a Resident Grievance Officer must be appointed for redressing of the grievances of the consumers on the e-commerce platform. If a consumer has made any complaint regarding the product or service then these platforms have to address such complaint within 48 hours and have to redress such complaint within one month from the receipt date of the complaint. And such e-commerce entities have to appoint a grievance officer for the purpose of consumer grievance redressal.
As per Rule 4(4)–(6), Consumer Protection (E-Commerce) Rules, 2020:
Every e-commerce platform must appoint a Grievance Officer whose name, contact details, and designation must be clearly displayed on the website or app.
The officer must acknowledge complaints within 48 hours and resolve them within one month from the date of receipt.
The Grievance Officer handles direct consumer complaints, including issues related to refunds, defective goods, delivery delays, misleading product listings, or unfair trade practices.


Approaching the National Consumer Helpline
https://consumerhelpline.gov.in/#:~:text=%232990100%20%2D%20Excellent.,and%20resolving%20at%20the%20earliest.
For Grievances Related to Cyber Financial Fraud Only- 1930 or visit www.cybercrime.gov.in
For Grievance Related to Bureau of Indian Standards (BIS) www.bis.gov.in .

Approaching any other appropriate judicial or quasi-judicial body:
The complainant is free to take the service provider to a court or any other suitable venue (judicial or quasi-judicial). The proceedings in consumer commissions are not mired by the niceties of procedure, allowing the complainant to file a complaint for himself. As a consumer, the aggrieved party can take the service provider to the appropriate consumer commission, based on the pecuniary and territorial jurisdiction. The jurisdictions of the various consumer commissions are as follows-
a) District Commission: The aggrieved consumer can reach out to the District Commission under section 34 of the CPA, 2019, which provides that the district commission shall entertain matters where the value of the goods or services paid as consideration does not exceed more than fifty lakh rupees.
b) State Commission: In cases where the value of the goods or services paid as consideration is more than fifty lakh, but less than 2 crores, the consumer can approach the State Commission. Moreover, in cases of unfair contracts, the State Commission has original jurisdiction and the consumer can be directly approached. An appeal against the order of the District Commission can also be made under section 47 of the CPA, 2019.
c) National Commission: The National Commission can entertain matters where the value of goods or services paid as consideration exceeds 2 crores. Section 58 also provides that complaints against unfair contracts can be entertained by NCDRC when the amount of value paid exceeds 10 crores. The NCDRC also has appellate jurisdiction against the orders of any State Commission and Central Authority.
Moreover, it must also be kept in mind that section 100 of the CPA, 2019 provides that the remedy under CPA is in addition and not in derogation of other available remedies.
”",E-Commerce_Sector
“What are the regulatory bodies in this sector?”,"“Different e-commerce entities are currently being regulated by different entities, resulting in a piecemeal approach and creating confusion among various stakeholders. There is no specialised authority to deal with e-commerce disputes.
Department for Promotion of Industry and Internal Trade- every e-commerce entity operating in India be required to register itself with it.
Competition Commission of India- the primary purpose of regulating competition in the market, plays a significant role in protecting the interests of consumers.
Ministry of Electronics and Information Technology
Ministry of Consumer Affairs, Food & Public Distribution
”",E-Commerce_Sector
"“What are the rules, Acts, and Guidelines that govern this sector?”","“
1. Consumer Protection Act, 2019
2. Consumer Protection (E-commerce) Rules, 2020- https://consumeraffairs.nic.in/en/theconsumerprotection/consumer-protection-e-commerce-amendment-rules-2021
5. Information Technology Act, 2000- https://eprocure.gov.in/cppp/rulesandprocs/kbadqkdlcswfjdelrquehwuxcfmijmuixngudufgbuubgubfugbububjxcgfvsbdihbgfGhdfgFHytyhRtMjk4NzY=
7. Payment and Settlement Systems Act 2007- https://rbidocs.rbi.org.in/rdocs/Publications/PDFs/86706.pdf
8. Companies Act, 2013- https://www.mca.gov.in/Ministry/pdf/CompaniesAct2013.pdf
9. Laws related to Goods and Services Tax
10. Guidelines for Prevention and Regulation of Dark Patterns, 2023- https://consumeraffairs.nic.in/sites/default/files/The%20Guidelines%20for%20Prevention%20and%20Regulation%20of%20Dark%20Patterns%2C%202023.pdf
11. Legal Metrology (Packaged Commodities) Rules, 2011- https://consumeraffairs.nic.in/sites/default/files/uploads/legal-metrology-acts-rules/8.pdf
12. Advertising Standards Council of India (ASCI) Guidelines for Online Advertisements- https://www.ascionline.in/wp-content/uploads/2025/04/Code-Book_Codes-2025.pdf
13. Bureau of Indian Standards (Conformity Assessment) Regulations, 2018- https://www.bis.gov.in/wp-content/uploads/2019/03/BIS_CA_12032019.pdf
14. Reserve Bank of India (Digital Lending) Directions, 2025- https://rbidocs.rbi.org.in/rdocs/notification/PDFs/36NT8C402BE7C2A349E0BFFF3C526668CD7A.PDF
”",E-Commerce_Sector
What are the landmark judgements in this sector?,"“
HDFC Bank Limited and Ors. v. Hemant Narayan Devande
NCDRC observed that the denial of the transaction on a phone call by the Complainant shows that the petitioner bank must have come to know that the transaction was disputed. The Petitioner should have stopped the payment. NCDRC held deficiency in service on the part of the bank.

Renaissance Hotel Holdings, Inc. v. B.Vihaya Sai & Anr.
Regarding territorial jurisdiction- The place of business and place of work has to be understood not by looking at the booking through e-mails but where the actual physical business of hospitality is being done.

Spicejet Limited v. Ranju Aery
The Supreme Court ruled that consumers opting for online purchase of products through websites can file a consumer complaint before any consumer court for deficiency in services. Held that e‑commerce consumers can sue sellers anywhere, not just where the seller is based.

Flipkart Internet Pvt. Limited and Ors. Vs. Arun Kumar and Ors.
The complaint arose when the complainant ordered a mobile handset but received an old Nokia handset instead. Despite raising the issue with the opposite parties, the complainant was not provided with a resolution and his account was blocked.

The opposite parties contended that they were merely an online platform facilitating transactions between buyers and third-party sellers and thus should not be held liable for the issues arising from the product sold by the third party. However, it was found that the product delivered was different from what was ordered, establishing a deficiency in service. The Commission affirmed that the online platform must ensure proper delivery of products sold through its service.

Amazon Seller Services Pvt. Ltd. Vs. Jaspreet Kaur and Ors.
The issue involved the delivery of an incorrect product ordered by the complainant for ₹380 from OP 1. Upon receiving the wrong product, the complainant requested a replacement, which the OP denied, citing that the item had not been returned within the stipulated exchange window. While the OP did offer a full refund, the complainant insisted on a replacement instead.

The Commission held that given that the product was purchased through Amazon’s marketplace and the service “Fulfilled by Amazon” (FBA) was used, the court held that Amazon had a more active role in the transaction than just being a facilitator. Under the FBA program, Amazon stores, packs, and ships the products, thus assuming significant responsibility in the sale process. Moreover, the commission concluded that Amazon acted as an agent or representative of the seller (OP 2), and therefore could not absolve itself from liability for the incorrect product delivery. Amazon bore a responsibility to ensure that the product delivered to the complainant was the correct one, especially considering its involvement in the fulfilment process.

Yatin Sureshbhai Soni v. Union of India (2020): The Gujarat High Court addressed critical concerns regarding transparency and grievance redressal in the e-commerce sector. The petitioner, an advocate, filed a Public Interest Litigation seeking mandatory disclosure of essential product details like the country of origin, seller and importer information, and effective consumer grievance mechanisms on e-commerce platforms. The Court emphasized strict compliance with the Consumer Protection (E-Commerce) Rules, 2020—particularly the requirement for platforms to acknowledge complaints within 48 hours and resolve them within 30 days. It held that e-commerce entities, even when acting as intermediaries, could not evade responsibility if they played an active role in the sale or promotion of goods.

M/S Emaar MGF Ltd. v. Aftab Singh (2018): In this Supreme Court case, it was held that arbitration clauses in e‑commerce agreements do not bar consumer forum jurisdiction—consumers retain the right to pursue grievances through consumer courts regardless of such clauses.

Jatin Bansal v. Amazon Reseller Services Pvt. Ltd. (March 2024, NCDRC)
The commission held that Amazon’s “no return” clause on a mismatched item (a brand mismatch) is unfair and a deficiency of service under the Consumer Protection Rules, 2020. It affirmed that once the wrong item is delivered, Amazon is legally obligated to accept returns—even if its standard return policy doesn't explicitly cover it.

”",E-Commerce_Sector
“What are the important links and resources?”,"“More info on e-commerce- https://consumerhelpline.gov.in/faq-details.php?fid=E-Commerce
”",E-Commerce_Sector
“What is e-commerce?”,“The term ‘e-commerce’ means buying or selling of goods or services including digital products over digital or electronic network”,E-Commerce_Sector
“What is an e-commerce entity?”,"“An e-commerce entity” means any person who owns, operates or manages digital or electronic facility or platform for electronic commerce, but does not include a seller offering his goods or services for sale on a marketplace e-commerce entity;”",E-Commerce_Sector
“Who is an electronic service provider?”,"“An  ""electronic service provider"" means a person who provides technologies or processes to enable a product seller to engage in advertising or selling goods or services to a consumer and includes any online market place or online auction sites;”",E-Commerce_Sector
“How does market place platform model differ from inventory models?”,“In Inventory model the entity owns the goods while in Market place model they don't own the goods sold or displayed by sellers. In inventory models FDI is not permitted.”,E-Commerce_Sector
“Why an e-commerce rule has been found necessary when already IT act contains provisions to regulate them?”,“The Intermediary due diligence Rules under IT Act do not cover or regulate Unfair trade practices and protect consumer rights. In the new Consumer Protection Act a Central Consumer Protection Authority has been established to regulate Unfair Trade practices in online and offline business.”,E-Commerce_Sector
“How does it differ from proposed National framework policy on e-commerce?”,"“These Rules have been finalised after taking inputs from the Department for Promotion of Industry and Internal Trade, under the aegis of the commerce      ministry, so that they gel with the overall National e-commerce policy.         The National E-Commerce Policy being drafted by DIPIT lays down strategies to address issues pertinent to the sector. Consumer protection, data privacy and maintenance of a level-playing field are some of the crucial issues that will find place therein.”",E-Commerce_Sector
“What change has been made to definition of Goods?”,"“The 2019 Act includes the definition of ""food"" as defined under the Food and Standards Act, 2006 under the definition of “goods”. This has expanded the definition of ""goods"" under the 1986 Act.”",E-Commerce_Sector
“What are different payment methods available to consumers using e-commerce platforms?”,"“
Credit and Debit Cards
Major networks like Visa, Mastercard, American Express, and RuPay are widely accepted.
Often used for direct transactions and linked with features like EMI (Equated Monthly Installment) options.
2. Net Banking
Direct bank-to-bank transfers using online banking credentials.
Supported by almost all Indian banks and integrated with e-commerce payment gateways.
3. UPI (Unified Payments Interface)
A highly popular method in India, supported by apps like Google Pay, PhonePe, and Paytm.
Enables instant transfers using a Virtual Payment Address (VPA).
4. Wallets
Digital wallets like Paytm, MobiKwik, Amazon Pay, and others allow consumers to preload money or link their bank accounts for seamless transactions.
5. Cash on Delivery (COD)
A traditional but still prevalent option, particularly in regions where trust in online payments is low.
Allows payment in cash or card at the time of delivery.
6. Buy Now, Pay Later (BNPL)
Deferred payment options offered by companies like Simpl, LazyPay, or integrated BNPL features in platforms like Flipkart and Amazon.
Lets consumers pay after a specific period, often interest-free.
7. EMI (Equated Monthly Installments)
Available via credit cards or cardless EMI services like ZestMoney.
Helps consumers make high-value purchases by spreading payments over time.
8. Bank Transfers
Traditional NEFT, RTGS, and IMPS options for direct transfers to e-commerce entities.
10. Gift Cards and Vouchers
Prepaid instruments offered by platforms like Amazon and Flipkart, usable as payment for products or services.
11. International Payment Methods
For cross-border transactions, platforms may support PayPal, Skrill, or international credit cards.
12. Contactless Payments
NFC-enabled methods like Apple Pay and Samsung Pay for quick mobile payments, though adoption is still growing in India.
13. Cash on Delivery
Cash on Delivery (COD) is a payment method in e-commerce where the consumer pays for goods or services only upon receiving them. This method is particularly popular in regions where trust in online transactions or access to digital payment methods is limited.
The consumer can inspect the product before paying, ensuring trust in the transaction.
The payment can be made generally in cash, UPI, etc.
”",E-Commerce_Sector
“How are goods purchased on e-commerce generally shipped and delivered?”,"“
1. Order Fulfillment
Processing: Once an order is placed, it is confirmed and processed in the seller's or e-commerce platform's system.
Inventory Check: The product's availability is verified at the nearest warehouse or fulfillment center.
2. Packaging
The product is carefully packed to ensure safety during transit, often with eco-friendly or branded packaging.
3. Shipping
Third-party Logistics (3PL): Many platforms rely on logistics companies (e.g., IndiaPost, Blue Dart, DHL) to ship products.
In-house Logistics: Larger platforms like Amazon and Flipkart may have their own delivery networks (e.g. e-Kart logistics)
Shipping Modes:
Standard Delivery: Takes several days based on location.
Express/One-day Delivery: Premium service for faster delivery.
Cross-border Shipping: For international orders, requiring customs clearance.
4. Tracking
Consumers can track their orders via online platforms or mobile apps, which update the shipment status in real time.
5. Last-mile Delivery
Delivery Agents: Local delivery personnel handle the final leg of the journey, delivering the package to the consumer's address.
Contactless Delivery: Introduced during the COVID-19 pandemic, this option allows packages to be left at a designated spot without direct interaction.
Pickup Points: Some platforms offer delivery to lockers or specific pickup locations.
6. Proof of Delivery
Delivery may require:
A signature or OTP (One-Time Password) confirmation.
Photo evidence of the package at the destination (contactless).
7. Returns and Exchanges
If the product does not meet the consumer’s expectations, reverse logistics are initiated to pick up and return or replace the item.
”",E-Commerce_Sector
“Is MRP on products should be same online and offline?”,"“Yes. Always check MRP while buying products online and compare with offline prices. MRP is the maximum price, and online sellers can offer discounts. Law prohibits overcharging, not differential pricing within MRP.
”",E-Commerce_Sector
“Is it compulsory for e-commerce companies to have refund or return policy?”,"“It is preferable that all e-commerce companies should have refund or return policy but there is no such law which enforces it. However, if there is any deficiency, the consumer is protected under Consumer Protection Act and can seek redressal for the same.”",E-Commerce_Sector
“What precautions should be taken while doing online shopping?”,"“Whenever you shop online, read the fine print carefully. Make sure you are aware of shipping charges, delivery time, and cancellation and return policies, as well as the warranty clauses. Keep your financial information and passwords safe and always make payment through secured gateways like ""https and lock image"" in its url. If you are shopping on the website for the first, opt for cash on delivery payment option. Always check if the website has a landline phone and postal address.”",E-Commerce_Sector
“What are the Product Liability & Penal Consequences for e-commerce sector?”,"“The New Act has introduced the concept of product liability and brings within its scope, the product manufacturer, product service provider and product seller, for any claim for compensation. The term 'product seller' is defined to include a person who is involved in placing the product for a commercial purpose and as such would include e-commerce platforms as well. The defense that e-commerce platforms merely act as 'platforms' or 'aggregators' will not be accepted.”",E-Commerce_Sector
“What are the Duties of e-commerce entities?”,"“
An ecommerce entity shall:
a) Be  a company incorporated under the Companies Act, 1956 (1 of 1956) or the Companies Act, 2013 (18 of 2013) or a foreign company covered under clause (42) of section 2 of the Companies Act, 2013 (18 of 2013) or an office, branch or agency outside India owned or controlled by a person resident in India as provided in sub-clause (iii) of clause (v) of section 2 of the Foreign Exchange Management Act,1999 (42 of 1999); and
b) Appoint a nodal person of contact or an alternate senior designated functionary who is resident in India, to ensure compliance with the provisions of the Act or the rules made thereunder.
c) Provide the following information in a clear and accessible manner on its platform, displayed prominently to its users, namely:--
legal name of the e-commerce entity;
principal geographic address of its headquarters and all branches;
name and details of its website; and
contact details like e-mail address, fax, landline and mobile numbers of customer care as well as of grievance officer.

Every e-commerce entity shall establish an adequate grievance redressal mechanism having regard to the number of grievances ordinarily received by such entity from India, and shall appoint a grievance officer for consumer grievance redressal, and shall display the name, contact details, and designation of such officer on its platform.

Every e-commerce entity shall ensure that the grievance officer referred to in sub-rule (4) acknowledges the receipt of any consumer complaint within forty-eight hours and redresses the complaint within onement from the date of receipt of the complaint.

Where an e-commerce entity offers imported goods or services for sale, it shall mention the name and details of any importer from whom it has purchased such goods or services, or who may be a seller units platform.

Every e-commerce entity shall endeavor on a best effort basis to become a partner in the convergence process of the National Consumer Helpline of the Central Government.

3. No e-commerce entity shall—
adopt any unfair trade practice, whether in the course of business on its platform or otherwise.
Impose cancellation charges on consumers cancelling after confirming purchase unless similar charges are also borne by the e- commerce entity, if they cancel the purchase order unilaterally for any reason.
Record the consent of a consumer for the purchase of any good or service offered on its platform where such consent is expressed through an explicit and affirmative action, and no such entity shall record such consent automatically, including in the form of pre-ticked checkboxes.
manipulate the price of the goods or services offered on its platform in such a manner as to gain unreasonable profit by imposing on consumers any unjustified price having regard to the prevailing market conditions, the essential nature of the good or service, any extraordinary circumstances under which the good or service is offered, and any other relevant consideration in determining whether the price charged is justified;
Discriminate between consumers of the same class or make any arbitrary classification of consumers affecting their rights under the Act.
”",E-Commerce_Sector
“What are the  Liabilities of marketplace e-commerce entities?”,"“
(1) A marketplace e-commerce entity which seeks to avail the exemption from liability under sub-section (1) of section 79 of the Information Technology Act, 2000 (21 of 2000)shall comply with sub-sections (2) and (3) of that section, including the provisions of the Information Technology(Intermediary Guidelines) Rules, 2011.
(2) Every marketplace e-commerce entity shall require sellers through an undertaking to ensure that descriptions, images, and other content pertaining to goods or services on their platform is accurate and corresponds directly with the appearance, nature, quality, purpose and other general features of such good or service.
(3) Every marketplace e-commerce entity shall provide the following information in a clear and accessible manner, displayed prominently to its users:
(a) details about the sellers offering goods and services, including the name of their business, whether registered or not, their geographic address, customer care number, any rating or other aggregated feedback about such seller, and any other information necessary for enabling consumers to make informed decisions at the pre-purchase stage:
Provided that a marketplace e-commerce entity shall, on a request in writing made by a consumer after the purchase of any goods or services on its platform by such consumer, provide him with information regarding the seller from which such consumer has made such purchase, including the principal geographic address of its headquarters and all branches, name and details of its website, its email address and any other information necessary for communication with the seller for effective dispute resolution;
(b) a ticket number for each complaint lodged through which the consumer can track the status of the complaint;
(c) information relating to return, refund, exchange, warranty and guarantee, delivery and shipment, modes of payment, and grievance redressal mechanism, and any other similar information which may be required by consumers to make informed decisions;
(d) information on available payment methods, the security of those payment methods, any fees or charges payable by users, the procedure to cancel regular payments under those methods, charge-back options,
(e) all information provided to it by sellers under sub-rule (5) of rule 6; and
(f) an explanation of the main parameters which, individually or collectively, are most significant in determining the ranking of goods or sellers on its platform and the relative importance of those main parameters through an easily and publicly available description drafted in plain and intelligible language.
(g) Every marketplace e-commerce entity shall include in its terms and conditions generally governing its relationship with sellers on its platform, a description of any differentiated treatment which it gives or might give between goods or services or sellers of the same category.
(h) Every marketplace e-commerce entity shall take reasonable efforts to maintain a record of relevant information allowing for the identification of all sellers who have repeatedly offered goods or services that have previously been removed or access to which has previously been disabled under the Copyright Act, 1957 (14 of 1957), the Trade Marks Act, 1999 (47 of 1999) or the Information Technology Act, 2000 (21 of 2000):
”",E-Commerce_Sector
“What are the Duties of sellers on the marketplace?”,": “(1) No seller offering goods or services through a marketplace e-commerce entity shall
· Shall adopt any unfair trade practice whether in the course of the offer on the e-commerce entity's platform or otherwise
· falsely represent itself as a consumer and post reviews about goods or services or misrepresent the quality or the features of any goods or services.
· refuse to take back goods, or withdraw or discontinue services purchased or agreed to be purchased, or refuse to refund consideration, if paid, if such goods or services are defective, deficient or spurious, or if the goods or services are not of the characteristics or features as advertised or as agreed to, or if such goods or services are delivered late from the stated delivery schedule:

(2) Any seller offering goods or services through a marketplace e-commerce entity shall:
(a) have a prior written contract with the respective e-commerce entity in order to undertake or solicit such sale or offer;
(b) appoint a grievance officer for consumer grievance redressal and ensure that the grievance officer acknowledges the receipt of any consumer complaint within forty-eight hours and redresses the complaint within one month from the date of receipt of the complaint;
(c) Ensure that the advertisements for marketing of goods or services are consistent with the actual characteristics, access and usage conditions of such goods or services.
(d) Provide to the e-commerce entity its legal name, principal geographic address of its headquarters and all branches, the name and details of its website, its e-mail address, customer care contact details such as fax, landline, and mobile numbers and where applicable, its GSTIN and PAN details.

(3) Any seller offering goods or services through a marketplace e-commerce entity shall provide the following information to the e-commerce entity to be displayed on its platform or website:
(a) All contractual information required to be disclosed by law;
(b) total price in single figure of any good or service, along with the breakup price for the good or service, showing all the compulsory and voluntary charges such as delivery charges, postage and handling charges, conveyance charges and the applicable tax, as applicable;
(c) All mandatory notices and information provided by applicable laws, and the expiry date of the good being offered for sale, where applicable;
(d) All relevant details about the goods and services offered for sale by the seller including country of origin which are necessary for enabling the consumer to make an informed decision at the prepurchase stage;
(e) The name and contact numbers, and designation of the grievance officer for consumer grievance redressal or for reporting any other matter;
(f) Name and details of importer, and guarantees relate

”",E-Commerce_Sector
"“If I click ‘I agree’ to a website’s terms and conditions while shopping online, am I legally bound by those terms?”","“ Yes, when you click “I agree” to a website’s terms and conditions during an online purchase, you are generally entering into what is known as a clickwrap agreement—a type of contract that is legally recognized in India. Under Indian law, especially the Indian Contract Act, 1872, a contract becomes valid when there is mutual consent, a lawful object, and an intention to create legal obligations. The Information Technology Act, 2000 further supports the validity of electronic contracts by recognizing digital communication and click-based consent as legally enforceable. So, by clicking “I agree,” you are usually seen as having accepted the terms, even if you didn’t read them word for word.
That said, not all terms in these agreements are automatically enforceable. The law makes a distinction between valid consent and unfair or one-sided contract terms. Under the Consumer Protection Act, 2019, especially Section 2(46), any term that significantly disadvantages the consumer—like a no-refund clause for defective goods, excessive cancellation charges, or making returns nearly impossible—can be considered an unfair contract term. Indian courts and consumer commissions have struck down such terms when they’ve been found to be exploitative, misleading, or hidden in fine print.
Also, if the design of the website makes it hard for you to understand what you’re agreeing to—like using small fonts, complicated language, or interface tricks to hide important terms—those practices may also be legally challenged. The Guidelines for Prevention and Regulation of Dark Patterns (2023) now make it illegal for platforms to mislead consumers using manipulative designs or unclear consent flows.
So, while clicking “I agree” generally means you’ve accepted the contract, it does not mean that businesses can get away with unfair conditions. If the terms are unreasonable, not clearly explained, or against your basic rights as a consumer, you have legal grounds to raise a complaint or seek redressal through a consumer forum.
Related Case: M/S Emaar MGF Ltd. v. Aftab Singh (2018)
In this Supreme Court case, it was held that arbitration clauses in e‑commerce agreements do not bar consumer forum jurisdiction—consumers retain the right to pursue grievances through consumer courts regardless of such clauses.
”",E-Commerce_Sector
