,Question,Answer,File
0,“When was the Consumer Protection Act 2019 enacted? Is the Consumer Protection Act 1986 still valid?”,"“The Consumer Protection Act 2019 was notified on August 9, 2019. However, it came into effect on July 20, 2020. This Act replaced the Consumer Protection Act 1986 to address the contemporary issues faced by consumers and to streamline the consumer grievance redressal process in India. 

The Consumer Protection Act 1986 was the first significant legislation in India aimed at protecting consumer interests. It provided for the establishment of consumer councils and other authorities for the settlement of consumers' disputes and for matters connected therewith. It has now been repealed by the Consumer Protection Act 2019. Under Section 107(2) of the Consumer Protection Act 2019, all disputes arising out of the previous act shall now be governed by the new act.”

—",General
1,“What are the main features of the Consumer Protection Act 2019?”,"“The Consumer Protection Act 2019 retains several provisions from the older legislation but introduces numerous new measures to strengthen consumer rights and provide a comprehensive framework for consumer protection. Here are the main features of the Act:
Inclusion of E-commerce and Direct Selling Transactions: The Act now covers transactions conducted through e-commerce platforms and direct selling. This ensures that consumers engaging in online and direct sales are protected under the law.
Establishment of Central Consumer Protection Authority (CCPA): A key feature of the new Act is the establishment of the Central Consumer Protection Authority (CCPA). The CCPA has been empowered to regulate matters relating to the violation of consumer rights, unfair trade practices, and misleading advertisements. It can take suo-moto actions, recall products, and initiate class actions.
Strict Norms for Misleading Advertisements: The Act imposes strict regulations on misleading advertisements. It holds manufacturers, service providers, and endorsers accountable for false claims and deceptive marketing practices, thus protecting consumers from being misled.
Product Liability: The new Act introduces stringent norms for product liability, making manufacturers, sellers, and service providers responsible for any harm caused by defective products or deficient services. This ensures that consumers can seek compensation for any damage or injury.
Enhancement in Pecuniary Jurisdiction: The Act has increased the pecuniary jurisdiction of consumer courts. This means that the monetary limit for cases that can be handled by District Consumer Disputes Redressal Commission (DCDRC), State, and National Consumer Disputes Redressal Commission (NCDRC) has been raised, allowing more significant claims to be addressed at each level.
Greater Ease in Dispute Resolution: The Act aims to simplify and expedite the dispute resolution process. It promotes the resolution of consumer disputes through mediation, offering an alternative to the traditional court process. This makes it easier and faster for consumers to settle their grievances.
Addition of Unfair Trade Practice Clauses: The Act has expanded the definition of unfair trade practices to include unfair contracts. This ensures that any terms in a contract that are biased against the consumer or are excessively one-sided can be challenged and declared null and void.
E-filing of Complaints: Consumers can now file complaints electronically, making the process more accessible and convenient. This is particularly beneficial for those who may not be able to physically visit consumer courts.
Mediation as an Alternate Dispute Resolution: The introduction of mediation as an alternate dispute resolution mechanism provides a more amicable and less adversarial way of resolving consumer disputes. This helps in reducing the burden on consumer courts and provides quicker resolutions.”
—",General
2,“Who is a Consumer?”,"“Under the Consumer Protection Act 2019, a consumer is defined comprehensively to include individuals engaging in various types of transactions. Here's an expanded explanation:
Definition of a Consumer:
General Definition:
A person who buys any goods: This includes anyone who purchases goods for consideration (payment), whether the payment is made upfront, promised, partly paid, or deferred. The definition also extends to users who use the goods with the buyer's approval and beneficiaries of services.
Hires or avails any services: Similar to the purchase of goods, this includes individuals who hire or use services for consideration, whether the payment is made, promised, partly paid, or deferred.
Inclusion of Various Transaction Modes:
The Consumer Protection Act 2019 explicitly includes both offline and online transactions. This encompasses purchases made through electronic means such as websites and mobile apps, as well as teleshopping, direct selling, and multi-level marketing.
Personal Use Criterion:
To qualify as a consumer under the Act, the goods or services must be bought for personal use and not for commercial purposes like manufacturing or resale. This distinction ensures that the Act primarily protects individuals who are end-users of products and services, rather than businesses engaged in commercial activities.
Examples of a Consumer:
Individual Purchaser: Someone who buys a refrigerator for use in their home.
Service User: A person who subscribes to an internet service for personal use.
Online Shopper: An individual who purchases clothing from an e-commerce website.
Teleshopping Buyer: Someone who orders a fitness equipment via a teleshopping channel.
Direct Selling: A person who buys skincare products directly from a company representative.
Multi-Level Marketing: An individual purchasing wellness products through a multi-level marketing scheme for personal use.”
—",General
3,“Who is not a consumer?”,"“A consumer is defined as someone who buys goods or avails services for personal use and not for commercial purposes. However, certain categories of people are explicitly excluded from this definition. Here are the main exclusions:
A person who obtains goods free of charge: If an individual receives goods without any payment, they are not considered a consumer under the Act. This means they cannot seek remedies under consumer protection laws for issues related to those goods.
A person who avails services free of charge: If someone uses services without paying for them, they do not fall under the definition of a consumer. Consequently, they cannot file complaints or seek redressal for any grievances related to those services. However, if services are provided for free along with a product, you can argue that since you paid for the product, those services should be included in a product liability claim.
A person who avails services for any commercial purposes: Those who use services for commercial purposes, such as in their business operations, are also excluded from the definition of a consumer. The protection offered by the Act is intended for personal, not business, use.
A person who avails services under a contract of service: Individuals who receive services as part of a contract of service, such as employees receiving services from their employers, are not considered consumers. These situations are typically governed by employment laws rather than consumer protection laws.
Clarification on commercial purposes: It is important to note that the Act specifies an exception to the exclusion for commercial purposes. If a person buys and uses goods exclusively for the purpose of earning their livelihood through self-employment, they are still considered a consumer. This means that small business owners, artisans, or individuals using goods for personal business activities to sustain their livelihood are protected under the Act.”
—",General
4,“Are individuals who purchase goods and resell them classified as consumers?”,"“ Individuals or entities who purchase goods to resell them or use them for commercial purposes are not classified as consumers. Consumer specifically refers to end-users who purchase goods or services for personal consumption or use, not for commercial gain through resale or business operations.”

—",General
5,“What are goods?”,"“Goods refer to every kind of movable property. This definition encompasses all items that can be physically moved, regardless of their nature or purpose. Additionally, ""goods"" explicitly include ""food"" as defined in clause (j) of sub-section (1) of section 3 of the Food Safety and Standards Act, 2006. This means that all consumable items classified as food under this Act are also considered goods. However, immovable items such as property are not covered under goods”
_",General
6,"“What is deficiency under the Consumer Protection Act, 2019?”","“Deficiency"" under the Consumer Protection Act refers to any fault, imperfection, shortcoming, or inadequacy in the quality, nature, and manner of performance that a person is required to maintain by law or has undertaken to perform in relation to any service. This includes:
Negligence or Omission: Any act of negligence, omission, or commission by the service provider that causes loss or injury to the consumer.
Withholding Information: Deliberate withholding of relevant information by the service provider to the consumer.
Explanation: Whenever there is a deficiency in services, the customer is taken advantage of, leading to financial loss. Any form of negligence, omission, or wrongful act can result in harm to consumers.
Section 2(11) of the Consumer Protection Act, 2019: This section defines ""deficiency in service"" in a similar manner. It states that any fault, imperfection, shortcoming, or inadequacy in the quality, nature, and manner of performance that is required to be maintained by law or as per a contract is considered a deficiency. This includes any act of negligence, omission, commission, or deliberate withholding of relevant information by the service provider to the consumer.
Applicable Sectors: Deficiency of service can occur in any buyer-seller relationship and spans across various sectors including legal aid, banks, railways, construction, transportation, education, electricity, entertainment, restaurants, and hospitality.
In summary, a deficiency in service involves any failure to meet the required standards or contractual obligations, causing harm or loss to the consumer.”
—",General
7,“What is an unfair contract?”,"“An unfair contract refers to a contract between a manufacturer, trader, or service provider and a consumer that contains terms causing a significant change in the consumer's rights. These terms include:
a. Excessive Security Deposits: Requiring consumers to provide manifestly excessive security deposits for the performance of contractual obligations.
b. Disproportionate Penalties: Imposing penalties on consumers for breach of contract that are wholly disproportionate to the loss incurred by the other party.
c. Refusal of Early Repayment: Refusing to accept early repayment of debts even when the consumer is willing to pay the applicable penalty.
d. Unilateral Termination: Entitling one party to terminate the contract unilaterally without a reasonable cause.
e. Detrimental Assignment: Permitting one party to assign the contract to the detriment of the consumer without the consumer's consent.
f. Unreasonable Charges or Conditions: Imposing any unreasonable charge, obligation, or condition on the consumer that puts them at a disadvantage.
In summary, an unfair contract contains terms that significantly disadvantage the consumer, either through excessive demands, disproportionate penalties, or unbalanced rights and obligations.”
_",General
8,"“What are the unfair trade practices under the Consumer Protection Act, 2019?”","“The Consumer Protection Act, 2019, prohibits various unfair trade practices, including:
False or Misleading Advertisements: Advertising goods or services with false or misleading claims.
Selling Defective or Unfit Goods: Selling goods that are defective or unfit for their intended purpose.
Excessive Pricing: Charging excessively high prices for goods or services.
Refusal to Refund or Replace: Refusing to refund money or replace defective goods as per the terms of sale or service.
Coercion: Using coercion, undue influence, or pressure to compel consumers to purchase goods or services.
Unfair Contract Terms: Including unfair terms and conditions in contracts with consumers.
These practices are deemed unfair as they exploit consumers and violate their rights, as outlined in the Consumer Protection Act, 2019.”
—",General
9,“What is a misleading advertisement ?”,"“A misleading advertisement, concerning any product or service, is one that:
Falsely describes the product or service,
Provides false guarantees or is likely to mislead consumers regarding its nature, substance, quantity, or quality,
Conveys explicit or implicit representations that, if made by the manufacturer, seller, or service provider, would be considered unfair trade practices, or
Intentionally hides significant information.” 
—",General
10,“What is e-commerce?”,"“E-commerce, as defined under the Consumer Protection Act 2019, refers to the buying or selling of goods or services, including digital products, over a digital or electronic network. This includes transactions conducted through online platforms, websites, mobile apps, or other electronic means where goods or services are exchanged electronically.”
_",General
11,“What is an e-commerce entity”,"“An ""e-commerce entity"" refers to any individual who owns, operates, or manages a digital or electronic platform for electronic commerce. However, this term does not encompass a seller who offers goods or services for sale on a marketplace operated by an e-commerce entity.” 
—",General
12,“What is product liability?”,"“Product liability refers to the responsibility of a product manufacturer or seller to compensate a consumer for any harm caused by a defective product or deficiency in services related to the product. This means that if a product is faulty or does not meet the expected standards, and this results in harm to a consumer, the manufacturer or seller is liable to provide compensation. Product liability ensures that consumers are protected from unsafe or substandard products and have recourse if they suffer harm as a result of using them.”
—",General
13,“ What is product liability action?”,"“A ""product liability action"" refers to a complaint lodged by an individual before a District Consumer Disputes Redressal Commission (DCDRC), State Commission, or National Consumer Disputes Redressal Commission (NCDRC), seeking compensation for harm suffered. To initiate such action, the consumer must demonstrate that the harm resulted from a ""defective product or service"" purchased by them.” 
—",General
14,"“What is harm under the Consumer Protection Act, 2019?”","""Harm in the context of product liability includes:
Damage to Property: This refers to any damage caused to property other than the product itself. For example, if a faulty electronic device causes a fire that damages a house, this would be considered harm.
Personal Injury, Illness, or Death: Harm also includes any personal injury, illness, or death caused by a defective product. For instance, if a toy contains hazardous materials that harm a child, this would be considered harm.
Mental Agony or Emotional Distress: This refers to the mental anguish or emotional distress experienced as a result of personal injury, illness, or damage to property caused by a defective product.
Loss of Consortium or Services: Harm also includes any loss of consortium (companionship or support) or services resulting from the harm caused by a defective product.
Exclusions: Harm does not include harm caused to the product itself or damage to property due to breach of warranty conditions. It also does not include any commercial or economic loss, including direct, incidental, or consequential loss relating to the harm.”
_",General
15,“Who is a product seller ?”,"“A product seller is a person engaged in the business of importing, selling, distributing, leasing, installing, preparing, packaging, labelling, marketing, repairing, maintaining, or otherwise commercially placing a product. This includes:
- Manufacturers who also sell products,
- Service providers, excluding:
 Sellers of immovable property, except those engaged in selling constructed houses or constructing homes or flats,
Providers of professional services where the sale or use of a product is incidental, with the essence of the transaction being the provision of opinion, skill, or services,
Persons who:
Solely act in a financial capacity regarding the product sale,
Are not manufacturers, wholesalers, distributors, retailers, direct sellers, or electronic service providers,
Lease a product without having a reasonable opportunity to inspect for defects, under a lease arrangement where selection, possession, maintenance, and operation are controlled by someone other than the lessor.” 
—",General
16,“What are the Consumer Dispute Redressal Agencies?”,"“ Consumer Disputes Redressal Agencies, established under the Consumer Protection Act, are quasi-judicial bodies offering prompt and affordable resolution to consumer grievances. They operate at three levels: District Consumer Disputes Redressal Commission (DCDRC), State, and National Consumer Disputes Redressal Commission (NCDRC), known respectively as District Consumer Disputes Redressal Commission (DCDRC), State Consumer Disputes Redressal Commission (SCDRC), and National Consumer Disputes Redressal Commission (NCDRC).” 
_",General
17,“What is CCPA?”,"“CCPA stands for the Central Consumer Protection Authority. It is an institution established by the Central Government under the provisions of the Consumer Protection Act to regulate various aspects related to consumer rights and protection. The CCPA has been granted powers to:
Regulate Matters: The CCPA regulates matters pertaining to the violation of consumer rights, unfair trade practices, and false or misleading advertisements that are detrimental to the interests of the public and consumers.
Protect Consumer Rights: The primary objective of the CCPA is to promote, protect, and enforce the rights of consumers as a collective class. This includes safeguarding consumers against deceptive practices, ensuring fair treatment, and upholding their rights in commercial transactions.A complaint about violations of consumer rights, unfair trade practices, or misleading advertisements can be made to the District Collector, Commissioner of a regional office, or the Central Authority. Grievances Against Misleading Advertisements (GAMA) - You can register a complaint along with a copy / video / audio of such advertisement through the web portal of the GOI at http://gama.gov.in to bring it to the notice of the Government” 
Consumers with individual grievances cannot approach the CCPA for addressing consumer grievances as it is only a regulatory authority. 
—",General
18,“Can a person buying goods or services for a business purpose make a complaint ?”,"“ Under the Consumer Protection Act of 2019, individuals purchasing goods or services for business purposes cannot file complaints unless they are buying goods or using services solely for the purpose of self-employment for their livelihood. 
Any goods purchased in the course of business on behalf of their employer or company in which they have an interest, would not be covered under consumer protection. Similarly, any goods or services purchased in pursuit of a principal client relationship on behalf of a business would also not be covered by consumer protection. For example, if a person buys 10 laptops from a manufacturer on behalf of his company or place of work, that would be buying goods for a business purpose. Any issue arising out of this purchase will not be covered under the Consumer Protection Act, 2019.
However, if the goods or services are purchased in the course of self-employment for pursuit of livelihood, consumer protection law will apply to the goods and/or services purchased. For example, a self-employed carpenter purchasing a drill for his work would be able to make use of consumer protection law with respect to his purchase of the drill.”
—",General
19,“Can someone availing of public services make a complaint against the government under Consumer Protection Act?”,"When the government provides services as a public authority, such as delivering public services to all citizens, no claims can be made under consumer protection law. This is because the government is not considered a seller or service provider in these cases. For example, a person cannot use consumer protection laws to address issues like delayed Income Tax refunds or dissatisfaction with the work of a municipal authority.
However, if services or goods are provided by a government-owned entity and a fee is paid for these services or goods, then consumer protection laws can apply. In such cases, the government-owned entity acts as a seller or service provider. For example, if someone has paid for services like railway tickets or purchased goods from a government-run shop, they can file a complaint under consumer protection law for any deficiencies or issues with the service or goods provided.
—",General
20,“Can I claim compensation if the product itself is damaged?”,"“ No, compensation cannot be claimed solely for damage to the product itself under product liability.” 
—",General
21,"“Who can be liable in a product liability action?”
You can file a product liability claim against various parties involved in the supply chain, including:
Manufacturer: The entity responsible for producing the product.
Product Service Provider: Any entity that provides a service related to the product, such as installation or maintenance.
Product Seller: The entity that sells the product to consumers.
Depending on the circumstances of the case, you may choose to hold one or more of these parties responsible for any harm caused by the product.”
—
Question: “What grounds can I claim compensation for the product manufacturer?","“You can claim compensation from a product manufacturer if, in a product liability action under Section 84 of the Consumer Protection Act, 2019:

1. The product has:
   a. A manufacturing defect,
   b. A design defect,
   c. Deviation from manufacturing specifications,
   d. Failed to conform to the express warranty, or
   e. Lacked adequate instructions or warnings regarding proper usage to prevent harm or misuse.

2. The manufacturer can still be held liable in a product liability action even if they prove they were not negligent or fraudulent in providing an express warranty for the product.”
—",General
22,“ What grounds can I claim compensation for a product service provider?”,"“A product service provider can be held liable in a product liability action if:
a. Faulty, Imperfect, or Deficient Service: The service provided was faulty, imperfect, deficient, or inadequate in quality, nature, or manner of performance as required by law, contract, or otherwise.
b. Act of Omission, Commission, or Negligence: The service provider committed an act of omission, commission, negligence, or consciously withheld information that caused harm.
c. Failure to Provide Adequate Instructions or Warnings: The service provider did not issue adequate instructions or warnings to prevent harm.
d. Non-Conformity to Express Warranty or Contract Terms: The service did not conform to express warranty or the terms and conditions of the contract.
In these situations, the product service provider can be held liable for any harm caused to the consumer.”
—",General
23,“ When can I claim compensation from the seller?”,"“ You can claim compensation from a seller who is not the manufacturer in a product liability action if:
The seller exercised substantial control over the designing, testing, manufacturing, packaging, or labeling of the product that caused harm.
The seller altered or modified the product, and such alteration or modification was a substantial factor in causing harm.
 The seller provided an express warranty for the product independent of any warranty made by the manufacturer, and the product failed to meet the seller's warranty, resulting in harm.
The product was sold by the seller, but the identity of the manufacturer is unknown, or if known, legal processes cannot be served against them.
The seller is not subject to Indian law, or any orders passed cannot be enforced against them.
The seller failed to exercise reasonable care in assembling, inspecting, or maintaining the product, or failed to provide warnings or instructions from the manufacturer regarding product dangers or proper usage, and this failure directly caused harm.” 
—",General
24,“What are the defences available to a defendant in a product liability action?”,"“In a product liability action, the following defences may be available to the defendant:
Non-Consumer Status: The complainant is not considered a 'consumer' under the Consumer Protection Act 2019, meaning they obtained the goods for resale or commercial purposes, or received the product free of charge.
Misuse, Alteration, or Modification: The product was misused, altered, or modified by the consumer, which contributed to the harm.
Obvious or Commonly Known Danger: The danger posed by the product is obvious or commonly known to the user or consumer, or should have been known considering the characteristics of the product.
Warnings or Instructions: The product manufacturer provided warnings or instructions to the employer of the consumer, and the harm resulted from the employer's use of the product.
Component of End Product: The product was sold as a component of an end product, and necessary warnings or instructions were provided by the manufacturer, but the harm was caused by the end product's use.
Expert Supervision: The product was legally meant to be used or dispensed only by or under the supervision of an expert, and the manufacturer provided reasonable warnings or instructions to such expert or class of experts.
Consumer's State While Using the Product: The consumer was under the influence of alcohol or a prescription drug not prescribed by a medical practitioner while using the product.
Lack of Harm: Even if the product was defective, it did not cause any harm to the consumer who used it.”",General
25,“ Under what conditions is a “marketplace” responsible for product liability?”,"“ A ""marketplace"" is generally not responsible for product liability issues if it merely offers a platform for buying and selling products. However, according to the CPA 2019, a marketplace may be liable in a product liability claim if it provides extra services or functions as a product manufacturer or service provider. Examples include situations where the marketplace:
a) Offers its own separate warranty for a product,
b) Provides additional services, such as installation, for a product.”
—",General
26,“Who is responsible if several parties are involved in the manufacturing of a product?”,"“ In cases involving multiple manufacturers, liability is determined by the commission on a case-by-case basis. Factors considered include which component caused the defect and whether proper instructions or warnings were provided. This is especially relevant for products like home appliances and automobiles with parts from different manufacturers. Courts have attempted to identify the responsible party in past cases with multiple parties involved. If assigning liability to a single party is not possible, all involved parties may be held jointly and severally liable.”
—",General
27,“Who can be held liable for a misleading advertisement?”,"“Any of the following parties can be held liable for a misleading advertisement:
Manufacturers: The producers of the product being advertised.
Traders: Individuals or businesses involved in the sale and distribution of the product.
Advertising Agencies: Agencies responsible for creating and promoting the advertisement.
Celebrity Endorsers: Celebrities or public figures who endorse and promote the product.
Publishers: Media outlets and platforms that disseminate the advertisement to the public.
These parties can be held accountable for any false claims, deceptive practices, or misleading information presented in advertisements.”
—",General
28,“What is the penalty for someone found guilty of the offence of misleading advertisement?”,"“For the offence of misleading advertisement, if found detrimental to consumer interests, the Central Authority can levy a penalty of up to Rs. 10,00,000 (Rupees Ten Lakhs) on the manufacturer, escalating to Rs. 50,00,000 (Rupees Fifty Lakhs) for subsequent violations. Moreover, under the Consumer Protection Act 2019, manufacturing or service providers engaging in false advertising can face imprisonment for up to 2 years, extending to 5 years for repeat offences.
Similarly, the Central Authority can impose a penalty of up to Rs. 10,00,000 (Rupees Ten Lakhs) on the endorser if the misleading advertisement harms consumer interests. Additionally, the endorser may be barred from endorsing the specific product or service for up to one year, which could extend to three years for subsequent violations. However, endorsers exercising due diligence to verify the advertisement's claims regarding the endorsed product or service are not liable to penalties.
— 
——",General
29,"“Before resorting to litigation, is there any process that can be pursued in order to claim compensation?”","“Yes, before resorting to litigation, an aggrieved individual can take the following steps to claim compensation:
Send a Notice: The individual can send a formal notice to the service provider or seller. This notice should detail:
The defects in the goods or services or the deficiencies in the service
The individual's intention to pursue legal action if the service provider fails to offer compensation
This step allows the service provider an opportunity to rectify the issue or offer compensation, potentially resolving the dispute without the need for litigation.”
_",General
30,“How do I get my consumer grievances addressed?”,"“To address your consumer grievance, you have a few options. You can:

Directly send a notice to the product seller or service provider.
Call the National Consumer Helpline at 1800-11-4000 or 1915, available all days except national holidays, from 8:00 AM to 8:00 PM.
Send an SMS to 8800001915, and they will get back to you.
Other helpline numbers are - 011 - 2430 - 5702, 011 - 2430 - 5703, 011 - 2430 - 5728, 011 - 2430 - 5752, 011 - 2430 - 5766
Register your grievance online at https://consumerhelpline.gov.in/user/signup.php.
Register your grievance through the NCH APP or UMANG APP on your mobile phone.
Register your grievance via WhatsApp at https://api.whatsapp.com/send/?phone=918800001915&text&type=phone_number&app_absent=0.
The new platform is e-Jagriti, where users can file complaints online.The link is https://e-jagriti.gov.in/ 

—",General
31,“How can I contact a state consumer helpline?”,"“The state helpline numbers for any consumer grievance related assistance is below:
Andhra Pradesh - 0866 2551431

Arunachal Pradesh - 1800-345-3601

Assam - 1800-345-3611

Bihar - 1800-345-6188

Chhattisgarh - 1800-233-3663

Delhi - 011-23379266

Goa - 0832-2222466

Gujarat - 1800-233-0222

Haryana - 1800-180-2087

Himachal Pradesh - 0177-2620797

Karnataka -  080-22355065

Kerala - 0471-2725157

Madhya Pradesh - 0755-2553722, 2763673

Maharashtra - 1800-22-2262

Meghalaya - 1967 or 1800-345-36870

Mizoram -  1800-354-3891

Odisha - 1800-345-6724 / 6760

Rajasthan - 1800-180-6030

Sikkim - 1800-345-3209/203-951

Tamil Nadu - 044-2859-2828

Telangana - 040-23394399

Uttarakhand - 0135-3510041
West Bengal - 1800-345-2802”
—",General
32,“What is the address or contact information of state consumer commissions in India?”,"“The different state consumer commissions address is as below:
Andhra Pradesh -1 st Floor, Sai Towers, Beside SIRIS Company, Ashok Nagar, Kanuru, Vijayawada – 520 007
Arunachal Pradesh -State Consumer Disputes Redressal Commission, Near Pawan Hans Office, (Old Secretariat Complex), Naharlagun, ITANAGAR
Assam -Housefed Complex, Central Block, 5th Floor,Guwahati – 781 006
Bihar- State Consumer Disputes Redressal Commission, R – Block, Road No.2, Daroga Prasad Rai Path,PATNA – 800 001
Chhattisgarh- State Consumer Disputes Redressal Commission,Behind Bus Stand (Old Bus Depot No.1 Complex)Pandri,RAIPUR - 492 004
Delhi- State Consumer Disputes Redressal Commission A-Block, First Floor, Vikas Bhavan, I.P. Estate, New Delhi-110002
Goa- Goa State Consumer Disputes Redressal Commission, 1st lift, 4th floor, Junta House, Panaji Goa- 403001
Gujarat- Consumer Disputes Redressal Commission, 'Grahak Bhavan' Nr. Gota Cross Road, S.G. Highway, Ahmedabad -380 060
Haryana- Bays No. 3 - 6, Sector – 4, Panchkula – 134 109 (Haryana)
Himachal Pradesh- S. D. A. Complex, Block No. 33, Shimla -171009
Jammu & Kashmir- 3, Manda Hill, Rehari, Jammu Tawi, Jammu & Kashmir
Jharkhand- State Consumer Disputes Redressal Commission, Near High Court, Doranda Bazar, Doranda, RANCHI – 834 002.
Karnataka- Basava Bhavana, High Grounds,Bengaluru-560001
Kerala - State Consumer Disputes Redressal Commission Kerala, isuvihar Lane, Vazhuthacaud, Thiruvananthapuram-695010.
Madhya Pradesh- M.P.State Consumer Disputes Redressal Commission Plot no.76, Arera Hills, Bhopal PIN-462011
Maharashtra- Head Office - Old Secretariat Building, Ground Floor,   Near Jahagir Art Gallery M. G. Road, Behind Elphiston College, Mumbai – 400 032
Manipur- Old Assembly Complex, Imphal, West District, Manipur - 795 001
Meghalaya- Commission Meghalaya, Horse Shoe Building, Lower Luchumiere, Shillong. District: East Khasi Hills - 793001
Mizoram-  room no. 228, second floor, building no. 2. Mizoram secretariat, New capital complex (MINECO) khatla, Aizawl, Mizoram
Nagaland- Nagaland State Consumer Disputes Redressal Commission,Directorate of Legal Metrology & Consumer Protection
Odisha- Cuttack, C.D.A sector, 1, near sati Choura chowk, bidanasi, Cuttack-753014
Punjab- Plot No. 1037, Sector – 37A,Chandigarh – 160 036
Rajasthan- handloom haveli, Ashok marg, c- scheme , jaipur -302001
Sikkim- ATTI Building,Kazi Road,Gangtok,East Sikkim
Tamil Nadu- Chennai , TNPSC road, park town Chennai -600 003
Telangana- Eruvaka Building, Khairatabad, Hyderabad – 500 004.
Tripura- P. N. Complex, Gurkhabasti, Agartala West Tripura, - 799006
Uttar Pradesh- C – 1, Vikrant Block – 1, Near Shaheed Path, Gomati Nagar, - 226 010
Uttarakhand- 23/16, Circular Road,Dalanwala, Dehradun- 248 001
West Bengal- Ground Floor,11A, Mirza Ghalib Street,Kolkata - 700087”

—",General
33,“What are the other remedies available for consumers for harm caused to them?”,"“In addition to filing a complaint before the Consumer Commission, consumers have the option to seek remedies through sectoral regulators. Depending on the sector, consumers can approach the following bodies:
Airlines: Director General of Civil Aviation’s Air Sewa Portal (https://airsewa.gov.in/grievance/grievance-redressal)
Banking: RBI Banking Ombudsman (https://rbi.org.in/Scripts/Complaints.aspx)
Broadband & Internet: Telecom Consumer Complaints Monitoring System (TCCMS) (https://tccms.trai.gov.in/Queries.aspx?cid=1)
Bureau of Indian Standards (BIS): For complaints related to standards of products.
Drugs and Cosmetics: Drug Controller General of India (https://cdsco.gov.in/opencms/opencms/en/About-us/who/)
DTH & Cable Services: Email to ibf@ibfindia.com for general issues and ibf@ibfindia.com for content issues.
Electricity Services: Each state has its regulatory authority. For a list of these, visit https://jercjkl.nic.in/otherjercandserc.html
Financial Services: RBI Banking Ombudsman (https://rbi.org.in/Scripts/Complaints.aspx)
Food and PDS Schemes: https://www.fssai.gov.in/cms/grievance.php
Grievances Against Misleading Advertisements (GAMA): Register a complaint along with a copy/video/audio of the advertisement through the web portal of the Government of India at http://gama.gov.in
Insurance: Use the Bima Bharosa system on the IRDAI Portal (https://bimabharosa.irdai.gov.in/) for registering and monitoring complaints. Email complaints can be sent to complaints@irdai.gov.in. Toll-Free No.: 155255 or 1800 4254 732.
Legal Metrology: Lodge a complaint with the District Legal Metrology Officer or the Commissioner of the respective states. For more information, visit http://consumeraffairs.nic.in/forms/contentpage.aspx?lid=639
Non-Banking Financial Companies (NBFCs): RBI Banking Ombudsman (https://rbi.org.in/Scripts/Complaints.aspx)
Pension Funds: Central Pension Accounting Office (https://cpao.nic.in/grievance_sql/Grievance_form_all.php)
Telecom: Telecom Consumer Complaints Monitoring System (TCCMS) (https://tccms.trai.gov.in/Queries.aspx?cid=1)
Consumers can explore these avenues to seek redressal for grievances related to specific sectors.”
—",General
34,“Can I file a consumer complaint using my phone?”,"“Yes, you can file a consumer complaint online using your phone. One way to do this is by using the UMANG App, which is the National Consumer Helpline’s (NCH) application. Here's how you can file a complaint using the UMANG App:
Download UMANG App: Visit the Google Play Store or the Apple App Store and download the UMANG App.
Log In or Sign Up: Log in if you already have an account, or sign up for a new one.
Search for National Consumer Helpline: In the All Services section of the app, search for the National Consumer Helpline.
Register Grievance: Press the Register Grievance button.
Provide Details: Provide information such as the state and city where the product was purchased, the industry, the firm name, and a description of the grievance.
Submit Complaint: Submit your complaint through the app.
Please note that the process may vary slightly based on the specific features and interface of the UMANG App.”
—",General
35,“What is the pecuniary Jurisdiction of the Consumer commissions in India ?”,"“The pecuniary jurisdiction of each level of the Consumer Commissions in India varies according to the total value of good or services along with the value of the claimed compensation:
District Consumer Disputes Redressal Commission (DCDRC): Handles cases where the total value claimed (i.e. total value of goods or services + value of compensation claimed) does not exceed fifty lakh rupees (₹50,00,000).
State Consumer Disputes Redressal Commission (SCDRC): Handles cases where the total value claimed exceeds fifty lakh rupees (₹50,00,000), but does not exceed two crore rupees (₹2,00,00,000).
National Consumer Disputes Redressal Commission (NCDRC): Handles cases where the value of the goods or services along with the compensation claimed exceeds two crore rupees (₹2,00,00,000).
These jurisdictional thresholds ensure that consumer grievances are addressed efficiently at the appropriate level.” 
—",General
36,“ Where can a consumer case be filed ?”,"“ A complaint must be filed in the District Consumer Disputes Redressal Commission (DCDRC) within whose local limits of jurisdiction one of the following applies:
The place of business or residence of the opposite party
The place of business or residence of the complainant
Where the cause of action, wholly or partially, arises”
—",General
37,“ ​​Who can make a complaint?”,"“A complaint can be made by various parties under the Consumer Protection Act. These include:
A Consumer: Any individual who has purchased goods or services for personal use.
Registered Voluntary Consumer Associations: Any consumer association registered under existing laws.
Central or State Government: Both levels of government can file complaints on behalf of consumers.
The Central Authority: The Central Consumer Protection Authority can initiate complaints to protect consumer rights.
Multiple Consumers (Class Action): Groups of consumers with the same interest can file a complaint collectively, with the permission of the consumer commission.
Legal Heirs or Representatives: In case of a consumer's death, their legal heir or representative can file a complaint.
Parents or Legal Guardians: For a minor consumer, their parent or legal guardian can file a complaint.
These provisions ensure that consumer grievances can be addressed effectively by allowing various representatives to seek redressal.”
—",General
38,“What is the procedure to file a complaint before the consumer commission?”,"“To file a complaint before the Consumer Commission, follow these steps:
Writing the Complaint:
The complaint should be in writing and contain all relevant details.
Specify the aggrieved consumer's details, the service provider or manufacturer's details, and the facts of the matter.
Clearly state the remedy sought.
Filing the Complaint:
Complaints can be filed in person or through an agent.
They can also be sent by registered post along with the required court fee.
Complaints can be filed online at the eJagriti portal: https://ejagriti.gov.in/.
Submission of Copies:
Normally, three copies of the complaint are required.
One copy is retained for official purposes, one is forwarded to the opposite party, and one is for the complainant.
If there are multiple opposite parties, more copies may be required.
Contents of the Complaint:
The complaint must contain all necessary details of the aggrieved consumer, the service provider, or manufacturer.
Include contact details, place of business, relevant facts of the matter, and the remedy sought.
Attach an affidavit signed and verified by the complainant.
Attach all other relevant documents, such as bill details, mode of payment, and guarantee or warranty cards.”
—",General
39,“What is the procedure to file a complaint in the eJagriti platform?”,"“ Following these steps will ensure that your complaint is filed correctly on the eJagriti platform.

Create an Account: If you don't have an account, register on the eJagriti portal at https://e-jagriti.gov.in/register.
Provide your Phone Number, Name, and a password for your eJagriti account. Confirm your password by entering it in the corresponding box, and then click ‘Role. Select ‘Consumer/Authorised Representative’. If you do not possess an Indian address and phone number, click on the ‘NRI’ check box at the top of the form.
Verify Phone Number/Email: Verify your phone number/email address by copying the six digit code sent to your registered email or phone number.
Verify Address: If you are not NRI, the portal will ask you for an address and ask you to upload an address proof. Please write down your address, select and upload a scanned copy of any government authorised address proof. 
Login: Use your credentials to log in to the portal.
Start New Case: Click on 'File a New Case' from the Filing dropdown menu and select 'Consumer Complaint'. Then click on the ‘NEXT’ button.
Enter Case Details in the respective boxes:
Paid as Consideration: the amount you have paid for a product or service
Claim Consideration: the amount you wish to claim as relief
Date of Cause of Action: enter the date where the issue first occurred or when it was first noticed
State of Cause of Action: enter the state where you wish to file the complaint
District of Cause of Action: enter the District where you wish to file the complaint
Case category: select the most appropriate category for your complaint
Click on the ‘NEXT’ button at the bottom
Enter Complainant and Opposite Party details in the respective boxes
Complainant details: enter the complainant name, and if you are not the complainant enter your relation to them and your name as the ‘Relative Name’
Enter the complainant mobile number and email address. Select if you/they fall under Senior citizen, widow, differently abled, or serious ailment categories
Enter address of the complainant
Enter the details of any advocate or legal representative whose services you are using, in case you have an advocate for this complaint
Enter the details of the Opposite part, similar to details of the complainant, including Address and Name of the business
Select the accurate State, and District for the address of the Opposite Party, and you may add any additional addresses as well
Select ‘NEXT’ option at the bottom of the form
Add details of any additional complainant parties in the “ADD ADDITIONAL COMPLAINANT” option. Clicking this option will drop down a fresh set of boxes for you to fill information. You may add as many additional complainants as necessary. If your complaint involves a ‘pro-forma’ complainant you may add their details here, under the “ADD PROFORMA COMPLAINANT DETAILS” option. Click ‘NEXT’ button at the bottom of the page once completed.
Add details of any additional Opposite Parties parties in the “ADD ADDITIONAL OPPOSITE PARTY” option. Clicking this option will drop down a fresh set of boxes for you to fill information. You may add as many additional complainants as necessary. If your complaint involves a ‘pro-forma’ complainant you may add their details here, under the “ADD PROFORMA OPPOSITE PARTY DETAILS” option. Click ‘NEXT’ button at the bottom of the page once completed.
Upload the required documents for filing your complaint. This includes the following documents:
Index: this is an index of all submitted documents
Proforma for filing consumer complaint: this is a copy of your filled our consumer complaint
Synopsis with List of Dates and Events: a summary of the facts of your complaint with a list of key dates relevant to the events of the complaint
Memo of Parties: a formatted document listing the parties involved in the complaint.
Consumer Complaint with Notarised Affidavit: a copy of your complaint, along with an affidavit attached, provided the affidavit has been authorised by a notary
Upload any other documents under the ‘ADD ANNEXURES / DOCUMENTS’ option
IA Documents: if you have any documents relating to an interim application (IA) you can upload them here.
Vakalatnama: upload a copy of the Vakalatnama hin this box. The Vakalatnama is a document where you have authorised your lawyer or legal representative to appear on your behalf for the matter
Select ‘NEXT’ option at the bottom of the screen
‘Your Case will be filed in District Commission’: select which District Commission you would like your complaint to be filed.
Before you do this, you may go back to the previous screens by clicking ‘PREVIOUS’ button on the bottom left of the page, and you may re-check all your documents to check that they are as required to you and for the Consumer Commission. If you do re-check the documents, you may once again reach this page as described in previous steps.
Click the box which says ‘I hereby declare that the information provided is true and correct’. Select ‘PREVIEW’ option at the bottom right of the page.
The page will show you the details and information included in your complaint. Check whether the details are all accurate and included as required. Once you are satisfied, you may click the ‘FINAL SUBMIT’ button at the bottom of the page.
You may now access the status of whether your complaint has been accepted by the Consumer Dispute Redressal Commission. You may do this by clicking on the ‘Pending’ button on the eJagriti dashboard page (https://e-jagriti.gov.in/consumer/dashboard)

—",General
40,“Can a consumer complaint be resolved through mediation?”,"“Yes, a consumer complaint can be resolved through mediation. The relevant consumer commission, either at the first hearing after admission or later stages, may refer the complaint to mediation with the written consent of the parties if they believe there is potential for settlement. Parties can also opt for mediation at any stage of the complaint. If the dispute remains unresolved through mediation, the consumer commission will proceed to hear the case. Successful mediation results in a written agreement of the terms, while partial settlements are recorded, and the remaining issues are heard by the Commission. If mediation is unsuccessful, the Commission will pass an appropriate order within seven days of receiving the settlement report. There is no fee required for mediation. No appeal is permissible after the settlement of a dispute through mediation.”",General
41,“ What are the contents of a consumer complaint particulars should be furnished in the complaint?”,"“ Contents of a consumer complaint:
Cause-title
Name, description, and address of the complainant
Name, description, and address of the opposite party or parties
Facts relating to the complaint and where and when it arose
Copies of written complaints and notices sent to the service provider
Explanation of how the opposite parties are liable and why they are answerable or accountable
Documents supporting allegations, with a list of these documents signed by the complainant
Specification of how the case falls within the jurisdiction of the tribunal
 Relief or remedy claimed by the complainant

Following is a illustrative draft for a consumer complaint, in LaTex format:

“

BEFORE THE DISTRICT CONSUMER DISPUTES REDRESSAL 
COMMISSION AT _________

CONSUMER COMPLAINT NO.     /20	  

IN THE MATTER OF: 

<Title and name of first complainant>,
<Address of first complainant>

<Title and name of second complainant>
<Address of second complainant>

<Title and name of third complainant and so on>
<Address of third complainant>
… COMPLAINANT
AND

<Title and name of first opposite party>,
<Address of first opposite party>

<Title and name of second opposite party>,
<Address of second opposite party>

<Title and name of third opposite party and so on>,
<Address of third opposite party and so on>

… OPPOSITE PARTIES

COMPLAINT UNDER SECTION 35 of THE CONSUMER PROTECTION ACT, 2019 RESPECTFULLY SHOWETH:

The address of the Complainant for the purpose of service of summons, notice etc is as shown in the cause title above and that of his counsel 

The address of the Opponents for the very purpose is the same as shown in the cause title above.

FACTS OF COMPLAINT: <Include facts about the complainant and the reason for the complaint and the other facts provided by the complainant. Include facts about the actions of the opposite party as presented by the complainant. Include the relief prayed for by the complainant. Keep each unique aspect of the complaint in one paragraph. The complaint may take anywhere from 4-12 paragraphs.>

TRANSACTION: <Should describe the transaction complained of i.e. particulars and details of goods/services availed, items of goods / kind and nature of service; date of purchase of goods/availing of service' amount paid as price/ consideration, full or in part towards the goods/service' Photocopies of the bill/cash memo/voucher or receipt should be attached and properly marked as Annexure- A, B, C, and so forth or 1, 2, 3 and so forth.>

CAUSE OF ACTION: The cause of action arose on <inlcude date of incident provided by the complainant/user> when <include incident giving rise to complaint> 
<Should explain the grievance, i.e. whether the loss of damage has been caused by some unfair trade practice or restrictive trade practice adopted by any trader or there is some defect in the goods or there has been deficiency in service or the trader has charged excessive price for the goods. Should elucidate the nature of deficiency or unfair trade practice adopted by the trader, i.e. relating to the quality of goods/services: sponsorship; warranty or guarantee for such period promised.>

RELIEF CLAIMED: <The nature and amount of relief claimed must be specified, and any specific performance from any party should be specified. Can include removal of defects in goods or deficiency in service; replacement with new goods; return of the price or charges or compensation on account of financial loss or injury>

JURISDICTION: <Mention the jurisdiction under which the complaint lies, according to: (i) the value of the claim (upto fifty lakh for DCDRC, upto two crore for SCDRC, rest to NCDRC),  and the geographic location of the cause of action or the opposite party.>

LIMITATION: That the present complaint is being filed within the period of limitation prescribed under section 69 of the Consumer Protection Act, 2019.

COURT FEE: As per Rule 7 of Consumer Protection (Consumer Dispute Redressal Commission) Rules 2020, the requisite court fee has been paid.

EVIDENCE:
<Should give details of documents and/or witnesses relied on to substantiate the case. The documents should be attached as Annexures. Incorporated in a list of evidence. List of witnesses (if any) may be filed similarly>
1. <mention a brief description of the first item of complainant evidence>
2. <mention a brief description of the second item of complainant party evidence>
3. <mention a brief description of the third item of complainant evidence, and so on>

PRAYER:
In the circumstances stated above, the Complainant prays that the Hon'ble Commission may be pleased to:
<mention a numbered list of all reliefs prayed for by the complainant.>


Complainant


PLACE:                                                                                                                         Signature
DATED:


VERIFICATION:
Herein I, <name and title of complainant>, the complainant above named, do hereby state on the solemn affirmation that the contents of the above paragraphs are read over and explained to me in my vernacular. The same are found to be true and correct to the best of my knowledge, belief, and information.

Name & signature of the complainant


”
—",General
42,“Does a consumer need an advocate to represent their case before a commission?,"“Consumers do not need an advocate to represent their case in the Consumer Commission. These commissions are designed to provide simple and speedy justice, free from the complexities of regular court procedures. The process is informal and does not require the involvement of an advocate or pleader. Consumers can file and represent their complaint themselves or through a representative.”
—",General
43,“What is the time limit for filing the complaint?”,"“The time limit for filing a complaint is two years from the date the cause of action arises, as per Section 35 of the Act. This period starts from the day the deficiency in service or defect in goods is detected. It's also referred to as the limitation period. However, the law allows consumers to file complaints even after this period if the District Consumer Disputes Redressal Commission (DCDRC) deems the reasons for the delay genuine and valid.” 
_",General
44,“How to make the payment of the Court fee?”,"“The court fee for every complaint filed before the District Consumer Disputes Redressal Commission (DCDRC), State Consumer Disputes Redressal Commission (SCDRC), or National Consumer Disputes Redressal Commission (NCDRC) must be accompanied by a fee specified. This fee should be in the form of a crossed Demand Draft drawn on a nationalized bank or through a crossed Indian Postal Order drawn in favor of the Registrar of the respective Commission. The payment should be payable at the place where the Commission is situated. The concerned District Consumer Disputes Redressal Commission (DCDRC) shall deposit the received amount.”
_",General
45,“ What reliefs or remedies are provided by the consumer commission?”,"“Consumer commissions can provide the following reliefs and remedies under the Consumer Protection Act, 2019:
Compensation: Grant compensation to consumers for harm caused by product liability issues.
Directive to Manufacturers, Service Providers, and Sellers: Issue directives to:
Remove defects from goods.
Replace goods.
Refund the price paid along with any interest.
Remove defects or deficiencies in services.
Award compensation for loss or injury.
Discontinue and not repeat unfair trade practices or restrictive trade practices.
Withdraw hazardous goods from being offered for sale.
Cease manufacture of hazardous goods and desist from offering hazardous services.
Pay a sum determined by the Commission for loss or injury suffered by a large number of consumers.
Issue corrective advertisement to neutralize the effect of misleading advertisement.
Provide adequate costs to parties.
These reliefs and remedies are aimed at protecting and compensating consumers for any harm caused by products or services.”
—",General
46,“What are the details of fees to be paid while filing a complaint with the consumer commissions?”,"“Yes, there is a fee for filing a complaint with the Consumer Commissions. The fee must be paid in the form of a crossed Demand Draft drawn on a nationalised bank or through a crossed Indian Postal Order drawn in favour of the Registrar of the relevant Commission and payable at the respective location where the Commission is situated. The payment may otherwise be through electronic mode as arranged by the specific Commission concerned.

The fee amount varies based on the value of goods or services paid as consideration, as specified in the table below:
District Consumer Disputes Redressal Commission (DCDRC):
Up to ₹5 Lakh: No Fee
Above ₹5 Lakh – Up to ₹10 Lakh: ₹200
Above ₹10 lakh – Up to ₹20 Lakh: ₹400
Above ₹20 Lakh – Up to ₹50 Lakh: ₹1000
State Consumer Disputes Redressal Commission (SCDRC): 
Above ₹50 Lakh – Up to ₹1 Crore: ₹2000
Above ₹1 Crore – Up to ₹2 Crore: ₹2500 
National Consumer Disputes Redressal Commission (NCDRC): 
Above ₹2 Crore – Up to ₹4 Crore: ₹3000 
Above ₹4 Crore – Up to ₹6 Crore: ₹4000 
Above ₹6 Crore – Up to ₹8 Crore: ₹5000 
Above ₹8 Crore – Up to ₹10 Crore: ₹6000
Above ₹10 Crore: ₹7500
The fee should be payable at the respective place where the District Consumer Disputes Redressal Commission (DCDRC), State Consumer Disputes Redressal Commission (SCDRC), or the National Consumer Disputes Redressal Commission (NCDRC) is situated, or through electronic mode as per the arrangement made by the concerned Commission.”
—",General
47,“What if the consumer is not satisfied with the order of the Consumer commission?”,"“If a consumer is dissatisfied with the order of a Consumer Commission:
They can prefer an appeal within 30 days from the date of the order.
The appeal against the order of the District Consumer Disputes Redressal Commission (DCDRC) can be made before the State Consumer Disputes Redressal Commission (SCDRC).
The appeal against the order of the State Consumer Disputes Redressal Commission (SCDRC) can be made before the National Consumer Disputes Redressal Commission (NCDRC).
The appeal against the order of the National Consumer Disputes Redressal Commission (NCDRC) can be made before the Supreme Court.” 
—",General
48,“ Is there any change in the amount to be deposited for filing an appeal?”,"For appeals before the State Consumer Disputes Redressal Commission (SCDRC) and National Consumer Disputes Redressal Commission (NCDRC), 50% of the total award amount passed by the lower commission needs to be deposited.” 
—",General
49,“What documents are required while filing a complaint in a consumer commission?”,"“Index: A list of all the documents attached, paginated and indexed.
List of Dates: A chronological list of events relevant to the complaint.
Memorandum of the Parties: Details of the complainant and the opposite party, including complete address and contact details.
Complaint with Notarized Affidavit: The complaint along with a notarized attested affidavit.
Requisite Fee: Payment proof of the fee required for filing the complaint.
Supporting Documents and Evidences: Receipts, vouchers, or any other evidence supporting the complaint. These documents should be attested as a True Copy on the last page with name and signature.
Application for Condonation of Delay: If there is a delay of more than 2 years from the cause of action, an application for the condonation of delay with a notarized and attested affidavit should be filed.
Ensure that all documents are uploaded in the specified format and meet the requirements of the eJagriti portal for smooth processing of the complaint.”
_",General
50,“ How long does it take for a consumer case to be heard by a judge in a consumer commission?”,"“ The timeline for a consumer case to be heard by a judge in consumer commission varies. While the Consumer Protection Act, 2019 aims for resolution within three months, the actual duration can range from three months to over a year due to case complexities.” 
—",General
51,“ What is the procedure for filing an appeal before the State Consumer Disputes Redressal Commission (SCDRC)?,"The Appellant or his authorized agent is required to file a Memorandum that is to be sent through registered post for acknowledgment to the State Consumer Disputes Redressal Commission (SCDRC). This memorandum must be typed in a legible manner with distinct heads, grounds of appeal without any argument or narrative. Such memorandums are to be accompanied by certified copy of the District Consumer Disputes Redressal Commission (DCDRC) order and the documents of a supportive nature to the appeal. Along with it, the appellant is required to submit four copies of the memorandum to the State Consumer Disputes Redressal Commission (SCDRC).

The appellant can only be heard or urged to be heard in support of the appeals that are made to the State Consumer Disputes Redressal Commission (SCDRC). However, the State Consumer Disputes Redressal Commission (SCDRC) is not required to confine itself within the appeal that is made. 
—",General
52,"“What Rights are guaranteed under Consumer Protection Act, 2019 for consumers?”","“The Consumer Protection Act of 2019 ensures several fundamental rights for consumers. These rights are crucial pillars in safeguarding consumer interests and ensuring fair treatment in the marketplace. Here are the six rights guaranteed under the Act:

1. Right to Safety: Consumers have the right to expect that the products and services they purchase are safe for use or consumption. This right ensures protection from hazardous or substandard goods.

2. **Right to be Informed**: Consumers have the right to receive accurate and transparent information about the products and services they intend to purchase. This includes details regarding quality, quantity, price, ingredients, and any associated risks.

3. **Right to Choose**: Consumers have the freedom to select from a range of products and services offered by various providers. This right promotes competition in the market and empowers consumers to make informed decisions based on their preferences.

4. **Right to be Heard**: Consumers have the right to express their grievances and concerns regarding unsatisfactory products or services. This includes the opportunity to voice complaints, provide feedback, and seek resolution through accessible channels.

5. **Right to Seek Redressal**: Consumers have the right to seek appropriate remedies and compensation for any harm or inconvenience caused by defective products or deficient services. This right ensures access to fair and efficient dispute resolution mechanisms.

6. **Right to Consumer Awareness**: Consumers have the right to access information and resources that enhance their understanding of their rights and responsibilities in the marketplace. This includes education on consumer protection laws, awareness campaigns, and access to relevant support services.

These rights collectively empower consumers to make informed choices, demand accountability from businesses, and seek recourse in cases of unfair treatment or exploitation. By upholding these rights, the Consumer Protection Act aims to foster trust and confidence in the marketplace while promoting a fair and competitive economic environment.” 

—",General
53,“Can I be asked to waive the claim under the Act?”,"“ Waiving a claim under the Consumer Protection Act, 2019 (CPA 2019), may be deemed unfair as per the broad definition of unfair contracts outlined in the Act. Additionally, agreements that restrict legal proceedings, such as those preventing parties from enforcing their rights or limiting the time to do so, are void under the Indian Contract Act, 1872, and thus unenforceable. While the issue of waiving claims has not been tested in court, contractual language regarding such waivers should be carefully examined to avoid potential unenforceability under both the CPA 2019 and Indian contract law.” 

—",General
54,What is the time period within which the State Consumer Disputes Redressal Commission (SCDRC) needs to provide a decision for the appeal ?,"“The State Consumer Disputes Redressal Commission (SCDRC) must provide a decision for the appeal within 90 days from the date of admission. If the State Consumer Disputes Redressal Commission (SCDRC) decides to dispose of the case, adequate reasons for the decision must be provided in writing.”",General
140,“What is banking?”,"“A bank is a financial institution licensed to receive deposits and make loans. Banks may also provide financial services such as wealth management, currency exchange, and safe deposit boxes. There are several kinds of banks - retail banks, commercial or corporate banks, investment banks, payment banks etc.
According to official records and data, there are 94,384 rural cooperative banks in India, along with 27 public sector banks, 21 private sector banks, 49 foreign banks, 56 regional rural banks, and 1562 urban cooperative banks.",Banking_Sector
141,“What are the grounds for complaint?”,"“The Banking Ombudsman can receive and consider any complaint relating to the following deficiency in banking services (including internet banking):
non-payment or inordinate delay in the payment or collection of cheques, drafts, bills etc.;
non-acceptance, without sufficient cause, of small denomination notes tendered for any purpose, and for charging of commission in respect thereof;
non-acceptance, without sufficient cause, of coins tendered and for charging of commission in respect thereof;
non-payment or delay in payment of inward remittances ;
failure to issue or delay in issue of drafts, pay orders or bankers’ cheques;
non-adherence to prescribed working hours ;
failure to provide or delay in providing a banking facility (other than loans and advances) promised in writing by a bank or its direct selling agents;
delays, non-credit of proceeds to parties accounts, non-payment of deposit or non-observance of the Reserve Bank directives, if any, applicable to rate of interest on deposits in any savings, current or other account maintained with a bank ;
complaints from Non-Resident Indians having accounts in India in relation to their remittances from abroad, deposits and other bank-related matters;
refusal to open deposit accounts without any valid reason for refusal;
levying of charges without adequate prior notice to the customer;
non-adherence by the bank or its subsidiaries to the instructions of Reserve Bank on ATM/Debit card operations or credit card operations;
non-disbursement or delay in disbursement of pension (to the extent the grievance can be attributed to the action on the part of the bank concerned, but not with regard to its employees);
refusal to accept or delay in accepting payment towards taxes, as required by Reserve Bank/Government;
refusal to issue or delay in issuing, or failure to service or delay in servicing or redemption of Government securities;
forced closure of deposit accounts without due notice or without sufficient reason;
refusal to close or delay in closing the accounts;
non-adherence to the fair practices code as adopted by the bank or non-adherence to the provisions of the Code of Bank Commitments to Customers issued by Banking Codes and Standards Board of India and as adopted by the bank ;
non-observance of Reserve Bank guidelines on engagement of recovery agents by banks; and
any other matter relating to the violation of the directives issued by the Reserve Bank in relation to banking or other services.

A customer can also lodge a complaint on the following grounds of deficiency in service with respect to loans and advances
non-observance of Reserve Bank Directives on interest rates;
delays in sanction, disbursement or non-observance of prescribed time schedule for disposal of loan applications;
non-acceptance of application for loans without furnishing valid reasons to the applicant; and
non-adherence to the provisions of the fair practices code for lenders as adopted by the bank or Code of Bank’s Commitment to Customers, as the case may be;
non-observance of any other direction or instruction of the Reserve Bank as may be specified by the Reserve Bank for this purpose from time to time.
a customer would also be able to lodge a complaint against the bank for its non-adherence to the provisions of the fair practices code for lenders or the Code of Bank’s Commitment to Customers issued by the Banking Codes and Standards Board of India (BCSBI).
Judgements illustrating grounds of complaint
Metco Export International v. Federal Bank Limited and others. - The National Commission reiterated the fact that commercial purpose shall depend on the facts and circumstances of each case. It was held that for ‘commercial purpose,’ generation of profit from the goods purchased or services availed would be the main criterion. Since dispatch of papers by the Bank per se was not going to generate any profit to the complainant as the actual profit would come from the dispatch and sale of the exported goods, the Commission held that the complainant was a consumer.

CITI Bank N. A., Home Loan Department and another v. Ramesh Kalyan Durg and another - If the Complainants suffer the loss due to loss of the said documents the bank will be liable to compensate the Complainant.

HDFC Bank Ltd. v. Balwinder Singh - Practices involving forced repossession by the bank are strongly deprecated.

Prakash Chimanlal Sheth v. HDFC Bank limited, Maharashtra - Bank officials declining to encash the cheque is a deficiency of service.

Neelam Pansari & Another v. C.G.M State Bank of India & Another - NCDRC held SBI liable for deficiency in service for unnecessary increase in the rate of interest.”

Pradeep Kumar v. Postmaster General - The petitioner, a consumer, was denied compensation by the NCDRC after their Kisan Vikas Patra (KVP) savings were fraudulently encashed by a government agent. The agent misused her position to illegally withdraw the funds, which were meant for the petitioner. The court found that the post office failed to follow proper procedures and allowed the fraud to happen due to negligence by its staff. The court held the post office vicariously liable for the actions of its employees, stating that the consumer should not suffer for internal lapses and ordered full compensation with interest. It emphasized that payments should follow proper rules and that savings like KVPs must not be encashed in cash.

Arun Bhatiya v. HDFC Bank - The case involved a consumer whose fixed deposit (FD), held jointly, was prematurely withdrawn by the bank on the instruction of only one joint holder—his father—without the required consent from both account holders. The consumer claimed this was a clear deficiency in service by the bank. Initially, the consumer forums (State and National Commissions) rejected his complaint, saying it was a family dispute and better suited for a civil court. However, the Supreme Court disagreed, stating that banking services fall under the Consumer Protection Act, 1986, and that the complaint was valid under consumer law. The Court emphasized that any person who uses banking services is a consumer and has the right to seek remedies for unfair or deficient services. Since the bank violated the FD terms requiring signatures from all joint holders for early withdrawal, the matter was sent back for fresh review by the consumer commission.
State Bank of India vs. Pallabh Bhowmik and Others - Banks are fully liable if money is fraudulently withdrawn from a customer’s account. Financial institutions have a duty to safeguard customer funds and cannot evade responsibility for unauthorized transactions. In this case, it was also noted that unauthorized electronic transactions result in zero consumer liability if it is reported within 3-working days (as per an RBI circular), and there has not been any negligence from the consumer (such as disclosing sensitive information to third parties). Holding consumers liable requires negligence to be established. Since it was not there in this case, the bank was held liable.”",Banking_Sector
142,“What are the regulatory bodies?”,"“Reserve Bank of India (RBI) is the central bank of India and manages credit supply, regulates operations of banks, and helps maintain a healthy financial system.
Securities and Exchange Board of India (SEBI) protects the interests of the participants and enforces a set of rules to ensure that the market functions effectively
Insurance Regulatory and Development Authority of India (IRDAI) promotes orderly growth and proper functioning of the insurance industry in India.
The Ministry of Corporate Affairs is one of the financial regulators in India that regulates the functioning industrial and services sectors.
Pension Funds Regulatory and Development Authority (PFRDA) regulates pensions”",Banking_Sector
143,“What are the landmark judgements in banking?”,"“State Bank of India vs. Amiti Gupta - The Supreme Court reinforced that financial institutions are obligated to address consumer complaints promptly and effectively. Failure to do so constitutes a violation of consumer rights, highlighting the importance of responsive customer service in the banking sector.”
Indian Bank vs. M/S Satyam Fibres (India) Pvt. Ltd. – In this case, the issue was whether the letter submitted by the respondent was a forged letter, and whether the opposite party bank had the duty to ensure co-acceptance by the foreign bank? It was held that the opposite party bank failed to notice that the letter annexed was not the same as the letter of the same date given by the complainant to the bank. Based on evidence, it was established that the letter was forged and the respondent’s case was dismissed. The SC noted that banks need to act in accordance with the uniform rules of collection made by the International Chamber of Commerce.
Mardia Chemicals vs. UOI - In this case, the Supreme Court struck down certain provisions of the SARFAESI Act that were deemed unfair to borrowers, especially those that restricted the borrower’s right to approach the Debt Recovery Tribunal (DRT) without first depositing 75% of the amount claimed by the bank. This judgment was a significant victory for borrowers, ensuring that they had the right to contest recovery proceedings without facing undue financial hardship.
ICICI Bank vs. Shanti Devi Sharma - the Supreme Court reinforced that the powers given to banks under the SARFAESI Act must be exercised with due regard for fairness and justice. The court ruled that borrowers should be given a fair opportunity to settle disputes before harsh recovery actions like repossession of property are initiated.
Hongkong And Shanghai Banking Corp. Ltd vs. Awaz & Ors. – the Supreme Court held that setting interest rate ceilings for credit cards falls under the exclusive jurisdiction of the Reserve Bank of India (RBI). Earlier, the NCDRC held that charging interest rates beyond 30% constitutes an unfair trade practice. However, the SC upheld the exclusivity of the RBI in banking regulation and noted that the attempt on the part of NCDRC to try and impose ceilings on interest rates and ordering the RBI to issue specific regulations was an overreach and encroachment upon its statutory mandate.
Jaiprakash Kulkarni and Ors. vs. Banking Ombudsman and Ors. – this case is on cyber fraud. Unauthorized beneficiaries were added to the petitioner’s bank account without any OTP notification. There was a debit of Rs. 76,90,017/- through multiple transactions the following day. The petitioner, within the next two days, notified the bank and filed an FIR as well. The Court highlighted the importance of complying with the 2 Factor Authentication, and held the bank responsible for this lapse. Further, since the petitioner reported the matter swiftly and there was no negligence on his part, he was not held liable for losses. The bank was required to compensate the customer here.
HDFC Bank Ltd. vs Satish Baishya – The complainant/respondent had an account in the petitioner bank. When he went to the bank for withdrawing money, it came to his knowledge that Rs. 35,000 had been withdrawn by someone from his account. Notably, he was not informed of the transactions through SMS or otherwise. When he visited the bank, the bank ignored the matter and kept it aside. The NCDRC held HDFC Bank liable for failure to resolve the Complainant's grievances pertaining to multiple unauthorized transactions. Further, it failed to ensure SMS alert service for amount deduction.
Melwin D'Mello vs Bank of Baroda – The Complainant opened an NRI account with the Bank of Baroda, subsequently initiating an FC in 1996. This deposit was renewed regularly until 2019. On April 26, 2018, the FD was renewed again with maturity set for April 26, 2019. However, upon seeking renewal, the Complainant's sister was informed that the deposit was prematurely closed, despite the Complainant possessing the original deposit receipt. The Complainant alleged that despite assurances from the bank to investigate, no satisfactory resolution was provided. Before the commission, the Bank of Baroda was held liable for deficiency in service for prematurely closing the fixed deposit of an NRI customer and erroneously adjusting it against another customer's loan account.
K. Venkatasubbaiah vs Manager, State Bank of India – The complainant had a savings bank and FD account with the SBI. An amount of Rs. 64,000 was fraudulently transacted by an unknown person from his account by answering a phone call from SBI. He firstly filed a cyber complaint and then approached the bank branch with the same, but the bank refused to give any kind of relief. Consequently, SBI was held liable for deficiency in services due to its failure to safeguard the FD account of a customer which resulted in unauthorized transactions.
IDBI Bank Ltd. vs. R Sivakumar - Compensation, if any, has to be commensurate with the loss and injury suffered by the complainant. In the present case, while granting relief to the consumer from whose account money was debited although the transaction was not successful, the commission observed that no cause of action would arise if the issuer bank has reversed the amount within the stipulated period, and the transaction did not go through due to issues on the side of the acquirer bank.
Anil Milkhiram Goyel and Ors. vs. Hongkong and Shanghai Banking Corporation Limited - Freezing of joint SB A/c of the complainants on the ground of KYC non-compliance when the same was duly complied with, and/or non-deposit of the outstanding amount in a loan account when the impugned account was closed much earlier, which resulted in declining of ATM transaction not justified if proper evidence to this effect is not produced by the opposite party, and has been negligent in checking whether the formalities have been complied with or not.
State Bank of India Vs. Sansar Chand Kapoor and Ors. - The National Commission held that failure to provide CCTV footage of the ATM to a Complainant in cases alleging fraudulent withdrawal of money from their account amounts to deficiency of service on the part of the bank. The Commission also held that when the Complainant states that he did not withdraw the money, withdrawal of money could only have been possible by someone who had stolen the Complainant’s credit card and the Complainant had either disclosed the PIN number to the fraudsters or had been careless and inadvertently provided the PIN.
Indian Medical Association vs. V.P. Shantha and Ors. - In this case where for a bid certain earnest money or security deposit was taken, and the terms of the bank guarantee stated that withdrawal within 120 days would lead to forfeiture of the security money, the court held holding the HC in err that, “Forfeiture of security money does not in any way affect rights under the Contract Act. A person may have the right to withdraw the offer on the condition that certain earnest money will be forfeited and when he withdraws, he cannot also claim refund of the security deposit or earnest money.”
Vishnu Bansal v ICICI Bank Ltd. – The complainant took a home loan from the OP ICICI Bank @ 7.25% interest rate which was payable in 240 monthly EMIs. Later, the bank increased the interest rate to 8.75% and then to 12.25%, and also the number of EMIs to 331, without informing the complainant. The complainant approached the banking ombudsman, but no progress was made. He alleged deficiency of service and unfair trade practice on the part of the OP. The commission held that though the interest rate here was ‘floating rate of interest’ and the OP had a right to change the rate charged on the loan, it does not mean that it can increase or decrease of interest without apprising the borrower/Complainant about the change in interest charged or the number of EMIs. In simple terms, an opportunity must be afforded to the Borrower before changing the floating rate of interest. It accordingly held that the increase in the interest rates by the OP without taking the consent from the borrower/complainant amounted to Unfair Trade Practice.
HDFC Bank Ltd. v Balwinder Singh - The complaint was of the bank, or its loan recovery agent, employing musclemen to take forcible repossession of the hypothecated vehicle and thus causing physical harassment and mental trauma to the complainant. The District Forum allowed the complaint and directed the bank to pay compensation of Rs. 4 lakh for repossessing the vehicle in this manner and reselling it to a third party. The State Commission confirmed the order in appeal. Dealing with the bank's revision petition, the National Commission expressed shock that the bank had hired musclemen directly or through its recovery agents to recover the loan/repossess the vehicle. The Commission also referred to the State Commission's order, which had observed that the alleged letter produced by the bank purporting to the complainant voluntarily handing over possession of the vehicle was unreliable and that no notice was given to the complainant at the stages of repossession and sale of vehicle. In dismissing the petition, the Commission relied upon its judgment in Citicorp Maruti Finance Limited v S. Vijayalaxmi where it had strongly deprecated such practices. The Commission dismissed the petition and awarded Rs. 25,000/- as exemplary costs in this case.
Citicorp Maruti Finance Ltd. v S. Vijayalaxmi – the complainant borrowed money from the bank to purchase a vehicle through a hire purchase agreement. The complainant made regular payments to the bank, but failed to pay some installments in time due to some unforeseen circumstances. She requested the bank for a one-time settlement, which required her to pay a specific amount by a certain date. However, the bank appointed musclemen to repossess the vehicle, and sold it to a third party. The NCDRC held that a bank/moneylender/financier does not have the power to take possession of a vehicle purchased through a hire purchase agreement by use of force. Even though a hire purchase agreement may give the right to take possession, banks/moneylenders/financiers can only do so by using lawful means, i.e., statutory remedy and intervention of the court.
Punjab National Bank v K.B. Shetty - The complainant, K.B. Shetty, held a fixed deposit with Punjab National Bank. Despite instructions to renew the deposit automatically upon maturity, the bank failed to do so, resulting in financial loss to the depositor due to decreased interest rates. The Supreme Court held that: (1) banking services fall within the definition of ‘service’ under the Consumer Protection Act, (2) a bank’s failure to follow depositor instructions constitutes deficiency in service, and (3) the customer was entitled to compensation for the financial loss suffered.
M.P. Minerals Ltd. v Bank of India and Ors. - A complaint was filed alleging deficiency in service in not paying the amount of bank guarantee on demand. The defense plea was that the demand was not in accordance with terms of guarantee. It was held that where bank guarantee provided conditions for its invocation, then the Bank would not be deficient in service in not making payment under the bank guarantee if conditions were found not fulfilled.
N. Raveendran v Branch Manager, State Bank of India - Due to the wrongful dishonour of the demand draft the complainant was stranded at a very far off place from his home and it resulted in loss, mental agony and hardship to him. The commission noted that the primary duty of a Bank is to safeguard and protect the interest of their customer. It was held that if there has been a lapse or an omission committed by the officials of the Bank and if some inconvenience were caused to a customer due to the omission, negligence or default of the Bank, it amounts to a defective service according to the Consumer Protection Act.
P.P. Devassy v SBI and Ors. - The complainant's employer had sent some amount to him towards his traveling expenses, but the same was not received in his account with Catholic Syrian Bank, Ernakulam. The employer's banker in Middle East had sent telex payment order to the first opposite party (SBI Overseas Branch, Bombay) in favour of the complainant's aforesaid account who in turn vide telegraphic transfer remitted the funds to second opposite party (SBT, Ayiroor Branch) for credit to complainant's account. However, the said telegraphic transfer was not received by the second opposite party. It was held that not only the persons who hires any service but also the persons who are the beneficiaries of such service other than actual hirers would come within the clutches of the term 'consumer'. However, in the present case, the complainant's employer had not hired the services of the opposite parties but had hired the services of their bank in Middle East for sending the money. Therefore, it was held that the complainant was not a beneficiary of the service rendered by the opposite parties and hence not a consumer as defined under the Act. Thus, the complaint was dismissed.
Manohar Singh Chouhan & Ors. v Central Bank of India - The complainants had purchased a tractor after taking loan from the respondent bank. The respondent bank did not remit the premium amount to the insurance company with which the complainants have insured their tractor as a result of which the loss suffered when the tractor met with an accident could not be recovered from the Insurance company. The issue for consideration is whether non-payment of premium amount by the bank amounted to deficiency in service. It was held that when hire purchase agreement between the bank and buyer of the vehicle with the help of bank loan did not contain a condition creating obligation on the part of the bank to remit premium for insurance policy, complainant buyer of vehicle could not hold bank guilty of deficiency in service.
Branch Manager, State Bank of India v  S. K. Lekhi - The issue for consideration is whether there is deficiency in service by the bank in levying increased ledger folio charges and increase in minimum balance limit and deducting the same from the respondent without giving him notice. It was held that the increase in minimum balance amount in current account and increase in ledger folio charges brought in operation by bank pursuant to the Reserve Bank of India directions and general policy could not be held deficiency in service on the ground that individual notice was not given to the consumer.",Banking_Sector
144,“What are the Acts and Guidelines that govern banking?”,"“
Banking Regulation Act, 1949 https://rbidocs.rbi.org.in/rdocs/Publications/PDFs/BANKI15122014.pdf
Banking Regulation (Amendment) Act, 2020.

Reserve Bank of India Act 1934 https://rbidocs.rbi.org.in/rdocs/Publications/PDFs/RBIAM_230609.pdf
Negotiable Instruments Act, 1881 https://legislative.gov.in/sites/default/files/A1881-26.pdf
The Payment and Settlement Systems Act, 2007 https://rbidocs.rbi.org.in/rdocs/Publications/PDFs/86706.pdf
The Special Court (Trial of Offences Relating to Transactions in Securities) Act, 1992  https://legislative.gov.in/sites/default/files/A1992-27.pdf
The Special Court (Trial of Offences Relating to Transactions in Securities) Rules, 1992. https://financialservices.gov.in/sites/default/files/The%20Special%20Court%20%28TORTS%29%20Rules%2C1992.pdf ”
RBI Master Circular on Customer Service in Banks (dated 1 July, 2015) This master circular consolidates the important instructions issued by the RBI in the area of customer service up to June 30, 2015. Important from a consumer experience point of view for its focus on resolving complaints, improving customer relations, customer service committees etc.
https://rbidocs.rbi.org.in/rdocs/notification/PDFs/59FM04072F58B1DD44DFADD486B9B0A59E9D.PDF
RBI’s Charter of Customer Rights  (dated 3 December 2014)
It enshrines broad principles for protection of bank customers and lays down the ‘five’ basic rights of bank customers. These are: (i) Right to Fair Treatment; (ii) Right to Transparency; Fair and Honest Dealing; (iii) Right to Suitability; (iv) Right to Privacy; and (v) Right to Grievance Redress and Compensation.https://rbidocs.rbi.org.in/rdocs/content/pdfs/CCSR03122014_1.pdf

RBI Circulars",Banking_Sector
145,“What are the important links and resources?”,"“For more information on grievance redressal https://rbi.org.in/Scripts/Complaints.aspx
The below mentioned link directs the user to the contact information of the banking ombudsman.
https://www.rbi.org.in/Scripts/AboutUsDisplay.aspx?pg=BankingOmbudsmen.htm
FAQs - https://rbi.org.in/scripts/FAQDisplay.aspx
Banking Sector FAQs - https://consumerhelpline.gov.in/faq-details.php?fid=Banking ”",Banking_Sector
146,“What should I do if there are unauthorized charges on my account?”,"“You should contact your bank and raise a dispute as this is an option for all the consumers. This dispute can be raised by visiting the bank personally, via telephonic conversation or in writing an email to bank support.”",Banking_Sector
147,“Are customers charged for transactions at ATMs?”,“RBI has mandated a minimum number of free transactions at ATMs. Banks may offer more number of free transactions or put charges for more transactions at ATMs. Please refer to the website of the Bank where your account is for more information.”,Banking_Sector
148,“What are various types of cards issued by Banks?”,"“Cards can be classified on the basis of their issuance, usage and payment by the card holder. There are four types of cards (a) debit, (b) credit, (c) prepaid, and (d) electronic.”",Banking_Sector
149,"“What steps should a customer take in case of failed ATM Transaction, when his/ her account is debited?”",“The customer should lodge a complaint with the card-issuing bank at the earliest. This process is applicable even if the transaction was carried out at another bank's ATM.”,Banking_Sector
150,“Within how many days of a failed transaction the amount has to be re-credited?”,"“Yes, the card issuing bank has to re-credit the customer’s amount within five calendar days from the date of the failed ATM transaction.”",Banking_Sector
151,“Where can I complain if I have a problem with my Bank?”,"“1     . Integrated Grievance Redressal Mechanism - On 24th June 2019 RBI launched a software application called Complaint Management System (""CMS"") through NCH’s Integrated Grievance Redressal Mechanism (INGRAM). You can raise your grievance on the Digital Complaint Management System (CMS) Portal: https://cms.rbi.org.in This is the unified portal for Banking, NBFC as well as Digital Transactions related grievances. Citizens can access the CMS portal at RBI’s website to lodge their grievances against any of the entities regulated by RBI. The 2006 Scheme has been replaced by the 2021 Integrated Ombudsman Scheme. Though the previous portal continues to operate as earlier, the information here can be updated based on the 2021 Scheme - https://www.rbi.org.in/commonman/English/Scripts/PressReleases.aspx?Id=3340#:~:text=Complaints%20can%20continue%20to%20be%20filed%20online%20on,Sector%2017%2C%20Chandigarh%20-%20160017%20in%20the%20format

2. Integrated Ombudsman Scheme, 2021-  The Banking Ombudsman appointed has jurisdiction over all commercial banks, regional banks and scheduled primary cooperatives in India.
https://www.rbi.org.in/commonman/English/Scripts/PressReleases.aspx?Id=3340

3. Public Grievances Redressal Mechanism- Grievances received in the Department of Financial Services online or by post / manually in the Department of are processed and forwarded through CPGRAMS (Centralized Public Grievance Redress and Monitoring System) to the concerned organizations for resolution/disposal and are monitored and periodically reviewed.
https://pgportal.gov.in/

4. Approaching any other appropriate judicial or quasi-judicial body:
The complainant is free to take the service provider to a court or any other suitable venue (judicial or quasi-judicial). The proceedings in consumer commissions are not mired by the niceties of procedure, allowing the complainant to file a complaint for himself. As a consumer, the aggrieved party can take the service provider to the appropriate consumer commission, based on the pecuniary and territorial jurisdiction. The jurisdictions of the various consumer commissions are as follows-
a) District Commission: The aggrieved consumer can reach out to the District Commission under section 34 of the CPA, 2019, which provides that the district commission shall entertain matters where the value of the goods or services paid as consideration does not exceed more than fifty lakh rupees.
b) State Commission: In cases where the value of the goods or services paid as consideration is more than fifty lakh, but less than 2 crores, the consumer can approach the State Commission. Moreover, in cases of unfair contracts, the State Commission has original jurisdiction and the consumer can be directly approached. An appeal against the order of the District Commission can also be made under section 47 of the CPA, 2019.
c) National Commission: The National Commission can entertain matters where the value of goods or services paid as consideration exceeds 2 crores. Section 58 also provides that complaints against unfair contracts can be entertained by NCDRC when the amount of value paid exceeds 10 crores. The NCDRC also has appellate jurisdiction against the orders of any State Commission and Central Authority.
Moreover, it must also be kept in mind that section 100 of the CPA, 2019 provides that the remedy under CPA is in addition and not in derogation of other available remedies.
Another remedy available to consumers is mediation. Chapter 5 of the Consumer Protection Act provides for establishing mediation cells and resolving consumer complaints using mediation.

5. Special Courts for securities
These courts dispense of offenses concerning securities operations and the subjects related therewith. The Special Court (Trial of Offenses Relating to Transactions in Securities) Act, 1992 empowers the Central Government to appoint Custodian, who shall publish a notification in the Official Gazette regarding the list of persons involved in the offense connected with transaction of securities. The Act provides that if a person aggrieved by the notification or revocation ordered by the Custodian shall file a petition before the Special Court within thirty days of such order.”",Banking_Sector
152,“Who is an Internal Ombudsman?”,“Internal ombudsman is an independent apex level authority within the bank appointed to enable and ensure speedy resolution of complaints at the bank level,Banking_Sector
153,“Who is a Banking Ombudsman?”,“The Banking Ombudsman is a senior official appointed by the Reserve Bank of India to redress customer complaints against deficiency in certain banking services covered under the grounds of complaint specified.”,Banking_Sector
154,“Which banks are covered under the Banking Ombudsman Scheme?”,"“All Scheduled Commercial Banks, Regional Rural Banks and Scheduled Primary Co-operative Banks are covered under the Scheme.”",Banking_Sector
155,“When can one file a complaint?”,"“One can file a complaint before the Banking Ombudsman if a reply is not received from the bank for a period of 30 days or the bank rejects the complaint, or if the complainant is not satisfied with the reply given by the bank.”",Banking_Sector
156,“Is there any cost involved in filing complaints with Banking Ombudsman?”,"“No. The Banking Ombudsman does not charge any fee for filing and resolving customers’ complaints.
For more information please visit https://cms.rbi.org.in/cms/indexpage.html#eng”",Banking_Sector
157,“What is a debit card?”,"“A debit card works like an electronic check. Because the payment is deducted directly from a checking or savings account. If you use a debit card at a retail store, you or the cashier can run your card through a scanner that enables your financial institution to verify electronically that the funds are available and approve the transaction. Most debit cards also can be used to withdraw cash at ATMs (automated teller machines).”",Banking_Sector
158,“What are Prepaid Payment Instruments ( PPI’s) ?”,"“Prepaid payment Instruments can be used to buy goods and services as well as transfer and send money to a friend, family, etc. The loading /reloading of such PPI is only from a bank account and to be used for making only digital payments such as bill payments, merchant payments, etc.  Such PPIs can be issued on the basis of essential minimum details sourced from the customer. All PPI’s are issued on the prescribed KYC norms.",Banking_Sector
159,“What is the framework for “Limiting Liability of Customers for Unauthorized Electronic Payment Transactions?”,"“Consumer using pre-paid payment instruments (PPIs) issued by banks were protected by limiting their liability towards unauthorized electronic transactions. With effect from March 01, 2019, this facility was extended to customers using non-bank issued PPIs as well. The purpose of prescribing a framework for “Limiting Liability of Customers for Unauthorised Electronic Payment Transactions in Prepaid Payment Instruments (PPIs) issued by Authorized Non-banks” was to limit the liability of customers against unauthorized electronic payment transactions in PPIs issued by non-bank issuers. Further, an enhanced consumer grievance redressal framework was also implemented, prescribing the limits up to which a customer may bear liability under various scenarios like contributory frauds, negligence or deficiency on part of non-bank PPI issuer, third party breach, where the deficiency lies neither with the issuer nor with the customer, and scenarios in which the loss is due to negligence of the customer.”",Banking_Sector
160,“What Is a Mobile Wallet or Digital Wallet?”,“A consumer can store his money in a digital or mobile wallet and carry out online as well as offline transactions without using cash to make purchases. A mobile wallet is a PPI and is a virtual wallet that stores payment card information on a mobile device. Mobile wallets are a convenient way for a user to make in-store payments and can be used at merchants listed with the mobile wallet service provider.”,Banking_Sector
161,“ How does one use a mobile wallet?”,"“To use this wallet, first you have to open your account in that wallet of your choice and for this it is mandatory to have a mobile number. After registering to this service, money can be transferred to the wallet with the help of a debit or credit card and then at the time of purchase you can use money wallet with the help of a smartphone or mobile.”",Banking_Sector
162,“What is a payment gateway?”,"“The payment gateway works as the middleman between the customer and the merchant, ensuring the transaction is carried out securely and promptly. An online payment gateway can simplify how merchants integrate the necessary software. As the middleman during the payment processing, the gateway manages the customer’s sensitive card details between the acquirer and the merchant.”",Banking_Sector
163,“How does a Payment Gateway work?”,"“A customer initiates the payment transaction by clicking on ‘buy now’ or its equivalent button on the website.
·  E-commerce platform takes the customer to a payment gateway where the customer has to input the relevant details.
·   Payment gateway redirects the customer to a secure (consumer to check) page for authorizing the transaction.
· Once the transaction is approved by the payment gateway, banks check the  customer’s account to decide whether the transaction is a success
·  Payment gateway sends the message (successful transaction or error in the transaction) to the customer.
·   If the transaction is successful, the bank settles the payment with the payment gateway.
·   The payment gateway then settles the payment with the merchant, notifying the customer that the transaction is successful and the payment process is complete.”",Banking_Sector
164,“What is AePS (Aadhar Enabled Payment Service)?”,"“AePS is a bank led model which allows online interoperable final inclusion transactions at PoS (Micro ATM) through the business correspondent of any bank using Aadhaar authentication. In the past few months, several use cases like Loan EMI collection, premium collections, payment on delivery etc. have been developed and operationalized on AePS based - BHIM Aadhaar service with an aim to enable wider financial inclusion.  The four Aadhaar-enabled basic types of banking transactions are Balance Enquiry, Cash Withdrawal, Cash Deposit, Aadhaar to Aadhaar Funds Transfer.”",Banking_Sector
165,“What is the Internal Ombudsman for Non-Bank Prepaid Payment Instruments?”,"“NEFT offers many advantages over the other modes of funds transfer:
-      The remitter need not send the physical cheque or Demand Draft to the beneficiary.
-      The beneficiary need not visit his / her bank for depositing the paper instruments.
-      The beneficiary need not be apprehensive of loss / theft of physical instruments or the likelihood of fraudulent encashment thereof.
-      Cost effective.
-      Credit confirmation of the remittances sent by SMS or email.
-      Remitter can initiate the remittances from his home / place of work using the internet banking also.
-      Near real time transfer of the funds to the beneficiary account in a secure manner.”

Real Time Gross Settlements FAQs",Banking_Sector
166,“What is the RTGS System?”,"“The acronym 'RTGS' stands for Real Time Gross Settlement, which can be defined as the continuous (real-time) settlement of funds transfers individually on an order by order basis (without netting). 'Real Time' means the processing of instructions at the time they are received rather than at some later time; 'Gross Settlement' means the settlement of funds transfer instructions occurs individually (on an instruction by instruction basis). Considering that the funds settlement takes place in the books of the Reserve Bank of India, the payments are final and irrevocable.”",Banking_Sector
167,“How is RTGS different from the National Electronics Funds Transfer System (NEFT)?”,"“NEFT is an electronic fund transfer system that operates on a Deferred Net Settlement (DNS) basis which settles transactions in batches. In DNS, the settlement takes place with all transactions received till the particular cut-off time. These transactions are netted (payable and receivables) in NEFT whereas in RTGS the transactions are settled individually. For example, currently, NEFT operates in hourly batches. [There are twelve settlements from 8 am to 7 pm on week days and six settlements from 8 am to 1 pm on Saturdays.] Any transaction initiated after a designated settlement time would have to wait till the next designated settlement time Contrary to this, in the RTGS transactions are processed continuously throughout the RTGS business hours.”",Banking_Sector
168,“Would the remitting customer get back the money if it is not credited to the beneficiary's account? When?”,"“Yes. Funds, received by a RTGS member for the credit to a beneficiary customer’s account, will be returned to the originating RTGS member within one hour of the receipt of the payment at the PI of the recipient bank or before the end of the RTGS Business day, whichever is earlier, if it is not possible to credit the funds to the beneficiary customer’s account for any reason e.g. account does not exist, account frozen, etc. Once the money is received back by the remitting bank, the original debit entry in the customer's account is reversed.”",Banking_Sector
169,“What about Processing Charges / Service Charges for RTGS transactions?”,"“With a view to rationalize the service charges levied by banks for offering funds transfer through RTGS system, a broad framework has been mandated by RBI. Please refer to the RBI site for details pertaining to service charges for RTGS Transactions.”",Banking_Sector
170,“What is the essential information that the remitting customer would have to furnish to a bank for the remittance to be effected?”,"“The remitting customer has to furnish the following information to a bank for initiating a RTGS remittance:
Amount to be remitted
Remitting customer’s account number which is to be debited
Name of the beneficiary bank and branch
The IFSC Number of the receiving branch
Name of the beneficiary customer
Account number of the beneficiary customer
Sender to receiver information, if any.”",Banking_Sector
171,“How would one know the IFSC number of the receiving branch?”,"“The beneficiary customer can obtain the IFSC code from his bank branch. The IFSC code is also available on the cheque leaf. The list of IFSCs is also available on the RBI website. This code number and bank branch details can be communicated by the beneficiary to the remitting customer.”


Shares and Brokerage FAQs",Banking_Sector
172,“What are the kinds of Grievances noted in Shares and Brokerage?”,"“The Various Types of Investors? Grievances observed by SEBI in connection of Shares are as follows:
1. Delay in transfer of shares
2. Non-receipt of shares/dividends/rights/bonus shares
3. Delay/ Non-receipts in issue of duplicate shares
4. Delay/ Non-receipt of annual reports
5. Delay/ Non-receipt of redemption amount of debentures
6. Delay/ Non-receipt of interest on debentures
7. Delay/ Non-credit of shares in the account by the broker
8. Delay/ Non-payment of sale proceeds by the broker etc.
9. Manipulation in the accounts statements
10. Unauthorized trades and unauthorized movements of shares and funds from the clients? accounts.
11. Dabba Trading/ churning etc. in clients? accounts
12. Delay/ Non-updating the changed detail of Investors.
The market regulator has initiated a centralized online system for lodging and tracking complaints. Here's how to redress your grievances.”",Banking_Sector
173,“Where to complaint?”,"“For registering a complaint, access https://scores.sebi.gov.in/scores-home/ and click on the 'complaint registration' tab under 'Investor Corner'.”",Banking_Sector
174,“What is SCORES?”,“It stands for SEBI Complaints Redress System.”,Banking_Sector
175,“How is the complaint processed?”,"“The complaint is scrutinized by SEBI to see if the subject falls under its purview. If it does, SEBI forwards it to the concerned entity with advice to send a written reply to the investor and file an action-taken report within 30 days.
Track the status of your complaint: To check your complaint status, click on 'View Complaint Status' under 'Investor Corner' on the home page.
STEP 1: Provide the complaint registration number which was allotted at the time of registration.
STEP 2: Enter your password:
In case of online complaints, your email address is your password.
In case of physical complaints sent to SEBI, enter the password sent to you by SEBI in the acknowledgment letter.
RESULTS: On verifying the correctness of the registration number, password, and security code, the current status of your complaint is displayed.”",Banking_Sector
176,“When are complaints not taken up by SEBI?”,"“Your complaint may not be taken up if:
It is incomplete or not specific.
The allegation is not supported by documents.
You are simply offering suggestions or seeking guidance/explanation.
You want to seek an explanation for non-trading or illiquidity of shares.
You are not satisfied with the trading price of shares.
It is about non-listing of shares of a private offer.
It concerns disputes arising from a private agreement with companies/intermediaries.
Complaints that are sub-judice (relating to cases which are under consideration by court of law, quasi-judicial proceedings etc.)
Complaints falling under the purview of other regulatory bodies viz. RBI, IRDAI, PFRDA, CCI, etc., or under the purview of other ministries viz., MCA, etc.”",Banking_Sector
177,“How complaints can be informed to SEBI?”,"“A complaint that has been taken up with the company concerned can be registered on SCORES if the investor is not satisfied with the response.
Unlisted companies and entities not registered with SEBI are not covered by SCORES.
An investor, who is not familiar with SCORES or has no access to the website, can lodge a complaint in the physical form by mail to any SEBI office. Such complaints are scanned and uploaded in SCORES for processing.
You can also call up SEBI's toll-free helpline service number for guidance. Dial 1800 266 7575 or 1800 22 7575 (The service is available in 14 languages). For more information please visit https://scores.sebi.gov.in/scores-home/.”

Bharat QR FAQs",Banking_Sector
178,"""Whom should I contact if I have issues with accepting payments?""
 Answer: ""Please get in touch with your acquiring bank helpdesk.""
 —",“IMPS is an innovative real time payment service that is available round the clock. This service is offered by National Payments Corporation of India (NPCI) that empowers customers to transfer money instantly through banks and RBI authorized Prepaid Payment Instrument Issuers (PPI) across India.”,Banking_Sector
