,Question,Answer,File
0,“When was the Consumer Protection Act 2019 enacted? Is the Consumer Protection Act 1986 still valid?”,"“The Consumer Protection Act 2019 was notified on August 9, 2019. However, it came into effect on July 20, 2020. This Act replaced the Consumer Protection Act 1986 to address the contemporary issues faced by consumers and to streamline the consumer grievance redressal process in India. 

The Consumer Protection Act 1986 was the first significant legislation in India aimed at protecting consumer interests. It provided for the establishment of consumer councils and other authorities for the settlement of consumers' disputes and for matters connected therewith. It has now been repealed by the Consumer Protection Act 2019. Under Section 107(2) of the Consumer Protection Act 2019, all disputes arising out of the previous act shall now be governed by the new act.”

—",General
1,“What are the main features of the Consumer Protection Act 2019?”,"“The Consumer Protection Act 2019 retains several provisions from the older legislation but introduces numerous new measures to strengthen consumer rights and provide a comprehensive framework for consumer protection. Here are the main features of the Act:
Inclusion of E-commerce and Direct Selling Transactions: The Act now covers transactions conducted through e-commerce platforms and direct selling. This ensures that consumers engaging in online and direct sales are protected under the law.
Establishment of Central Consumer Protection Authority (CCPA): A key feature of the new Act is the establishment of the Central Consumer Protection Authority (CCPA). The CCPA has been empowered to regulate matters relating to the violation of consumer rights, unfair trade practices, and misleading advertisements. It can take suo-moto actions, recall products, and initiate class actions.
Strict Norms for Misleading Advertisements: The Act imposes strict regulations on misleading advertisements. It holds manufacturers, service providers, and endorsers accountable for false claims and deceptive marketing practices, thus protecting consumers from being misled.
Product Liability: The new Act introduces stringent norms for product liability, making manufacturers, sellers, and service providers responsible for any harm caused by defective products or deficient services. This ensures that consumers can seek compensation for any damage or injury.
Enhancement in Pecuniary Jurisdiction: The Act has increased the pecuniary jurisdiction of consumer courts. This means that the monetary limit for cases that can be handled by District Consumer Disputes Redressal Commission (DCDRC), State, and National Consumer Disputes Redressal Commission (NCDRC) has been raised, allowing more significant claims to be addressed at each level.
Greater Ease in Dispute Resolution: The Act aims to simplify and expedite the dispute resolution process. It promotes the resolution of consumer disputes through mediation, offering an alternative to the traditional court process. This makes it easier and faster for consumers to settle their grievances.
Addition of Unfair Trade Practice Clauses: The Act has expanded the definition of unfair trade practices to include unfair contracts. This ensures that any terms in a contract that are biased against the consumer or are excessively one-sided can be challenged and declared null and void.
E-filing of Complaints: Consumers can now file complaints electronically, making the process more accessible and convenient. This is particularly beneficial for those who may not be able to physically visit consumer courts.
Mediation as an Alternate Dispute Resolution: The introduction of mediation as an alternate dispute resolution mechanism provides a more amicable and less adversarial way of resolving consumer disputes. This helps in reducing the burden on consumer courts and provides quicker resolutions.”
—",General
2,“Who is a Consumer?”,"“Under the Consumer Protection Act 2019, a consumer is defined comprehensively to include individuals engaging in various types of transactions. Here's an expanded explanation:
Definition of a Consumer:
General Definition:
A person who buys any goods: This includes anyone who purchases goods for consideration (payment), whether the payment is made upfront, promised, partly paid, or deferred. The definition also extends to users who use the goods with the buyer's approval and beneficiaries of services.
Hires or avails any services: Similar to the purchase of goods, this includes individuals who hire or use services for consideration, whether the payment is made, promised, partly paid, or deferred.
Inclusion of Various Transaction Modes:
The Consumer Protection Act 2019 explicitly includes both offline and online transactions. This encompasses purchases made through electronic means such as websites and mobile apps, as well as teleshopping, direct selling, and multi-level marketing.
Personal Use Criterion:
To qualify as a consumer under the Act, the goods or services must be bought for personal use and not for commercial purposes like manufacturing or resale. This distinction ensures that the Act primarily protects individuals who are end-users of products and services, rather than businesses engaged in commercial activities.
Examples of a Consumer:
Individual Purchaser: Someone who buys a refrigerator for use in their home.
Service User: A person who subscribes to an internet service for personal use.
Online Shopper: An individual who purchases clothing from an e-commerce website.
Teleshopping Buyer: Someone who orders a fitness equipment via a teleshopping channel.
Direct Selling: A person who buys skincare products directly from a company representative.
Multi-Level Marketing: An individual purchasing wellness products through a multi-level marketing scheme for personal use.”
—",General
3,“Who is not a consumer?”,"“A consumer is defined as someone who buys goods or avails services for personal use and not for commercial purposes. However, certain categories of people are explicitly excluded from this definition. Here are the main exclusions:
A person who obtains goods free of charge: If an individual receives goods without any payment, they are not considered a consumer under the Act. This means they cannot seek remedies under consumer protection laws for issues related to those goods.
A person who avails services free of charge: If someone uses services without paying for them, they do not fall under the definition of a consumer. Consequently, they cannot file complaints or seek redressal for any grievances related to those services. However, if services are provided for free along with a product, you can argue that since you paid for the product, those services should be included in a product liability claim.
A person who avails services for any commercial purposes: Those who use services for commercial purposes, such as in their business operations, are also excluded from the definition of a consumer. The protection offered by the Act is intended for personal, not business, use.
A person who avails services under a contract of service: Individuals who receive services as part of a contract of service, such as employees receiving services from their employers, are not considered consumers. These situations are typically governed by employment laws rather than consumer protection laws.
Clarification on commercial purposes: It is important to note that the Act specifies an exception to the exclusion for commercial purposes. If a person buys and uses goods exclusively for the purpose of earning their livelihood through self-employment, they are still considered a consumer. This means that small business owners, artisans, or individuals using goods for personal business activities to sustain their livelihood are protected under the Act.”
—",General
4,“Are individuals who purchase goods and resell them classified as consumers?”,"“ Individuals or entities who purchase goods to resell them or use them for commercial purposes are not classified as consumers. Consumer specifically refers to end-users who purchase goods or services for personal consumption or use, not for commercial gain through resale or business operations.”

—",General
5,“What are goods?”,"“Goods refer to every kind of movable property. This definition encompasses all items that can be physically moved, regardless of their nature or purpose. Additionally, ""goods"" explicitly include ""food"" as defined in clause (j) of sub-section (1) of section 3 of the Food Safety and Standards Act, 2006. This means that all consumable items classified as food under this Act are also considered goods. However, immovable items such as property are not covered under goods”
_",General
6,"“What is deficiency under the Consumer Protection Act, 2019?”","“Deficiency"" under the Consumer Protection Act refers to any fault, imperfection, shortcoming, or inadequacy in the quality, nature, and manner of performance that a person is required to maintain by law or has undertaken to perform in relation to any service. This includes:
Negligence or Omission: Any act of negligence, omission, or commission by the service provider that causes loss or injury to the consumer.
Withholding Information: Deliberate withholding of relevant information by the service provider to the consumer.
Explanation: Whenever there is a deficiency in services, the customer is taken advantage of, leading to financial loss. Any form of negligence, omission, or wrongful act can result in harm to consumers.
Section 2(11) of the Consumer Protection Act, 2019: This section defines ""deficiency in service"" in a similar manner. It states that any fault, imperfection, shortcoming, or inadequacy in the quality, nature, and manner of performance that is required to be maintained by law or as per a contract is considered a deficiency. This includes any act of negligence, omission, commission, or deliberate withholding of relevant information by the service provider to the consumer.
Applicable Sectors: Deficiency of service can occur in any buyer-seller relationship and spans across various sectors including legal aid, banks, railways, construction, transportation, education, electricity, entertainment, restaurants, and hospitality.
In summary, a deficiency in service involves any failure to meet the required standards or contractual obligations, causing harm or loss to the consumer.”
—",General
7,“What is an unfair contract?”,"“An unfair contract refers to a contract between a manufacturer, trader, or service provider and a consumer that contains terms causing a significant change in the consumer's rights. These terms include:
a. Excessive Security Deposits: Requiring consumers to provide manifestly excessive security deposits for the performance of contractual obligations.
b. Disproportionate Penalties: Imposing penalties on consumers for breach of contract that are wholly disproportionate to the loss incurred by the other party.
c. Refusal of Early Repayment: Refusing to accept early repayment of debts even when the consumer is willing to pay the applicable penalty.
d. Unilateral Termination: Entitling one party to terminate the contract unilaterally without a reasonable cause.
e. Detrimental Assignment: Permitting one party to assign the contract to the detriment of the consumer without the consumer's consent.
f. Unreasonable Charges or Conditions: Imposing any unreasonable charge, obligation, or condition on the consumer that puts them at a disadvantage.
In summary, an unfair contract contains terms that significantly disadvantage the consumer, either through excessive demands, disproportionate penalties, or unbalanced rights and obligations.”
_",General
8,"“What are the unfair trade practices under the Consumer Protection Act, 2019?”","“The Consumer Protection Act, 2019, prohibits various unfair trade practices, including:
False or Misleading Advertisements: Advertising goods or services with false or misleading claims.
Selling Defective or Unfit Goods: Selling goods that are defective or unfit for their intended purpose.
Excessive Pricing: Charging excessively high prices for goods or services.
Refusal to Refund or Replace: Refusing to refund money or replace defective goods as per the terms of sale or service.
Coercion: Using coercion, undue influence, or pressure to compel consumers to purchase goods or services.
Unfair Contract Terms: Including unfair terms and conditions in contracts with consumers.
These practices are deemed unfair as they exploit consumers and violate their rights, as outlined in the Consumer Protection Act, 2019.”
—",General
9,“What is a misleading advertisement ?”,"“A misleading advertisement, concerning any product or service, is one that:
Falsely describes the product or service,
Provides false guarantees or is likely to mislead consumers regarding its nature, substance, quantity, or quality,
Conveys explicit or implicit representations that, if made by the manufacturer, seller, or service provider, would be considered unfair trade practices, or
Intentionally hides significant information.” 
—",General
10,“What is e-commerce?”,"“E-commerce, as defined under the Consumer Protection Act 2019, refers to the buying or selling of goods or services, including digital products, over a digital or electronic network. This includes transactions conducted through online platforms, websites, mobile apps, or other electronic means where goods or services are exchanged electronically.”
_",General
11,“What is an e-commerce entity”,"“An ""e-commerce entity"" refers to any individual who owns, operates, or manages a digital or electronic platform for electronic commerce. However, this term does not encompass a seller who offers goods or services for sale on a marketplace operated by an e-commerce entity.” 
—",General
12,“What is product liability?”,"“Product liability refers to the responsibility of a product manufacturer or seller to compensate a consumer for any harm caused by a defective product or deficiency in services related to the product. This means that if a product is faulty or does not meet the expected standards, and this results in harm to a consumer, the manufacturer or seller is liable to provide compensation. Product liability ensures that consumers are protected from unsafe or substandard products and have recourse if they suffer harm as a result of using them.”
—",General
13,“ What is product liability action?”,"“A ""product liability action"" refers to a complaint lodged by an individual before a District Consumer Disputes Redressal Commission (DCDRC), State Commission, or National Consumer Disputes Redressal Commission (NCDRC), seeking compensation for harm suffered. To initiate such action, the consumer must demonstrate that the harm resulted from a ""defective product or service"" purchased by them.” 
—",General
14,"“What is harm under the Consumer Protection Act, 2019?”","""Harm in the context of product liability includes:
Damage to Property: This refers to any damage caused to property other than the product itself. For example, if a faulty electronic device causes a fire that damages a house, this would be considered harm.
Personal Injury, Illness, or Death: Harm also includes any personal injury, illness, or death caused by a defective product. For instance, if a toy contains hazardous materials that harm a child, this would be considered harm.
Mental Agony or Emotional Distress: This refers to the mental anguish or emotional distress experienced as a result of personal injury, illness, or damage to property caused by a defective product.
Loss of Consortium or Services: Harm also includes any loss of consortium (companionship or support) or services resulting from the harm caused by a defective product.
Exclusions: Harm does not include harm caused to the product itself or damage to property due to breach of warranty conditions. It also does not include any commercial or economic loss, including direct, incidental, or consequential loss relating to the harm.”
_",General
15,“Who is a product seller ?”,"“A product seller is a person engaged in the business of importing, selling, distributing, leasing, installing, preparing, packaging, labelling, marketing, repairing, maintaining, or otherwise commercially placing a product. This includes:
- Manufacturers who also sell products,
- Service providers, excluding:
 Sellers of immovable property, except those engaged in selling constructed houses or constructing homes or flats,
Providers of professional services where the sale or use of a product is incidental, with the essence of the transaction being the provision of opinion, skill, or services,
Persons who:
Solely act in a financial capacity regarding the product sale,
Are not manufacturers, wholesalers, distributors, retailers, direct sellers, or electronic service providers,
Lease a product without having a reasonable opportunity to inspect for defects, under a lease arrangement where selection, possession, maintenance, and operation are controlled by someone other than the lessor.” 
—",General
16,“What are the Consumer Dispute Redressal Agencies?”,"“ Consumer Disputes Redressal Agencies, established under the Consumer Protection Act, are quasi-judicial bodies offering prompt and affordable resolution to consumer grievances. They operate at three levels: District Consumer Disputes Redressal Commission (DCDRC), State, and National Consumer Disputes Redressal Commission (NCDRC), known respectively as District Consumer Disputes Redressal Commission (DCDRC), State Consumer Disputes Redressal Commission (SCDRC), and National Consumer Disputes Redressal Commission (NCDRC).” 
_",General
17,“What is CCPA?”,"“CCPA stands for the Central Consumer Protection Authority. It is an institution established by the Central Government under the provisions of the Consumer Protection Act to regulate various aspects related to consumer rights and protection. The CCPA has been granted powers to:
Regulate Matters: The CCPA regulates matters pertaining to the violation of consumer rights, unfair trade practices, and false or misleading advertisements that are detrimental to the interests of the public and consumers.
Protect Consumer Rights: The primary objective of the CCPA is to promote, protect, and enforce the rights of consumers as a collective class. This includes safeguarding consumers against deceptive practices, ensuring fair treatment, and upholding their rights in commercial transactions.A complaint about violations of consumer rights, unfair trade practices, or misleading advertisements can be made to the District Collector, Commissioner of a regional office, or the Central Authority. Grievances Against Misleading Advertisements (GAMA) - You can register a complaint along with a copy / video / audio of such advertisement through the web portal of the GOI at http://gama.gov.in to bring it to the notice of the Government” 
Consumers with individual grievances cannot approach the CCPA for addressing consumer grievances as it is only a regulatory authority. 
—",General
18,“Can a person buying goods or services for a business purpose make a complaint ?”,"“ Under the Consumer Protection Act of 2019, individuals purchasing goods or services for business purposes cannot file complaints unless they are buying goods or using services solely for the purpose of self-employment for their livelihood. 
Any goods purchased in the course of business on behalf of their employer or company in which they have an interest, would not be covered under consumer protection. Similarly, any goods or services purchased in pursuit of a principal client relationship on behalf of a business would also not be covered by consumer protection. For example, if a person buys 10 laptops from a manufacturer on behalf of his company or place of work, that would be buying goods for a business purpose. Any issue arising out of this purchase will not be covered under the Consumer Protection Act, 2019.
However, if the goods or services are purchased in the course of self-employment for pursuit of livelihood, consumer protection law will apply to the goods and/or services purchased. For example, a self-employed carpenter purchasing a drill for his work would be able to make use of consumer protection law with respect to his purchase of the drill.”
—",General
19,“Can someone availing of public services make a complaint against the government under Consumer Protection Act?”,"When the government provides services as a public authority, such as delivering public services to all citizens, no claims can be made under consumer protection law. This is because the government is not considered a seller or service provider in these cases. For example, a person cannot use consumer protection laws to address issues like delayed Income Tax refunds or dissatisfaction with the work of a municipal authority.
However, if services or goods are provided by a government-owned entity and a fee is paid for these services or goods, then consumer protection laws can apply. In such cases, the government-owned entity acts as a seller or service provider. For example, if someone has paid for services like railway tickets or purchased goods from a government-run shop, they can file a complaint under consumer protection law for any deficiencies or issues with the service or goods provided.
—",General
20,“Can I claim compensation if the product itself is damaged?”,"“ No, compensation cannot be claimed solely for damage to the product itself under product liability.” 
—",General
21,"“Who can be liable in a product liability action?”
You can file a product liability claim against various parties involved in the supply chain, including:
Manufacturer: The entity responsible for producing the product.
Product Service Provider: Any entity that provides a service related to the product, such as installation or maintenance.
Product Seller: The entity that sells the product to consumers.
Depending on the circumstances of the case, you may choose to hold one or more of these parties responsible for any harm caused by the product.”
—
Question: “What grounds can I claim compensation for the product manufacturer?","“You can claim compensation from a product manufacturer if, in a product liability action under Section 84 of the Consumer Protection Act, 2019:

1. The product has:
   a. A manufacturing defect,
   b. A design defect,
   c. Deviation from manufacturing specifications,
   d. Failed to conform to the express warranty, or
   e. Lacked adequate instructions or warnings regarding proper usage to prevent harm or misuse.

2. The manufacturer can still be held liable in a product liability action even if they prove they were not negligent or fraudulent in providing an express warranty for the product.”
—",General
22,“ What grounds can I claim compensation for a product service provider?”,"“A product service provider can be held liable in a product liability action if:
a. Faulty, Imperfect, or Deficient Service: The service provided was faulty, imperfect, deficient, or inadequate in quality, nature, or manner of performance as required by law, contract, or otherwise.
b. Act of Omission, Commission, or Negligence: The service provider committed an act of omission, commission, negligence, or consciously withheld information that caused harm.
c. Failure to Provide Adequate Instructions or Warnings: The service provider did not issue adequate instructions or warnings to prevent harm.
d. Non-Conformity to Express Warranty or Contract Terms: The service did not conform to express warranty or the terms and conditions of the contract.
In these situations, the product service provider can be held liable for any harm caused to the consumer.”
—",General
23,“ When can I claim compensation from the seller?”,"“ You can claim compensation from a seller who is not the manufacturer in a product liability action if:
The seller exercised substantial control over the designing, testing, manufacturing, packaging, or labeling of the product that caused harm.
The seller altered or modified the product, and such alteration or modification was a substantial factor in causing harm.
 The seller provided an express warranty for the product independent of any warranty made by the manufacturer, and the product failed to meet the seller's warranty, resulting in harm.
The product was sold by the seller, but the identity of the manufacturer is unknown, or if known, legal processes cannot be served against them.
The seller is not subject to Indian law, or any orders passed cannot be enforced against them.
The seller failed to exercise reasonable care in assembling, inspecting, or maintaining the product, or failed to provide warnings or instructions from the manufacturer regarding product dangers or proper usage, and this failure directly caused harm.” 
—",General
24,“What are the defences available to a defendant in a product liability action?”,"“In a product liability action, the following defences may be available to the defendant:
Non-Consumer Status: The complainant is not considered a 'consumer' under the Consumer Protection Act 2019, meaning they obtained the goods for resale or commercial purposes, or received the product free of charge.
Misuse, Alteration, or Modification: The product was misused, altered, or modified by the consumer, which contributed to the harm.
Obvious or Commonly Known Danger: The danger posed by the product is obvious or commonly known to the user or consumer, or should have been known considering the characteristics of the product.
Warnings or Instructions: The product manufacturer provided warnings or instructions to the employer of the consumer, and the harm resulted from the employer's use of the product.
Component of End Product: The product was sold as a component of an end product, and necessary warnings or instructions were provided by the manufacturer, but the harm was caused by the end product's use.
Expert Supervision: The product was legally meant to be used or dispensed only by or under the supervision of an expert, and the manufacturer provided reasonable warnings or instructions to such expert or class of experts.
Consumer's State While Using the Product: The consumer was under the influence of alcohol or a prescription drug not prescribed by a medical practitioner while using the product.
Lack of Harm: Even if the product was defective, it did not cause any harm to the consumer who used it.”",General
25,“ Under what conditions is a “marketplace” responsible for product liability?”,"“ A ""marketplace"" is generally not responsible for product liability issues if it merely offers a platform for buying and selling products. However, according to the CPA 2019, a marketplace may be liable in a product liability claim if it provides extra services or functions as a product manufacturer or service provider. Examples include situations where the marketplace:
a) Offers its own separate warranty for a product,
b) Provides additional services, such as installation, for a product.”
—",General
26,“Who is responsible if several parties are involved in the manufacturing of a product?”,"“ In cases involving multiple manufacturers, liability is determined by the commission on a case-by-case basis. Factors considered include which component caused the defect and whether proper instructions or warnings were provided. This is especially relevant for products like home appliances and automobiles with parts from different manufacturers. Courts have attempted to identify the responsible party in past cases with multiple parties involved. If assigning liability to a single party is not possible, all involved parties may be held jointly and severally liable.”
—",General
27,“Who can be held liable for a misleading advertisement?”,"“Any of the following parties can be held liable for a misleading advertisement:
Manufacturers: The producers of the product being advertised.
Traders: Individuals or businesses involved in the sale and distribution of the product.
Advertising Agencies: Agencies responsible for creating and promoting the advertisement.
Celebrity Endorsers: Celebrities or public figures who endorse and promote the product.
Publishers: Media outlets and platforms that disseminate the advertisement to the public.
These parties can be held accountable for any false claims, deceptive practices, or misleading information presented in advertisements.”
—",General
28,“What is the penalty for someone found guilty of the offence of misleading advertisement?”,"“For the offence of misleading advertisement, if found detrimental to consumer interests, the Central Authority can levy a penalty of up to Rs. 10,00,000 (Rupees Ten Lakhs) on the manufacturer, escalating to Rs. 50,00,000 (Rupees Fifty Lakhs) for subsequent violations. Moreover, under the Consumer Protection Act 2019, manufacturing or service providers engaging in false advertising can face imprisonment for up to 2 years, extending to 5 years for repeat offences.
Similarly, the Central Authority can impose a penalty of up to Rs. 10,00,000 (Rupees Ten Lakhs) on the endorser if the misleading advertisement harms consumer interests. Additionally, the endorser may be barred from endorsing the specific product or service for up to one year, which could extend to three years for subsequent violations. However, endorsers exercising due diligence to verify the advertisement's claims regarding the endorsed product or service are not liable to penalties.
— 
——",General
29,"“Before resorting to litigation, is there any process that can be pursued in order to claim compensation?”","“Yes, before resorting to litigation, an aggrieved individual can take the following steps to claim compensation:
Send a Notice: The individual can send a formal notice to the service provider or seller. This notice should detail:
The defects in the goods or services or the deficiencies in the service
The individual's intention to pursue legal action if the service provider fails to offer compensation
This step allows the service provider an opportunity to rectify the issue or offer compensation, potentially resolving the dispute without the need for litigation.”
_",General
30,“How do I get my consumer grievances addressed?”,"“To address your consumer grievance, you have a few options. You can:

Directly send a notice to the product seller or service provider.
Call the National Consumer Helpline at 1800-11-4000 or 1915, available all days except national holidays, from 8:00 AM to 8:00 PM.
Send an SMS to 8800001915, and they will get back to you.
Other helpline numbers are - 011 - 2430 - 5702, 011 - 2430 - 5703, 011 - 2430 - 5728, 011 - 2430 - 5752, 011 - 2430 - 5766
Register your grievance online at https://consumerhelpline.gov.in/user/signup.php.
Register your grievance through the NCH APP or UMANG APP on your mobile phone.
Register your grievance via WhatsApp at https://api.whatsapp.com/send/?phone=918800001915&text&type=phone_number&app_absent=0.
The new platform is e-Jagriti, where users can file complaints online.The link is https://e-jagriti.gov.in/ 

—",General
31,“How can I contact a state consumer helpline?”,"“The state helpline numbers for any consumer grievance related assistance is below:
Andhra Pradesh - 0866 2551431

Arunachal Pradesh - 1800-345-3601

Assam - 1800-345-3611

Bihar - 1800-345-6188

Chhattisgarh - 1800-233-3663

Delhi - 011-23379266

Goa - 0832-2222466

Gujarat - 1800-233-0222

Haryana - 1800-180-2087

Himachal Pradesh - 0177-2620797

Karnataka -  080-22355065

Kerala - 0471-2725157

Madhya Pradesh - 0755-2553722, 2763673

Maharashtra - 1800-22-2262

Meghalaya - 1967 or 1800-345-36870

Mizoram -  1800-354-3891

Odisha - 1800-345-6724 / 6760

Rajasthan - 1800-180-6030

Sikkim - 1800-345-3209/203-951

Tamil Nadu - 044-2859-2828

Telangana - 040-23394399

Uttarakhand - 0135-3510041
West Bengal - 1800-345-2802”
—",General
32,“What is the address or contact information of state consumer commissions in India?”,"“The different state consumer commissions address is as below:
Andhra Pradesh -1 st Floor, Sai Towers, Beside SIRIS Company, Ashok Nagar, Kanuru, Vijayawada – 520 007
Arunachal Pradesh -State Consumer Disputes Redressal Commission, Near Pawan Hans Office, (Old Secretariat Complex), Naharlagun, ITANAGAR
Assam -Housefed Complex, Central Block, 5th Floor,Guwahati – 781 006
Bihar- State Consumer Disputes Redressal Commission, R – Block, Road No.2, Daroga Prasad Rai Path,PATNA – 800 001
Chhattisgarh- State Consumer Disputes Redressal Commission,Behind Bus Stand (Old Bus Depot No.1 Complex)Pandri,RAIPUR - 492 004
Delhi- State Consumer Disputes Redressal Commission A-Block, First Floor, Vikas Bhavan, I.P. Estate, New Delhi-110002
Goa- Goa State Consumer Disputes Redressal Commission, 1st lift, 4th floor, Junta House, Panaji Goa- 403001
Gujarat- Consumer Disputes Redressal Commission, 'Grahak Bhavan' Nr. Gota Cross Road, S.G. Highway, Ahmedabad -380 060
Haryana- Bays No. 3 - 6, Sector – 4, Panchkula – 134 109 (Haryana)
Himachal Pradesh- S. D. A. Complex, Block No. 33, Shimla -171009
Jammu & Kashmir- 3, Manda Hill, Rehari, Jammu Tawi, Jammu & Kashmir
Jharkhand- State Consumer Disputes Redressal Commission, Near High Court, Doranda Bazar, Doranda, RANCHI – 834 002.
Karnataka- Basava Bhavana, High Grounds,Bengaluru-560001
Kerala - State Consumer Disputes Redressal Commission Kerala, isuvihar Lane, Vazhuthacaud, Thiruvananthapuram-695010.
Madhya Pradesh- M.P.State Consumer Disputes Redressal Commission Plot no.76, Arera Hills, Bhopal PIN-462011
Maharashtra- Head Office - Old Secretariat Building, Ground Floor,   Near Jahagir Art Gallery M. G. Road, Behind Elphiston College, Mumbai – 400 032
Manipur- Old Assembly Complex, Imphal, West District, Manipur - 795 001
Meghalaya- Commission Meghalaya, Horse Shoe Building, Lower Luchumiere, Shillong. District: East Khasi Hills - 793001
Mizoram-  room no. 228, second floor, building no. 2. Mizoram secretariat, New capital complex (MINECO) khatla, Aizawl, Mizoram
Nagaland- Nagaland State Consumer Disputes Redressal Commission,Directorate of Legal Metrology & Consumer Protection
Odisha- Cuttack, C.D.A sector, 1, near sati Choura chowk, bidanasi, Cuttack-753014
Punjab- Plot No. 1037, Sector – 37A,Chandigarh – 160 036
Rajasthan- handloom haveli, Ashok marg, c- scheme , jaipur -302001
Sikkim- ATTI Building,Kazi Road,Gangtok,East Sikkim
Tamil Nadu- Chennai , TNPSC road, park town Chennai -600 003
Telangana- Eruvaka Building, Khairatabad, Hyderabad – 500 004.
Tripura- P. N. Complex, Gurkhabasti, Agartala West Tripura, - 799006
Uttar Pradesh- C – 1, Vikrant Block – 1, Near Shaheed Path, Gomati Nagar, - 226 010
Uttarakhand- 23/16, Circular Road,Dalanwala, Dehradun- 248 001
West Bengal- Ground Floor,11A, Mirza Ghalib Street,Kolkata - 700087”

—",General
33,“What are the other remedies available for consumers for harm caused to them?”,"“In addition to filing a complaint before the Consumer Commission, consumers have the option to seek remedies through sectoral regulators. Depending on the sector, consumers can approach the following bodies:
Airlines: Director General of Civil Aviation’s Air Sewa Portal (https://airsewa.gov.in/grievance/grievance-redressal)
Banking: RBI Banking Ombudsman (https://rbi.org.in/Scripts/Complaints.aspx)
Broadband & Internet: Telecom Consumer Complaints Monitoring System (TCCMS) (https://tccms.trai.gov.in/Queries.aspx?cid=1)
Bureau of Indian Standards (BIS): For complaints related to standards of products.
Drugs and Cosmetics: Drug Controller General of India (https://cdsco.gov.in/opencms/opencms/en/About-us/who/)
DTH & Cable Services: Email to ibf@ibfindia.com for general issues and ibf@ibfindia.com for content issues.
Electricity Services: Each state has its regulatory authority. For a list of these, visit https://jercjkl.nic.in/otherjercandserc.html
Financial Services: RBI Banking Ombudsman (https://rbi.org.in/Scripts/Complaints.aspx)
Food and PDS Schemes: https://www.fssai.gov.in/cms/grievance.php
Grievances Against Misleading Advertisements (GAMA): Register a complaint along with a copy/video/audio of the advertisement through the web portal of the Government of India at http://gama.gov.in
Insurance: Use the Bima Bharosa system on the IRDAI Portal (https://bimabharosa.irdai.gov.in/) for registering and monitoring complaints. Email complaints can be sent to complaints@irdai.gov.in. Toll-Free No.: 155255 or 1800 4254 732.
Legal Metrology: Lodge a complaint with the District Legal Metrology Officer or the Commissioner of the respective states. For more information, visit http://consumeraffairs.nic.in/forms/contentpage.aspx?lid=639
Non-Banking Financial Companies (NBFCs): RBI Banking Ombudsman (https://rbi.org.in/Scripts/Complaints.aspx)
Pension Funds: Central Pension Accounting Office (https://cpao.nic.in/grievance_sql/Grievance_form_all.php)
Telecom: Telecom Consumer Complaints Monitoring System (TCCMS) (https://tccms.trai.gov.in/Queries.aspx?cid=1)
Consumers can explore these avenues to seek redressal for grievances related to specific sectors.”
—",General
34,“Can I file a consumer complaint using my phone?”,"“Yes, you can file a consumer complaint online using your phone. One way to do this is by using the UMANG App, which is the National Consumer Helpline’s (NCH) application. Here's how you can file a complaint using the UMANG App:
Download UMANG App: Visit the Google Play Store or the Apple App Store and download the UMANG App.
Log In or Sign Up: Log in if you already have an account, or sign up for a new one.
Search for National Consumer Helpline: In the All Services section of the app, search for the National Consumer Helpline.
Register Grievance: Press the Register Grievance button.
Provide Details: Provide information such as the state and city where the product was purchased, the industry, the firm name, and a description of the grievance.
Submit Complaint: Submit your complaint through the app.
Please note that the process may vary slightly based on the specific features and interface of the UMANG App.”
—",General
35,“What is the pecuniary Jurisdiction of the Consumer commissions in India ?”,"“The pecuniary jurisdiction of each level of the Consumer Commissions in India varies according to the total value of good or services along with the value of the claimed compensation:
District Consumer Disputes Redressal Commission (DCDRC): Handles cases where the total value claimed (i.e. total value of goods or services + value of compensation claimed) does not exceed fifty lakh rupees (₹50,00,000).
State Consumer Disputes Redressal Commission (SCDRC): Handles cases where the total value claimed exceeds fifty lakh rupees (₹50,00,000), but does not exceed two crore rupees (₹2,00,00,000).
National Consumer Disputes Redressal Commission (NCDRC): Handles cases where the value of the goods or services along with the compensation claimed exceeds two crore rupees (₹2,00,00,000).
These jurisdictional thresholds ensure that consumer grievances are addressed efficiently at the appropriate level.” 
—",General
36,“ Where can a consumer case be filed ?”,"“ A complaint must be filed in the District Consumer Disputes Redressal Commission (DCDRC) within whose local limits of jurisdiction one of the following applies:
The place of business or residence of the opposite party
The place of business or residence of the complainant
Where the cause of action, wholly or partially, arises”
—",General
37,“ ​​Who can make a complaint?”,"“A complaint can be made by various parties under the Consumer Protection Act. These include:
A Consumer: Any individual who has purchased goods or services for personal use.
Registered Voluntary Consumer Associations: Any consumer association registered under existing laws.
Central or State Government: Both levels of government can file complaints on behalf of consumers.
The Central Authority: The Central Consumer Protection Authority can initiate complaints to protect consumer rights.
Multiple Consumers (Class Action): Groups of consumers with the same interest can file a complaint collectively, with the permission of the consumer commission.
Legal Heirs or Representatives: In case of a consumer's death, their legal heir or representative can file a complaint.
Parents or Legal Guardians: For a minor consumer, their parent or legal guardian can file a complaint.
These provisions ensure that consumer grievances can be addressed effectively by allowing various representatives to seek redressal.”
—",General
38,“What is the procedure to file a complaint before the consumer commission?”,"“To file a complaint before the Consumer Commission, follow these steps:
Writing the Complaint:
The complaint should be in writing and contain all relevant details.
Specify the aggrieved consumer's details, the service provider or manufacturer's details, and the facts of the matter.
Clearly state the remedy sought.
Filing the Complaint:
Complaints can be filed in person or through an agent.
They can also be sent by registered post along with the required court fee.
Complaints can be filed online at the eJagriti portal: https://ejagriti.gov.in/.
Submission of Copies:
Normally, three copies of the complaint are required.
One copy is retained for official purposes, one is forwarded to the opposite party, and one is for the complainant.
If there are multiple opposite parties, more copies may be required.
Contents of the Complaint:
The complaint must contain all necessary details of the aggrieved consumer, the service provider, or manufacturer.
Include contact details, place of business, relevant facts of the matter, and the remedy sought.
Attach an affidavit signed and verified by the complainant.
Attach all other relevant documents, such as bill details, mode of payment, and guarantee or warranty cards.”
—",General
39,“What is the procedure to file a complaint in the eJagriti platform?”,"“ Following these steps will ensure that your complaint is filed correctly on the eJagriti platform.

Create an Account: If you don't have an account, register on the eJagriti portal at https://e-jagriti.gov.in/register.
Provide your Phone Number, Name, and a password for your eJagriti account. Confirm your password by entering it in the corresponding box, and then click ‘Role. Select ‘Consumer/Authorised Representative’. If you do not possess an Indian address and phone number, click on the ‘NRI’ check box at the top of the form.
Verify Phone Number/Email: Verify your phone number/email address by copying the six digit code sent to your registered email or phone number.
Verify Address: If you are not NRI, the portal will ask you for an address and ask you to upload an address proof. Please write down your address, select and upload a scanned copy of any government authorised address proof. 
Login: Use your credentials to log in to the portal.
Start New Case: Click on 'File a New Case' from the Filing dropdown menu and select 'Consumer Complaint'. Then click on the ‘NEXT’ button.
Enter Case Details in the respective boxes:
Paid as Consideration: the amount you have paid for a product or service
Claim Consideration: the amount you wish to claim as relief
Date of Cause of Action: enter the date where the issue first occurred or when it was first noticed
State of Cause of Action: enter the state where you wish to file the complaint
District of Cause of Action: enter the District where you wish to file the complaint
Case category: select the most appropriate category for your complaint
Click on the ‘NEXT’ button at the bottom
Enter Complainant and Opposite Party details in the respective boxes
Complainant details: enter the complainant name, and if you are not the complainant enter your relation to them and your name as the ‘Relative Name’
Enter the complainant mobile number and email address. Select if you/they fall under Senior citizen, widow, differently abled, or serious ailment categories
Enter address of the complainant
Enter the details of any advocate or legal representative whose services you are using, in case you have an advocate for this complaint
Enter the details of the Opposite part, similar to details of the complainant, including Address and Name of the business
Select the accurate State, and District for the address of the Opposite Party, and you may add any additional addresses as well
Select ‘NEXT’ option at the bottom of the form
Add details of any additional complainant parties in the “ADD ADDITIONAL COMPLAINANT” option. Clicking this option will drop down a fresh set of boxes for you to fill information. You may add as many additional complainants as necessary. If your complaint involves a ‘pro-forma’ complainant you may add their details here, under the “ADD PROFORMA COMPLAINANT DETAILS” option. Click ‘NEXT’ button at the bottom of the page once completed.
Add details of any additional Opposite Parties parties in the “ADD ADDITIONAL OPPOSITE PARTY” option. Clicking this option will drop down a fresh set of boxes for you to fill information. You may add as many additional complainants as necessary. If your complaint involves a ‘pro-forma’ complainant you may add their details here, under the “ADD PROFORMA OPPOSITE PARTY DETAILS” option. Click ‘NEXT’ button at the bottom of the page once completed.
Upload the required documents for filing your complaint. This includes the following documents:
Index: this is an index of all submitted documents
Proforma for filing consumer complaint: this is a copy of your filled our consumer complaint
Synopsis with List of Dates and Events: a summary of the facts of your complaint with a list of key dates relevant to the events of the complaint
Memo of Parties: a formatted document listing the parties involved in the complaint.
Consumer Complaint with Notarised Affidavit: a copy of your complaint, along with an affidavit attached, provided the affidavit has been authorised by a notary
Upload any other documents under the ‘ADD ANNEXURES / DOCUMENTS’ option
IA Documents: if you have any documents relating to an interim application (IA) you can upload them here.
Vakalatnama: upload a copy of the Vakalatnama hin this box. The Vakalatnama is a document where you have authorised your lawyer or legal representative to appear on your behalf for the matter
Select ‘NEXT’ option at the bottom of the screen
‘Your Case will be filed in District Commission’: select which District Commission you would like your complaint to be filed.
Before you do this, you may go back to the previous screens by clicking ‘PREVIOUS’ button on the bottom left of the page, and you may re-check all your documents to check that they are as required to you and for the Consumer Commission. If you do re-check the documents, you may once again reach this page as described in previous steps.
Click the box which says ‘I hereby declare that the information provided is true and correct’. Select ‘PREVIEW’ option at the bottom right of the page.
The page will show you the details and information included in your complaint. Check whether the details are all accurate and included as required. Once you are satisfied, you may click the ‘FINAL SUBMIT’ button at the bottom of the page.
You may now access the status of whether your complaint has been accepted by the Consumer Dispute Redressal Commission. You may do this by clicking on the ‘Pending’ button on the eJagriti dashboard page (https://e-jagriti.gov.in/consumer/dashboard)

—",General
40,“Can a consumer complaint be resolved through mediation?”,"“Yes, a consumer complaint can be resolved through mediation. The relevant consumer commission, either at the first hearing after admission or later stages, may refer the complaint to mediation with the written consent of the parties if they believe there is potential for settlement. Parties can also opt for mediation at any stage of the complaint. If the dispute remains unresolved through mediation, the consumer commission will proceed to hear the case. Successful mediation results in a written agreement of the terms, while partial settlements are recorded, and the remaining issues are heard by the Commission. If mediation is unsuccessful, the Commission will pass an appropriate order within seven days of receiving the settlement report. There is no fee required for mediation. No appeal is permissible after the settlement of a dispute through mediation.”",General
41,“ What are the contents of a consumer complaint particulars should be furnished in the complaint?”,"“ Contents of a consumer complaint:
Cause-title
Name, description, and address of the complainant
Name, description, and address of the opposite party or parties
Facts relating to the complaint and where and when it arose
Copies of written complaints and notices sent to the service provider
Explanation of how the opposite parties are liable and why they are answerable or accountable
Documents supporting allegations, with a list of these documents signed by the complainant
Specification of how the case falls within the jurisdiction of the tribunal
 Relief or remedy claimed by the complainant

Following is a illustrative draft for a consumer complaint, in LaTex format:

“

BEFORE THE DISTRICT CONSUMER DISPUTES REDRESSAL 
COMMISSION AT _________

CONSUMER COMPLAINT NO.     /20	  

IN THE MATTER OF: 

<Title and name of first complainant>,
<Address of first complainant>

<Title and name of second complainant>
<Address of second complainant>

<Title and name of third complainant and so on>
<Address of third complainant>
… COMPLAINANT
AND

<Title and name of first opposite party>,
<Address of first opposite party>

<Title and name of second opposite party>,
<Address of second opposite party>

<Title and name of third opposite party and so on>,
<Address of third opposite party and so on>

… OPPOSITE PARTIES

COMPLAINT UNDER SECTION 35 of THE CONSUMER PROTECTION ACT, 2019 RESPECTFULLY SHOWETH:

The address of the Complainant for the purpose of service of summons, notice etc is as shown in the cause title above and that of his counsel 

The address of the Opponents for the very purpose is the same as shown in the cause title above.

FACTS OF COMPLAINT: <Include facts about the complainant and the reason for the complaint and the other facts provided by the complainant. Include facts about the actions of the opposite party as presented by the complainant. Include the relief prayed for by the complainant. Keep each unique aspect of the complaint in one paragraph. The complaint may take anywhere from 4-12 paragraphs.>

TRANSACTION: <Should describe the transaction complained of i.e. particulars and details of goods/services availed, items of goods / kind and nature of service; date of purchase of goods/availing of service' amount paid as price/ consideration, full or in part towards the goods/service' Photocopies of the bill/cash memo/voucher or receipt should be attached and properly marked as Annexure- A, B, C, and so forth or 1, 2, 3 and so forth.>

CAUSE OF ACTION: The cause of action arose on <inlcude date of incident provided by the complainant/user> when <include incident giving rise to complaint> 
<Should explain the grievance, i.e. whether the loss of damage has been caused by some unfair trade practice or restrictive trade practice adopted by any trader or there is some defect in the goods or there has been deficiency in service or the trader has charged excessive price for the goods. Should elucidate the nature of deficiency or unfair trade practice adopted by the trader, i.e. relating to the quality of goods/services: sponsorship; warranty or guarantee for such period promised.>

RELIEF CLAIMED: <The nature and amount of relief claimed must be specified, and any specific performance from any party should be specified. Can include removal of defects in goods or deficiency in service; replacement with new goods; return of the price or charges or compensation on account of financial loss or injury>

JURISDICTION: <Mention the jurisdiction under which the complaint lies, according to: (i) the value of the claim (upto fifty lakh for DCDRC, upto two crore for SCDRC, rest to NCDRC),  and the geographic location of the cause of action or the opposite party.>

LIMITATION: That the present complaint is being filed within the period of limitation prescribed under section 69 of the Consumer Protection Act, 2019.

COURT FEE: As per Rule 7 of Consumer Protection (Consumer Dispute Redressal Commission) Rules 2020, the requisite court fee has been paid.

EVIDENCE:
<Should give details of documents and/or witnesses relied on to substantiate the case. The documents should be attached as Annexures. Incorporated in a list of evidence. List of witnesses (if any) may be filed similarly>
1. <mention a brief description of the first item of complainant evidence>
2. <mention a brief description of the second item of complainant party evidence>
3. <mention a brief description of the third item of complainant evidence, and so on>

PRAYER:
In the circumstances stated above, the Complainant prays that the Hon'ble Commission may be pleased to:
<mention a numbered list of all reliefs prayed for by the complainant.>


Complainant


PLACE:                                                                                                                         Signature
DATED:


VERIFICATION:
Herein I, <name and title of complainant>, the complainant above named, do hereby state on the solemn affirmation that the contents of the above paragraphs are read over and explained to me in my vernacular. The same are found to be true and correct to the best of my knowledge, belief, and information.

Name & signature of the complainant


”
—",General
42,“Does a consumer need an advocate to represent their case before a commission?,"“Consumers do not need an advocate to represent their case in the Consumer Commission. These commissions are designed to provide simple and speedy justice, free from the complexities of regular court procedures. The process is informal and does not require the involvement of an advocate or pleader. Consumers can file and represent their complaint themselves or through a representative.”
—",General
43,“What is the time limit for filing the complaint?”,"“The time limit for filing a complaint is two years from the date the cause of action arises, as per Section 35 of the Act. This period starts from the day the deficiency in service or defect in goods is detected. It's also referred to as the limitation period. However, the law allows consumers to file complaints even after this period if the District Consumer Disputes Redressal Commission (DCDRC) deems the reasons for the delay genuine and valid.” 
_",General
44,“How to make the payment of the Court fee?”,"“The court fee for every complaint filed before the District Consumer Disputes Redressal Commission (DCDRC), State Consumer Disputes Redressal Commission (SCDRC), or National Consumer Disputes Redressal Commission (NCDRC) must be accompanied by a fee specified. This fee should be in the form of a crossed Demand Draft drawn on a nationalized bank or through a crossed Indian Postal Order drawn in favor of the Registrar of the respective Commission. The payment should be payable at the place where the Commission is situated. The concerned District Consumer Disputes Redressal Commission (DCDRC) shall deposit the received amount.”
_",General
45,“ What reliefs or remedies are provided by the consumer commission?”,"“Consumer commissions can provide the following reliefs and remedies under the Consumer Protection Act, 2019:
Compensation: Grant compensation to consumers for harm caused by product liability issues.
Directive to Manufacturers, Service Providers, and Sellers: Issue directives to:
Remove defects from goods.
Replace goods.
Refund the price paid along with any interest.
Remove defects or deficiencies in services.
Award compensation for loss or injury.
Discontinue and not repeat unfair trade practices or restrictive trade practices.
Withdraw hazardous goods from being offered for sale.
Cease manufacture of hazardous goods and desist from offering hazardous services.
Pay a sum determined by the Commission for loss or injury suffered by a large number of consumers.
Issue corrective advertisement to neutralize the effect of misleading advertisement.
Provide adequate costs to parties.
These reliefs and remedies are aimed at protecting and compensating consumers for any harm caused by products or services.”
—",General
46,“What are the details of fees to be paid while filing a complaint with the consumer commissions?”,"“Yes, there is a fee for filing a complaint with the Consumer Commissions. The fee must be paid in the form of a crossed Demand Draft drawn on a nationalised bank or through a crossed Indian Postal Order drawn in favour of the Registrar of the relevant Commission and payable at the respective location where the Commission is situated. The payment may otherwise be through electronic mode as arranged by the specific Commission concerned.

The fee amount varies based on the value of goods or services paid as consideration, as specified in the table below:
District Consumer Disputes Redressal Commission (DCDRC):
Up to ₹5 Lakh: No Fee
Above ₹5 Lakh – Up to ₹10 Lakh: ₹200
Above ₹10 lakh – Up to ₹20 Lakh: ₹400
Above ₹20 Lakh – Up to ₹50 Lakh: ₹1000
State Consumer Disputes Redressal Commission (SCDRC): 
Above ₹50 Lakh – Up to ₹1 Crore: ₹2000
Above ₹1 Crore – Up to ₹2 Crore: ₹2500 
National Consumer Disputes Redressal Commission (NCDRC): 
Above ₹2 Crore – Up to ₹4 Crore: ₹3000 
Above ₹4 Crore – Up to ₹6 Crore: ₹4000 
Above ₹6 Crore – Up to ₹8 Crore: ₹5000 
Above ₹8 Crore – Up to ₹10 Crore: ₹6000
Above ₹10 Crore: ₹7500
The fee should be payable at the respective place where the District Consumer Disputes Redressal Commission (DCDRC), State Consumer Disputes Redressal Commission (SCDRC), or the National Consumer Disputes Redressal Commission (NCDRC) is situated, or through electronic mode as per the arrangement made by the concerned Commission.”
—",General
47,“What if the consumer is not satisfied with the order of the Consumer commission?”,"“If a consumer is dissatisfied with the order of a Consumer Commission:
They can prefer an appeal within 30 days from the date of the order.
The appeal against the order of the District Consumer Disputes Redressal Commission (DCDRC) can be made before the State Consumer Disputes Redressal Commission (SCDRC).
The appeal against the order of the State Consumer Disputes Redressal Commission (SCDRC) can be made before the National Consumer Disputes Redressal Commission (NCDRC).
The appeal against the order of the National Consumer Disputes Redressal Commission (NCDRC) can be made before the Supreme Court.” 
—",General
48,“ Is there any change in the amount to be deposited for filing an appeal?”,"For appeals before the State Consumer Disputes Redressal Commission (SCDRC) and National Consumer Disputes Redressal Commission (NCDRC), 50% of the total award amount passed by the lower commission needs to be deposited.” 
—",General
49,“What documents are required while filing a complaint in a consumer commission?”,"“Index: A list of all the documents attached, paginated and indexed.
List of Dates: A chronological list of events relevant to the complaint.
Memorandum of the Parties: Details of the complainant and the opposite party, including complete address and contact details.
Complaint with Notarized Affidavit: The complaint along with a notarized attested affidavit.
Requisite Fee: Payment proof of the fee required for filing the complaint.
Supporting Documents and Evidences: Receipts, vouchers, or any other evidence supporting the complaint. These documents should be attested as a True Copy on the last page with name and signature.
Application for Condonation of Delay: If there is a delay of more than 2 years from the cause of action, an application for the condonation of delay with a notarized and attested affidavit should be filed.
Ensure that all documents are uploaded in the specified format and meet the requirements of the eJagriti portal for smooth processing of the complaint.”
_",General
50,“ How long does it take for a consumer case to be heard by a judge in a consumer commission?”,"“ The timeline for a consumer case to be heard by a judge in consumer commission varies. While the Consumer Protection Act, 2019 aims for resolution within three months, the actual duration can range from three months to over a year due to case complexities.” 
—",General
51,“ What is the procedure for filing an appeal before the State Consumer Disputes Redressal Commission (SCDRC)?,"The Appellant or his authorized agent is required to file a Memorandum that is to be sent through registered post for acknowledgment to the State Consumer Disputes Redressal Commission (SCDRC). This memorandum must be typed in a legible manner with distinct heads, grounds of appeal without any argument or narrative. Such memorandums are to be accompanied by certified copy of the District Consumer Disputes Redressal Commission (DCDRC) order and the documents of a supportive nature to the appeal. Along with it, the appellant is required to submit four copies of the memorandum to the State Consumer Disputes Redressal Commission (SCDRC).

The appellant can only be heard or urged to be heard in support of the appeals that are made to the State Consumer Disputes Redressal Commission (SCDRC). However, the State Consumer Disputes Redressal Commission (SCDRC) is not required to confine itself within the appeal that is made. 
—",General
52,"“What Rights are guaranteed under Consumer Protection Act, 2019 for consumers?”","“The Consumer Protection Act of 2019 ensures several fundamental rights for consumers. These rights are crucial pillars in safeguarding consumer interests and ensuring fair treatment in the marketplace. Here are the six rights guaranteed under the Act:

1. Right to Safety: Consumers have the right to expect that the products and services they purchase are safe for use or consumption. This right ensures protection from hazardous or substandard goods.

2. **Right to be Informed**: Consumers have the right to receive accurate and transparent information about the products and services they intend to purchase. This includes details regarding quality, quantity, price, ingredients, and any associated risks.

3. **Right to Choose**: Consumers have the freedom to select from a range of products and services offered by various providers. This right promotes competition in the market and empowers consumers to make informed decisions based on their preferences.

4. **Right to be Heard**: Consumers have the right to express their grievances and concerns regarding unsatisfactory products or services. This includes the opportunity to voice complaints, provide feedback, and seek resolution through accessible channels.

5. **Right to Seek Redressal**: Consumers have the right to seek appropriate remedies and compensation for any harm or inconvenience caused by defective products or deficient services. This right ensures access to fair and efficient dispute resolution mechanisms.

6. **Right to Consumer Awareness**: Consumers have the right to access information and resources that enhance their understanding of their rights and responsibilities in the marketplace. This includes education on consumer protection laws, awareness campaigns, and access to relevant support services.

These rights collectively empower consumers to make informed choices, demand accountability from businesses, and seek recourse in cases of unfair treatment or exploitation. By upholding these rights, the Consumer Protection Act aims to foster trust and confidence in the marketplace while promoting a fair and competitive economic environment.” 

—",General
53,“Can I be asked to waive the claim under the Act?”,"“ Waiving a claim under the Consumer Protection Act, 2019 (CPA 2019), may be deemed unfair as per the broad definition of unfair contracts outlined in the Act. Additionally, agreements that restrict legal proceedings, such as those preventing parties from enforcing their rights or limiting the time to do so, are void under the Indian Contract Act, 1872, and thus unenforceable. While the issue of waiving claims has not been tested in court, contractual language regarding such waivers should be carefully examined to avoid potential unenforceability under both the CPA 2019 and Indian contract law.” 

—",General
54,What is the time period within which the State Consumer Disputes Redressal Commission (SCDRC) needs to provide a decision for the appeal ?,"“The State Consumer Disputes Redressal Commission (SCDRC) must provide a decision for the appeal within 90 days from the date of admission. If the State Consumer Disputes Redressal Commission (SCDRC) decides to dispose of the case, adequate reasons for the decision must be provided in writing.”",General
364,“What are drugs and cosmetics?”,"“The term ‘drugs’ includes all medicines intended for internal or external use for or in the diagnosis, treatment, mitigation, or prevention of disease or disorder in human beings or animals. ‘Cosmetic’ means any article intended to be rubbed, poured, sprinkled or sprayed on or introduced into, or otherwise applied to, the human body or any part thereof for cleansing, beautifying, promoting attractiveness, or altering the appearance, and includes any article intended for use as a component of cosmetic. The pharmaceutical industry in India is a multi-billion dollar industry, set to grow exponentially. This indeed attracts the need to be stringently regulated because of the sheer nature of the product and its use.”",Drugs_and_Cosmetics
365,“How are drugs and cosmetics regulated in India?”,"“Drugs and cosmetics in India are regulated primarily under the Drugs and Cosmetics Act, 1940 and the Drugs and Cosmetics Rules, 1945. These laws govern the import, manufacture, distribution, and sale of drugs and cosmetics to ensure they are safe, effective, and of standard quality. The Act classifies drugs into different schedules and lays down specific standards and conditions for each category, including requirements for licensing, labeling, storage, and testing. It also empowers regulatory authorities—both at the central level (through the Central Drugs Standard Control Organisation or CDSCO) and at the state level (through State Drug Controllers)—to take enforcement actions against substandard, spurious, or adulterated products. The Rules supplement the Act by providing detailed procedures for approvals, inspections, and penalties. Together, these laws are intended to protect consumers from unsafe or misleading products and ensure access to quality medicines and cosmetics. ”",Drugs_and_Cosmetics
366,“What are the grounds for consumer complaints about drugs and cosmetics?”,"“
If drug or cosmetic is adulterated:
if it consists of any filthy or decomposed substance
if it is prepared, packed, or stored under insanitary conditions.
if the container is composed of any poisonous substance
if it contains any harmful or toxic substances.
if any substance is mixed so as to reduce its quality or strength.
if it bears any colour for the purpose of colouring only, a colour which is not prescribed
Overcharging
Selling of untested drugs/drugs of poor quality.
Overcharging of medical devices.
Refusal to sell drugs.
Shortage or non-availability of drugs.
Allergic reactions or harmful side effects not adequately disclosed.
False or exaggerated claims about product benefits.
Missing or unclear information on ingredients/ Insufficient usage instructions.
Claims about the product's effectiveness that are not substantiated.
Poor product quality or defects.
Selling products beyond their expiration date.
Lack of proper warnings for potential risks associated with product use- like drug-drug interactions which is a reaction between two (or more) drugs or between a drug and a food, beverage, or supplement or taking a drug while having certain medical conditions.
”",Drugs_and_Cosmetics
367,“What are the modes or methods of complaint available?”,"“
1. The first step is to approach the manufacturing company through their customer care to
register the grievance.
2. The consumer can also approach the drug controller of the concerned state in case of a banned
drug, side effects, adulteration- https://cdsco.gov.in/opencms/opencms/en/State-Drugs-Control/
State Drugs Helpdesk- ithelpdesk.statedrug@cdsco.nic.in
If not satisfied with the response, approach the Drug Controller General of India-
https://cdsco.gov.in/opencms/opencms/en/About-us/who/
3. Approaching any other appropriate judicial or quasi-judicial body:
The complainant is free to take the service provider to a court or any other suitable venue
(judicial or quasi-judicial). The proceedings in consumer commissions are not mired by the
niceties of procedure, allowing the complainant to file a complaint for himself. As a consumer,
the aggrieved party can take the service provider to the appropriate consumer commission, based
on the pecuniary and territorial jurisdiction. The jurisdictions of the various consumer
commissions are as follows-
a) District Commission: The aggrieved consumer can reach out to the District Commission under
section 34 of the CPA, 2019, which provides that the district commission shall entertain matters
where the value of the goods or services paid as consideration does not exceed 50 lakhs.
b) State Commission: In cases where the value of the goods or services paid as consideration is
more than 50 lakhs, but less than 2 crores, the consumer can approach the State Commission.
Moreover, in cases of unfair contracts, the State Commission has original jurisdiction and the
consumer can be directly approached. An appeal against the order of the District Commission
can also be made under section 47 of the CPA, 2019.
c) National Commission: The National Commission can entertain matters where the value of goods or services paid as consideration exceeds 2 crores. Section 58 also provides that complaints against unfair contracts can be entertained by NCDRC when the amount of value paid exceeds 10 crores. The NCDRC also has appellate jurisdiction against the orders of any State Commission and Central Authority. http://www.ncdrc.nic.in/districtlist.html. Moreover, it must also be kept in mind that section 100 of the CPA, 2019 provides that the remedy under CPA is in addition and not in derogation of other available remedies.
”",Drugs_and_Cosmetics
368,“When would complaints not be accepted?”,"“
Under the CDSCO and the Drugs and Cosmetics Act, 1940, complaints may not be accepted if they fall outside the regulatory scope defined by the Act. CDSCO primarily acts on violations such as adulteration (Section 17A), spurious drugs (Section 17B), misbranding (Section 17), sale of unlicensed or banned drugs (Section 18), or manufacture/sale that contravenes prescribed conditions (Section 18(a)(vi)). Complaints involving issues like overpricing, denial of refund, or poor customer service are not within CDSCO’s purview and are instead handled by consumer courts or the National Pharmaceutical Pricing Authority. Furthermore, complaints lacking key evidence, such as batch number, manufacturer details, proof of purchase, or a physical sample may be difficult to act upon, as laboratory testing and enforcement actions require traceable documentation. If a product has been consumed or discarded, making sample analysis impossible, or if there is no demonstrable regulatory violation, the CDSCO may be unable to proceed. Duplicate or misdirected complaints (e.g., those already filed in parallel with State Authorities, NPPA, or Consumer Forums) may also be rejected to avoid jurisdictional overlap.
”",Drugs_and_Cosmetics
369,“What are the regulatory bodies in this sector?”,"“
Central Drugs Standard Control Organization (CDSCO) Directorate General of Health Services, Ministry of Health and Family Welfare, Government of India regulate the approval of any drugs in India.
The National Pharmaceutical Pricing Authority is a government body that regulates the price of drugs in India.
Indian Pharmacopoeia Commission, enacted under the Drugs and Cosmetics Act, 1940 and Rules, 1945 thereunder, is an Autonomous Institution of the Ministry of Health and Family Welfare, Govt. of India, created to set standards of identity, purity and standard of drugs in the country.”",Drugs_and_Cosmetics
370,"“What are the rules, Acts, and Guidelines that govern this sector?”","“
The Drugs and Cosmetics Act, 1940 (As amended up to the 10th August, 2009 and thereafter by Jan Vishwas (Amendment) Act, 2023)
https://www.indiacode.nic.in/bitstream/123456789/15278/1/drug_cosmeticsa1940-23.pdf.
The Drugs and Cosmetics Rules, 1945 (As amended up to the 30th June, 2005)
https://cdsco.gov.in/opencms/export/sites/CDSCO_WEB/Pdf-documents/acts_rules/2016DrugsandCosmeticsAct1940Rules1945.pdf
New Drugs and Clinical Trials Rules, 2019
https://cdsco.gov.in/opencms/export/sites/CDSCO_WEB/Pdf-documents/NewDrugs_CTRules_2019.pdf
The Cosmetics Rules, 2020
https://cdsco.gov.in/opencms/opencms/en/Acts-and-rules/Cosmetics-Rules/
The Drugs and Magic Remedies (Objectionable Advertisements) Act, 1954
https://cghealth.nic.in/CFDA/Doc/Acts&Rules/Drugs%20and%20Magic%20Remedies%20(Objectionable%20Advertisement)%20Act,%201954.pdf
The Drug Price Control Order, 2013
https://www.nppaindia.nic.in/wp-content/uploads/2018/12/DPCO2013_03082016.pdf
Medical Devices Rules, 2017
https://cdsco.gov.in/opencms/resources/UploadCDSCOWeb/2022/m_device/Medical%20Devices%20Rules,%202017.pdf.
Essential Commodities Act, 1955
https://www.indiacode.nic.in/bitstream/123456789/7053/1/essential_commodities_act_1955.pdf.
Code of Medical Ethics, 2002 (as amended up to 8 October 2016)-
Section 1.5 Use of Generic names of drugs:
Every physician should, as far as possible, prescribe drugs with generic names and he / she shall ensure that there is a rational prescription and use of drugs.
https://www.nmc.org.in/rules-regulations/code-of-medical-ethics-regulations-2002/1000/#:~:text=Every%20physician%20should%2C%20as%20far,prescription%20and%20use%20of%20drugs
NPPA Guidelines updated pricing control mechanism in 2023–2024 https://www.nppaindia.nic.in/uploads/tender/8eaf235c53e88ec0a76cbac752d2e966.pdf
Draft 2022 rules on ePharmacies- https://cdsco.gov.in/opencms/opencms/system/modules/CDSCO.WEB/elements/download_file_division.jsp?num_id=MTkzOQ==
.. ”",Drugs_and_Cosmetics
371,“What are the landmark judgements in this sector?”,"“
Dinesh B. Patel v. State of Gujarat, Criminal Appeal/1464 of 2010/2010/SC
The dispute arose from the sale of medicines by M/s. Denis Chemical Lab. Ltd., which were later found to contain fungus. The legal issue focused on whether the manufacturer could be held liable under Section 34 of the Drugs and Cosmetics Act, which holds the entire company and associated individuals responsible for offenses committed by the company. The court, considering the severity of the allegations and the direct impact on public health, opted not to take a strictly technical view based solely on the complaint's pleadings. The court rejected the argument that specific averments about the active role of directors, as required in other legal contexts, should apply in this case. Emphasizing the unique language of Section 34(2) of the Act and the gravity of offenses affecting public health, the court upheld the High Court's order. The directors were granted the opportunity to demonstrate to the Trial Court that they were not involved in the manufacturing process and, therefore, should not be held liable under Section 34(2) of the Act. The appeal was dismissed with these observations.

Common Cause v. Drug Controller of India and Others, NCDRC, 1990
In the case of Common Cause v. Drug Controller of India and Others (1990), a complaint was made to the National Consumer Disputes Redressal Commission under Section 2(1)(f) of the Consumer Protection Act (defective goods) of the lack of adequate quality control in the manufacturing and bottling of intravenous fluids given to patients, leading to defects in the fluids. In this case, the defect was the presence of fungus due to the poor quality of the fluid itself and the inadequate cleaning and sealing of the bottle containing it. The Drug Controller was ordered by the Commission to constitute an expert committee to review the provisions of the existing legislation regulating quality control and make recommendations. The Committee made certain recommendations for protecting the public against the possibility of contamination of I. V. fluids. This case reiterates the fact that the rational drug policy must be accompanied by sustained campaign to enhance awareness of consumers. The literate and enlightened consumers have a greater role and responsibility for materialising the above objective as they can amplify the process of educating and enlightening the illiterate and ignorant consumers.

”",Drugs_and_Cosmetics
372,“What are the important links and resources?”,"“
INGRAM- https://consumerhelpline.gov.in/faq-details.php?fid=Drugs%20and%20Cosmetics
Consumer Guide, CDSCO- https://cdsco.gov.in/opencms/opencms/en/consumer/
Pharma Jan Samadhan scheme-
https://nppaipdms.gov.in/IMCS/hissso/loginLogin.imcs
https://pib.gov.in/newsite/PrintRelease.aspx?relid=116882.
Pharmacovigilance Programme of India (PvPI) mobile app for reporting adverse drug reactions- https://download.cnet.com/download/adr-pvpi/3000-2129_4-78643798.html
”",Drugs_and_Cosmetics
373,“What is generic medicine?”,"“According to WHO,   A generic drug is a pharmaceutical product, usually intended to be interchangeable with an innovator product that is manufactured without a license from the innovator company and marketed after the expiry date of the patent or other exclusive rights .  A generic drug is identical -- or bioequivalent -- to a brand name drug in dosage form, safety, strength, route of administration, quality, performance characteristics and intended use. Although generic drugs have the same active ingredient like their branded counterparts, they are typically sold at substantial discounts from the branded price.”",Drugs_and_Cosmetics
374,“What are branded generics?”,"“Once the patent period of a drug is over, any company can manufacture and market the drug without the permission of the innovator company , as long as it shows bioequivalence, that is, prove to the drug regulator that the copy releases the same amount of the active ingredient and is absorbed by the body in the same way as the original or innovator drug. Such a proven copy of a drug is called its generic version. All generics must now comply with revised Schedule M (2023), under WHO-GMP alignment.”",Drugs_and_Cosmetics
375,“What is the difference between branded generics and generic generics?”,"“The difference is in the name. One is sold under a brand name and the other is sold under a generic name. But both are generic drugs, that is their patent has expired. Generic drugs are sold by the non-proprietary name or generic name instead of a brand name. The international non-proprietory name (INN) is a unique name given to identify pharmaceutical substances or active pharmaceutical ingredients. INN is globally recognised and is public property unlike a brand name that belongs to a particular company. A nonproprietary name, also known as generic name, is the simplified name for a chemical product. Since it is impossible to remember the chemical name for most people, the INN for this is pioglitazone. So, this chemical can be sold by its INN or generic name, as Pioglitazone Hydrochloride, or it can be given a brand name (Pioglar from Ranbaxy , Pioz by USV , Pioped by Torrent) and sold as a branded generic.”",Drugs_and_Cosmetics
376,“Why are generic prescriptions preferred?”,"“Companies spend huge amounts of money on promoting their branded generics and that cost is added to the drug’s price, making them much more costly than generic named drugs. To bring down the cost of prescription drugs, most health systems opt for generic named drugs and ensure that the quality of generic drugs are maintained. Only generic names are used in medical and pharmacological textbooks. It is expected that the use of generic names will ensure production, sale, and dispensing of more rational, single ingredient drugs.”",Drugs_and_Cosmetics
377,“Why do doctors in India object to prescription using generic names?”,"“The Code of Medical Ethics, Section 1.5 states, “Every physician should, as far as possible, prescribe drugs with generic names and he / she shall ensure that there is a rational prescription and use of drugs.” However, doctors are often influenced by the marketing practices of pharmaceutical companies and believe that drugs being sold under trade names are of better quality. There are also genuine concerns about the quality of many of the branded generic drugs and the generic name drugs. With very high margins for retailers on generic drugs, both branded as well as generic name drugs, doctors fear that their generic prescriptions will be used by pharmacists to push the products of companies that give them the highest margins. Doctors fear that while they are directly held responsible to the patient for treatment, the pharmacists would not be held liable for dispensing poor quality drugs.”",Drugs_and_Cosmetics
378,“What is the status of generic prescriptions in developed countries?”,"“Since the economic crisis of 2008, most developed nations have taken several measures to push the prescription of generic drugs. In 2013, generics accounted for more than three-quarters of the volume of pharmaceuticals sold in the US, UK, Chile, Germany and New Zealand. Generics accounted for well over one quarter of the market in Italy , France and Japan. Prescribing in INN is permitted in two thirds of OECD countries and mandatory in France, Spain, Portugal and Estonia. Many developed countries have also fixed price caps for generic drugs, either by bulk procurement through tenders or by fixing it as a certain percentage of the brand-name's price. At present the worldwide generic drug sales is 92 billion US dollars which is going to reach 100 billion US dollars by 2026.”",Drugs_and_Cosmetics
379,“Are generic drugs as effective as brand-name drugs?”,"“Yes. A generic drug is the same as a brand-name drug in dosage, safety, strength, quality, the way it works, the way it is taken and the way it should be used.
Not every brand-name drug has a generic drug. When new drugs are first made they have drug patents. Most drug patents are protected for 20 years. The patent, which protects the company that made the drug first, doesn't allow anyone else to make and sell the drug. When the patent expires, other drug companies can start selling a generic version of the drug. But, first, they must test the drug and the  concerned authority must approve it.
Creating a drug costs lots of money. Since generic drug makers do not develop a drug from scratch, the costs to bring the drug to market are less; therefore, generic drugs are usually less expensive than brand-name drugs. But, generic drug makers must show that their product performs in the same way as the brand-name drug”",Drugs_and_Cosmetics
380,“What standards do generic drugs have to meet to be available for public consumption?”,"“Before marketing the drug, generic manufacturers need to obtain permission from relevant drug regulatory authorities.
First, any drug manufactured should follow good manufacturing practices guidelines as per Schedule M of Drugs and Cosmetics Act, 1940, the enforcement of which is the responsibility of drug regulators. The manufacturing units should obtain certification in this regard from drug regulators of the respective Country.
Second, there is a requirement for in-vitro dissolution and in-vivo bio-availability and bio-equivalence (BA-BE) testing of new brand (from generic manufacturer) which compares the release of active pharmaceutical ingredient (API) on certain dissolution and liberation characteristics and pharmacokinetic parameters (Cmax, Tmax, and area-under-the-curve) with those from reference standard. If dissolution and BA-BE of API is within acceptable range only then, the new brand is approved for marketing. This ensures that the quality of drugs marketed by generic manufacturers is as good as the one marketed by the innovators. In-vivo BA-BE studies are required only at the time of seeking approval for marketing and not after that while in-vitro studies can be performed anytime.
Health professionals and consumers can be assured that approved generic drugs have met the same rigid standards as the innovator drug. The requirements for generic drugs are-
contain the same active ingredients as the innovator drug(inactive ingredients may vary)
be identical in strength, dosage form, and route of administration
have the same use indications
be bioequivalent
meet the same batch requirements for identity, strength, purity, and quality
be manufactured under the same strict standards of FDA's good manufacturing practice regulations required for innovator products
”",Drugs_and_Cosmetics
381,“How are Generics similar to Brand-Name Drugs?”,"“The law requires a generic drug to meet standards that ensure it's the same basic product as the brand-name drug. That means the generic drug is safe and can be taken:
The same way as a brand-name drug
For the same reason as a brand-name drug
To approve a generic drug, it must be the same as the brand-name product in:
Active ingredient
Strength
Use and effect
How you take it (for example as a pill, inhaler, or liquid)
Ability to reach the required level in the bloodstream at the right time and to the same extent
Testing standards
”",Drugs_and_Cosmetics
382,“How Are Generics Different From Brand-Name Drugs?”,"“Some differences between generics and brand-name drugs are allowed. These may change the look of the drug. But they don’t affect how it works or its safety.
Generic drugs may differ in:
Shape
Color
Packaging
Labeling (minor differences)
Generic drugs are allowed to have different inactive ingredients than brand-name drugs. For example, they may have a different:
Flavoring
Preservative
The inactive ingredients in a generic, though, must be considered safe by the approving authority.
Generic drugs may also have a different expiration date than brand-name drugs. But even so, the generic must keep its effectiveness until its expiration date, just like a brand-name product.
”",Drugs_and_Cosmetics
383,“Why Are Generic Drugs Cheaper Than Brand-Name Drugs?”,"“You may be wondering how a generic drug can be sold at a much lower price than a brand-name drug. They are almost 30-80% cheaper.
The difference in price has to do with the different costs drug makers have in bringing generics and brand-name drugs to the pharmacy shelf.”",Drugs_and_Cosmetics
384,“What are the Indian laws and policy on generic drugs?”,"“The regulation of manufacture, sale and distribution of drugs is primarily the concern of state authorities while central authorities are responsible for approval of new drugs and clinical trials, laying down the standards for drugs, control over the quality of imported drugs, coordination of the activities of State Drug Control Organizations providing expert advice with a view of bring about the uniformity in the enforcement of the Drugs and Cosmetics Act.

Central Drugs Standard Control Organization (CDSCO) under the Ministry of Health and Family Welfare is the pivotal agency dealing with all drug related issues. This organization deals with all new drug approvals, review of new safety information regarding approved drugs, approval and safety review of fixed-dose combinations, medical devices, and implants. All endocrine and metabolic drugs are covered by these organizations and acts. Food supplements (including many herbal products) are regulated by separate laws since they are legally not considered drugs. However, on broader interpretation, dietary supplements could be considered as drugs as per Cadila Pharmaceuticals Ltd. v. State of Kerala (AIR 2002 Ker 357).
In 2008, the Government of India, through the Department of Pharmaceuticals, started a new initiative “Jan Aushadhi” (a Hindi word literally translated as “Medicine for People”). This program envisaged making unbranded quality medicines available to poor people in the country at a reasonable and affordable price through retail outlets’ setup with the help of the government. Under National Health Mission (NHM), support is provided for provision of essential generic drugs free of cost in public health facilities. The support is not only for drugs but also for various components necessary for effective implementation of Free Drug Service Initiative viz. strengthening/setting up robust systems of procurement, quality assurance, IT backed supply chain management systems like Drugs and Vaccines Distribution Management Systems (DVDMS) developed by CDAC, warehousing, prescription audit, grievance redressal, Information, Education and Communication (IEC) training.
”",Drugs_and_Cosmetics
385,“How did the government create a body to better regulate the pharmaceutical sector?”,"“In July 2008,the cabinet Secretariat, created a new department under Ministry of Chemicals and Fertilisers  the Department of Pharmaceuticals, with the objective of giving greater focus and thrust on the development of Pharmaceutical Sector in India and to regulate various complex issues related to pricing and availability of affordable medicines, research & development, protection of intellectual property rights and international commitments related to pharmaceutical sector which require integration of work with other ministries.
All the drugs and pharmaceuticals, unless specifically allotted to any other department, would come under the purview of the department of pharmaceuticals.

The main functions and responsibilities of the department are as follows,

All matters relating to NPPA including its functions of price control and monitoring.
Responsible for the drugs and pharmaceuticals, excluding those specifically allotted to other departments, and for the development of infrastructure, manpower and skills for the pharmaceutical sector
Work for the promotion and coordination of basic, applied and other research in areas related to the pharmaceutical sector and for international co-operation in pharmaceutical research.
Entrusted with the task of maintaining inter-sectoral coordination between organizations and institutes, both under Central and State Governments, related to areas concerning the subject.
To deal with all matters relating to planning, development, and control of, and assistance to, all industries in the pharmaceutical segment.
Promotion of Public Private Partnership (PPP) in pharmaceutical related areas.
”",Drugs_and_Cosmetics
386,“How do other ministries play a role in the regulation process?”,"“The Ministry of Environment and Forests, Ministry of Finance, Ministry of Commerce and Industry and the Ministry of Science and Technology also have a part to play in the regulation process. The process for drug approval requires the coordination of different departments, in addition to the DCGI, depending on whether the application in question is a biological drug or one based on recombinant DNA technology.

The Department of Industrial Policy and Promotion and Directorate General of Foreign Trade, both under the aegis of Ministry of Commerce and Industry and the Ministry of Chemicals and Fertilizers, look into matters related to industrial policy such as the regulation of patents, drug exports, and government support to the industry.

Licensing, quality control issues, market authorization is regulated by the Central Drug Controller, Ministry of Health and Family Welfare, Department of Biotechnology, Ministry of  Science and Technology (DST) and Department of Environment, Ministry of Environment and Forests.

State drug controllers have the authority to issue licenses for the manufacture of approved drugs and monitor quality control, along with the Central Drug Standards Control Organization (CDSCO).”",Drugs_and_Cosmetics
387,“How are pricing and tax policies made for drugs and pharmaceuticals? What are DPCO and NPPA and what role do they play in making policy for drugs and pharmaceuticals?”,"“Price control on medicines was first introduced in India in 1962 and has subsequently undergone evolution through the Drug Price Control Order (DPCO) issued under the Essential Commodities Act. As per the directive of NPPA, the criterion for price regulation is based on the nature of the drug in terms of whether it enjoys mass consumption and in terms of whether there is lack of adequate competition for the drug.
In 1978 selective price controls based on disease burden and prevalence were brought about by the Government. Thereafter, the list of prices under DPCO underwent a gradual decrease over a period of time. Around 80% of the market, with 342 drugs, was under price control in 1979. The number of drugs under DPCO decreased from 142 drugs in 1987 to 74 in 1995.
The major objective of DPCO 1995 was to decrease monopoly in any given market segment, further decrease the number of drugs under price control to 74 and the inclusion of products manufactured by small scale producers under price control list.

In 1997, the National Pharmaceutical Pricing Authority [NPPA] was constituted in order to administer DPCO and deal with issues related to price revision.
The NPPA also regulates the prices of bulk drugs or pharmaceutical actives. The MRP excise on medicines was levied by the Finance ministry in 2005 with the objective of increasing revenue and lowering prices of medicines by using fiscal deterrent on MRP. This change may have had some impact in terms of magnifying the advantage to industries located in the excise free zones.
Drugs with high sales and a market share of more than 50% are part of the price regulation exercise. These drugs are referred to as scheduled drugs. Historically the NPPA would intervene only if the annual price increases were more than 20%.
However, post-2007, the NPPA intervenes in cases where drugs have significant sales and where the annual price increases by 10%.

The National Pharmaceuticals Policy 2006, proposed various measures such as increasing the number of bulk drugs under regulation from 74 to 354, regulating trade margins and instituting a new framework for drug price negotiations so as to make drugs more affordable for the Indian masses, to name a few.

WHO has also published a Pricing Policy Guideline in 2020 to improve affordable access to medicines, which covers 10 pricing policy approaches. The guideline strongly recommends that countries promote the use of quality-assured generic and biosimilar medicines and the need for price transparency. WHO will continue to work with countries to develop sound pharmaceutical pricing policies, including by running training workshops with country stakeholders and enabling discussion and information sharing through the Fair Pricing Forum.

”",Drugs_and_Cosmetics
388,“What are the Good Manufacturing Practices and policies?”,"“World Health Organization GMP guidelines were instituted in 1975 in order to assist regulatory authorities in different countries to ensure consistency in quality, safety and efficacy standards while importing and exporting drugs and related products. India is one of the signatories to the certification scheme.
The WHO-GMP certification, which possesses two-year validity, may be granted both by CDSCO and state regulatory authorities after a thorough inspection of the manufacturing premises.
WHO defines Good manufacturing practice (GMP) as a system for ensuring that products are consistently produced and controlled according to quality standards. It is designed to minimize the risks involved in any pharmaceutical production be it manufacturing, packaging, testing, labeling, distributing and importing, that cannot be eliminated through testing the final product  drug or device or any formulation. The GMP protocols are largely concerned with parameters such as drug quality, safety, efficacy and potency.
India has made progress in the domain of GMP through the enforcement of Schedule M Compliance. The requirements specified under the upgraded Schedule M for GMP have become mandatory for pharmaceutical units in India from July 1, 2005. Schedule M classifies the various statutory requirements mandatory for drugs, medical devices and other categories of products as per the current Good Manufacturing Practices (cGMP). Schedule M contains various regulations for manufacturing, premises, waste disposal, and equipment.
Schedule M protocols have been revised to harmonize it along the lines of WHO and US-FDA protocols. These revised protocols include detailed specifications on infrastructure and premises, environmental safety and health measures, production and operation controls, quality control and assurance and stability and validation studies.
Schedule M compliance is the next thing, smaller pharmaceutical units may take longer to be compliant whereas large-scale firms have shown greater willingness to comply with the revised norms in order to increase their competitiveness in the global arena. According to state regulatory sources, units in states like Gujarat, Karnataka, Maharashtra and Andhra Pradesh have achieved a high percentage of Schedule M compliance in comparison to units in other states.
Export of drugs, devices, and formulations to developed countries from India requires that Regulators from these countries visit Indian manufacturers to carry out a thorough inspection of their manufacturing units before registering the concerned product.
A large number of domestic players are seeking international regulatory approvals from agencies like US-FDA, MHRA UK, TGA Australia and MCC South Africa in order to export their products, mostly generic medicines, in these markets. Indian drug makers have the largest number of FDA-approved plants outside the US and accounted for 39 per cent of all approvals for generic drugs during 2013.
The cost of production has been a leading source of India’s industry strength, as India is 60% cheaper than the U.S. and 50% cheaper than Europe in terms of drug production costs.”",Drugs_and_Cosmetics
389,“What are the policies and guidelines on medical devices and biotechnology in India?”,"“
Medical devices
In June 2007, the DCGI introduced a new set of guidelines for the import and manufacture of medical devices in the country. The Mashelkar Committee subsequently recommended the creation of a specific medical devices division within the CDSCO in order to address the management, approval, certification and quality assurance of all medical devices.
This essentially consisted in alteration of the status of sterile medical devices, intended for internal or external use to medical drugs and creation of suitable provisions and amendments to the Drugs and Cosmetics Act of 1940.
The Drugs Consultative Committee approved these recommendations in 2005, ensuring that in future all devices would be licensed for manufacture, distributed and sold by the CDSCO, with special evaluation committees in order to ensure that the concerned manufacturing units complied with the requisite GMP requirements.

National Medical Devices Policy, 2023
This policy envisions to keep the Indian medical devices sector on an accelerated growth path with a patient-centric approach to meet the evolving healthcare needs of patients by building an innovative and competitive industry in India.

Biotechnology and related products
The Department of Biotechnology [DBT] constituted under the Ministry of Science and Technology is the parent body for policy, promotion of R&D, international cooperation and manufacturing activities.
Together with DBT, Genetic Engineering and Approval Committee [GEAC] constituted under Ministry of Environment and Forests [MoEF] is the key regulatory body in Biotechnology in India. Several committees have also been constituted under the said ministries to regulate the activities involving handling, manufacture, storage, testing, and release of genetic modified materials in India.
The Institutional BioSafety Committee (IBSC), Review Committee on Genetic Manipulation (RCGM) and the Genetic Engineering Approval Committee (GEAC) to monitor rDNA research, product development and commercialization. The ISBC functions as the nodal point for interaction within the institution for the implementation of the rDNA Biosafety guidelines. The RCGM essentially monitors the safety related aspects of activities involving genetically engineering organisms or hazardous microorganisms.
The GEAC undertakes the responsibility of approval of activities involving large-scale use of genetically modified/hazardous microorganisms and products thereof in research and industrial production and their safety in terms of environmental protection. In addition, the DCGI and state drug controllers as per the Drugs and Cosmetics Act 1945 and its subsequent amendments regulate biologicals
”",Drugs_and_Cosmetics
390,“What is a drug?”,"“
All medicines for internal or external use of human beings or animals and all substances intended to be used for, or, in the diagnosis, treatment, mitigation or prevention of any disease or disorder in human beings or animals, including preparations applied on human body for the purpose of repelling insects like mosquitoes;
all medicines for internal or external use of human beings or animals and all substances intended to be used for, or, in the diagnosis, treatment, mitigation or prevention of any disease or disorder in human beings or animals, including preparations applied on human body for the purpose of repelling insects like mosquitoes;
all substances intended for use as components of a drug including empty gelatin capsules;
such devices intended for internal or external use in the diagnosis, treatment, mitigation or prevention of disease or disorder in human beings or animals
”",Drugs_and_Cosmetics
391,“What is a Cosmetic?”,"“A ‘Cosmetic’ means any article intended to be rubbed, poured, sprinkled or sprayed on, or introduced into, or otherwise applied to, the human body or any part thereof for cleansing, beautifying, promoting attractiveness, or altering the appearance, and includes any article intended for use as a component of cosmetic. As per Rule 3(r) of Cosmetics Rules, 2020, ""New cosmetic"" means a cosmetic which contains a novel ingredient which has not been used anywhere in the world or is not recognised for use in cosmetics in any National or International literature.
”",Drugs_and_Cosmetics
392,“Under which act is the import of cosmetics regulated?”,"“Import of cosmetics is regulated in India under the provisions of the Drugs & Cosmetic Act,1940 & Rules,1945. Chapter III of Cosmetics Rules, 2020 also governs such import. The import of cosmetics products into India is regulated through a registration system (online portal) by the Central Drugs Standard Control Organisation (CDSCO) to ensure the safety and quality of products placed on the market. Once a cosmetic product is successfully registered via the online portal (the “SUGAM” portal), an Import Registration Certificate will be issued by the Central Licensing Authority, under Rule 13 of the Cosmetics Rules 2020, for the product’s import into and use in India.”
—-",Drugs_and_Cosmetics
393,“What is the significance of the Act?”,"“The primary objective of the Act is to ensure that the drugs and cosmetics sold in India are safe, effective and conform to quality standards. The related Drugs and Cosmetics Rules, 1945 contains provisions for classification of drugs under given schedules and there are guidelines for the storage, sale, display and prescription of each schedule.”",Drugs_and_Cosmetics
394,“Which department regulates the approval of any drugs to be used in India?”,"“Central Drugs Standard Control Organization (CDSCO) Directorate General of Health Services, Ministry of Health and Family Welfare, Government of India. Central Authorities are responsible for approval of New Drugs, Clinical Trials, laying down the standards for Drugs, control over the quality of imported Drugs, coordination of the activities of State Drug Control Organizations. For more information, refer the following link:-  https://cdsco.gov.in/opencms/opencms/en/About-us/Functions/

Import of cosmetics in India is regulated to ensure quality of cosmetics being imported into India and safety of consumers using these cosmetics.”",Drugs_and_Cosmetics
395,“Where can a consumer register a grievance for the selling of medicines higher than the one printed?”,"“Complaints on prices as well as quality of medicines can be lodged with the Drugs Inspector of the District or the State Drug Controller:

https://cdsco.gov.in/opencms/opencms/en/State-Drugs-Control/
”",Drugs_and_Cosmetics
396,“How can a consumer get a product tested if he thinks it is fake or spurious?”,"“By submitting the product to the government analyst and following the prescribed process of the same:
https://cdsco.gov.in/opencms/opencms/en/About-us/Laboratories/”",Drugs_and_Cosmetics
397,“What is the role of NPPA?”,“The National Pharmaceutical Pricing Authority is a government body that regulates the  price of drugs in India.”,Drugs_and_Cosmetics
398,"“If any banned drug is being used in any state, where can the consumer register his grievance?”","“The consumer can register the grievance with the drug controller of the state and can also approach the Drug Controller General of India.

https://cdsco.gov.in/opencms/opencms/en/State-Drugs-Control/ ”",Drugs_and_Cosmetics
399,"“If a consumer uses a cosmetic product and faces irritation, then what he can do?”","“Consumer can register the grievance with the manufacturing company and with the drug controller of the concerned state and get the product checked by the government analyst. For more information, refer the following link:-
https://cdsco.gov.in/opencms/opencms/en/State-Drugs-Control/
”",Drugs_and_Cosmetics
400,"“If a consumer received adulterated or spurious drug, where he can complain?”","“Consumer can register the grievance with the manufacturing company and with the drug controller of that concerned state and get the product checked by the government analyst. For more information, refer the following link:-
https://cdsco.gov.in/opencms/opencms/en/State-Drugs-Control/ ”",Drugs_and_Cosmetics
